date,year,coach,opposition,tournament,test,h / a,aus irb,opp irb,irb difference,higher / lower,result,points scored ,points conceded,difference,1,2,3,4,5,6,7,8,9,10,11,12,13,14,15,16,17,18,19,20,21,22,23
20/07/2019,2019,,sa,rc,yes,a,6,5,-1,,l,17,35,-18,slipper,"fainga'a, f",kepu,rodda,"arnold, ro",salakaia-loto,"hooper, m",naisarani,white,foley,hodge,kerevi,kuridrani,haylet-petty,banks,uelese,johnson-holmes,tupou,simmons,dempsey,genia,to'omua,beale
27/07/2019,2019,,argentina,rc,yes,h,6,10,4,,w,16,10,6,sio,"fainga'a, f",kepu,rodda,"arnold, ro",salakaia-loto,"hooper, m",naisarani,genia,leali'ifano,koroibete,kerevi,kuridrani,hodge,beale,latu,slipper,tupou,simmons,"jones, l",white,to'omua,o'connor
10/08/2019,2019,,nz,rc,yes,h,6,1,-5,,w,47,26,21,sio,latu,alaalatoa,rodda,"arnold, ro",salakaia-loto,"hooper, m",naisarani,white,leali'ifano,koroibete,kerevi,o'connor,hodge,beale,"fainga'a, f",slipper,tupou,coleman,"jones, l",genia,to'omua,banks
17/08/2019,2019,,nz,rc,yes,a,6,1,-5,,l,0,36,-36,sio,latu,alaalatoa,rodda,coleman,salakaia-loto,"hooper, m",naisarani,white,leali'ifano,koroibete,kerevi,o'connor,hodge,beale,"fainga'a, f",slipper,tupou,simmons,wright,genia,to'omua,ashley-cooper
07/09/2019,2019,,samoa,friendly,yes,h,6,16,10,,w,34,15,19,slipper,uelese,kepu,simmons,coleman,salakaia-loto,pocock,dempsey,genia,foley,koroibete,to'omua,ashley-cooper,haylet-petty,banks,polota-nau,sio,tupou,"jones, l",wright,valetini,phipps,o'connor
21/09/2019,2019,,fiji,wc,yes,n,6,9,3,,w,39,21,18,sio,latu,alaalatoa,rodda,"arnold, ro",pocock,"hooper, m",naisarani,white,leali'ifano,koroibete,kerevi,o'connor,hodge,beale,uelese,slipper,kepu,coleman,salakaia-loto,genia,to'omua,haylet-petty
29/09/2019,2019,,wales,wc,yes,n,6,4,-2,,l,25,29,-4,sio,latu,alaalatoa,rodda,"arnold, ro",pocock,"hooper, m",naisarani,genia,foley,koroibete,kerevi,o'connor,ashley-cooper,haylet-petty,uelese,slipper,kepu,coleman,salakaia-loto,white,to'omua,beale
05/10/2019,2019,,uruguay,wc,yes,n,6,18,12,,w,45,10,35,slipper,"fainga'a, f",alaalatoa,simmons,coleman,dempsey,"hooper, m",salakaia-loto,white,leali'ifano,petaia,to'omua,kuridrani,haylet-petty,beale,uelese,kepu,tupou,"arnnold, ro",pocock,genia,kerevi,ashley-cooper
11/10/2019,2019,,georgia,wc,yes,n,6,14,8,,w,27,8,19,sio,latu,kepu,rodda,"arnold, ro",dempsey,pocock,naisarani,white,to'omua,koroibete,kerevi,o'connor,petaia,beale,uelese,slipper,tupou,simmons,salakaia-loto,genia,leali'ifano,haylet-petty
19/10/2019,2019,,england,wc,yes,n,6,3,-3,,l,16,40,-24,sio,latu,alaalatoa,rodda,"arnold, ro",pocock,"hooper, m",naisarani,genia,leali'ifano,koroibete,kerevi,petaia,hodge,beale,uelese,slipper,tupou,coleman,salakaia-loto,white,to'omua,o'connor
11/10/2020,2020,dr,nz,rc,yes,a,7,2,-5,,d,16,16,0,slipper,"fainga'a, f",tupou,salakaia-loto,philip,wilson,"hooper, m",samu,white,o'connor,koroibete,to'omua,paisami,daugunu,banks,uelese,sio,alaalatoa,simmons,valetini,"gordon, j",lolesio,hodge
18/10/2020,2020,dr,nz,rc,yes,a,5,2,-3,,l,7,27,-20,slipper,paenga-amosa,tupou,salakaia-loto,philip,hanigan,"hooper, m",wilson,white,o'connor,koroibete,to'omua,paisami,daugunu,banks,uelese,sio,alaalatoa,simmons,wright,"gordon, j",hodge,petaia
31/10/2020,2020,dr,nz,rc,yes,h,6,2,-4,,l,5,43,-38,slipper,paenga-amosa,alaalatoa,salakaia-loto,philip,hanigan,"hooper, m",wilson,white,lolesio,koroibete,simone,petaia,daugunu,haylet-petty,uelese,sio,tupou,simmons,mcreight,mcdermott,hodge,paisami
07/11/2020,2020,dr,nz,rc,yes,h,6,2,-4,,w,24,22,2,slipper,paenga-amosa,alaalatoa,simmons,philip,swinton,"hooper, m",wilson,white,hodge,koroibete,paisami,petaia,wright,banks,"fainga'a, f",bell,tupou,hanigan,wright,mcdermott,lolesio,daugunu
21/11/2020,2020,dr,argentina,rc,yes,h,6,8,2,,d,15,15,0,sio,paenga-amosa,tupou,simmons,philip,hanigan,"hooper, m",wilson,white,hodge,koroibete,paisami,petaia,wright,banks,"fainga'a, f",bell,alaalatoa,valetini,wright,"gordon, j",lolesio,daugunu
05/12/2020,2020,dr,argentina,rc,yes,h,6,8,2,,d,16,16,0,sio,paenga-amosa,alaalatoa,simmons,philip,hanigan,"hooper, m",wilson,white,o'connor,koroibete,paisami,petaia,wright,hodge,"fainga'a, f",bell,tupou,salakaia-loto,valetini,"gordon, j",simone,banks
07/07/2021,2021,dr,france,tour,yes,h,7,5,-2,,w,23,21,2,slipper,paenga-amosa,alaalatoa,philip,salakaia-loto,valetini,"hooper, m",wilson,"gordon, j",lolesio,koroibete,to'omua,paisami,wright,banks,lonergan,bell,tupou,swain,naisarani,mcdermott,ikitau,kellaway
13/07/2021,2021,dr,france,tour,yes,h,7,5,-2,,l,26,28,-2,slipper,paenga-amosa,tupou,philip,salakaia-loto,valetini,"hooper, m",wilson,"gordon, j",lolesio,koroibete,to'omua,paisami,wright,banks,lonergan,bell,alaalatoa,swain,naisarani,mcdermott,ikitau,kellaway
17/07/2021,2021,dr,france,tour,yes,h,5,6,1,,w,33,30,3,slipper,paenga-amosa,alaalatoa,swain,salakaia-loto,swinton,"hooper, m",naisarani,mcdermott,lolesio,koroibete,paisami,ikitau,daugunu,banks,uelese,bell,tupou,philip,valetini,"gordon, j",to'omua,hodge
07/08/2021,2021,dr,nz,rc,yes,a,6,2,-4,,l,25,33,-8,slipper,paenga-amosa,alaalatoa,swain,salakaia-loto,valetini,"hooper, m",wilson,mcdermott,lolesio,kellaway,paisami,ikitau,petaia,banks,uelese,bell,tupou,philip,mcreight,"gordon, j",to'omua,hodge
14/08/2021,2021,dr,nz,rc,yes,a,6,2,-4,,l,22,57,-35,slipper,paenga-amosa,alaalatoa,swain,philip,swinton,"hooper, m",valetini,mcdermott,lolesio,koroibete,to'omua,paisami,kellaway,banks,uelese,sio,tupou,salakaia-loto,wilson,white,hodge,ikitau
05/09/2021,2021,dr,nz,rc,yes,h,6,2,-4,,l,21,38,-17,slipper,"fainga'a, f",alaalatoa,swain,philip,swinton,"hooper, m",valetini,mcdermott,lolesio,koroibete,kerevi,ikitau,kellaway,banks,lonergan,bell,tupou,rodda,samu,white,hodge,petaia
12/09/2021,2021,dr,sa,rc,yes,h,7,1,-6,,w,28,26,2,bell,"fainga'a, f",alaalatoa,rodda,philip,swinton,"hooper, m",valetini,mcdermott,cooper,koroibete,kerevi,ikitau,kellaway,banks,kaitu'u,slipper,tupou,leota,samu,white,hodge,petaia
18/09/2021,2021,dr,sa,rc,yes,h,5,1,-4,,w,30,17,13,slipper,"fainga'a, f",tupou,rodda,philip,swinton,"hooper, m",valetini,white,cooper,koroibete,kerevi,ikitau,kellaway,banks,kaitu'u,bell,robertson,swain,samu,mcdermott,hodge,petaia
25/09/2021,2021,dr,argentina,rc,yes,h,3,7,4,,w,27,8,19,slipper,"fainga'a, f",tupou,rodda,philip,leota,"hooper, m",valetini,white,cooper,koroibete,kerevi,ikitau,kellaway,hodge,kaitu'u,bell,robertson,swain,samu,mcdermott,o'connor,petaia
02/11/2021,2021,dr,argentina,rc,yes,h,3,8,5,,w,32,17,15,slipper,"fainga'a, f",tupou,rodda,swain,samu,"hooper, m",valetini,white,cooper,kellaway,kerevi,ikitau,petaia,hodge,lonergan,bell,holmes,philip,mcmahon,"gordon, j",o'connor,wright
07/11/2021,2021,dr,scotland,tour,yes,a,3,7,4,,l,13,15,-2,slipper,"fainga'a, f",alaalatoa,"arnold, ro",rodda,leota,"hooper, m",valetini,white,o'connor,wright,paisami,ikitau,petaia,kellaway,mcinerney,bell,tupou,skelton,samu,mcdermott,beale,lolesio
13/11/2021,2021,dr,england,tour,yes,a,3,4,1,,l,15,32,-17,bell,"fainga'a, f",slipper,"arnold, ro",rodda,leota,"hooper, m",valetini,white,o'connor,wright,paisami,ikitau,kellaway,beale,latu,robertson,hoskins,skelton,samu,mcdermott,lolesio,perese
20/11/2021,2021,dr,wales,tour,yes,a,5,9,4,,l,28,29,-1,slipper,latu,tupou,"arnold, ro",rodda,leota,samu,valetini,white,o'connor,daugunu,paisami,ikitau,kellaway,beale,"fainga'a, f",bell,alaalatoa,skelton,swinton,mcdermott,foketi,wright
23/11/2021,2021,dr,japan,tour,yes,a,5,10,5,,w,32,23,9,slipper,"fainga'a, f",tupou,rodda,philip,leota,"hooper, m",valetini,white,cooper,kellaway,paisami,ikitau,wright,hodge,mcinerney,bell,alaalatoa,swain,samu,mcdermott,o'connor,petaia
02/07/2022,2022,dr,england,tour,yes,h,6,5,-1,,w,30,28,2,bell,porecki,alaalatoa,swain,neville,leota,"hooper, m",valetini,white,lolesio,koroibete,kerevi,ikitau,kellaway,banks,"fainga'a, f",sio,slipper,philip,samu,"gordon, j",lolesio,petaia
09/07/2022,2022,dr,england,tour,yes,h,5,6,1,,l,17,25,-8,bell,porecki,tupou,philip,neville,leota,"hooper, m",valetini,white,lolesio,koroibete,kerevi,paisami,wright,petaia,"fainga'a, f",sio,slipper,frost,samu,"gordon, j",o'connor,perese
16/07/2022,2022,dr,england,tour,yes,h,6,5,-1,,l,17,21,-4,slipper,porecki,tupou,frost,philip,wilson,"hooper, m",valetini,white,lolesio,koroibete,kerevi,paisami,wright,hodge,"fainga'a, f",bell,alaalatoa,leota,samu,mcdermott,ikitau,vunivalu
06/08/2022,2022,dr,argentina,rc,yes,a,6,9,3,,w,41,26,15,slipper,fainga'a,alaalatoa,swain,philip,holloway,mcreight,valetini,white,cooper,koroibete,paisami,ikitau,petaia,wright,lonergan,gibbon,tupou,frost,leota,samu,"gordon, j",hodge
13/08/2022,2022,dr,argentina,rc,yes,a,6,9,3,,l,17,48,-31,slipper,lonergan,tupou,"arnold, ro",swain,holloway,mcreight,valetini,white,o'connor,koroibete,foketi,ikitau,petaia,wright,pollard,gibbon,fa'amausili,frost,samu,mcdermott,simone,hodge
27/08/2022,2022,dr,sa,rc,yes,h,7,3,-4,,w,25,17,8,slipper,"fainga'a, f",alaalatoa,"arnold, ro",philip,holloway,mcreight,valetini,white,lolesio,koroibete,paisami,ikitau,wright,hodge,porecki,sio,tupou,swain,leota,samu,mcdermott,kellaway
03/09/2022,2022,dr,sa,rc,yes,a,6,3,-3,,l,8,24,-16,slipper,"fainga'a, f",alaalatoa,"arnold, ro",philip,holloway,mcreight,valetini,white,lolesio,koroibete,paisami,ikitau,wright,hodge,porecki,sio,tupou,swain,leota,samu,"gordon, j",kellaway
15/09/2022,2022,dr,nz,rc,yes,h,8,4,-4,,l,37,39,-2,slipper,porecki,alaalatoa,holloway,philip,leota,samu,valetini,"gordon, j",foley,koroibete,foketi,ikitau,wright,kellaway,"fainga'a, f",sio,fa'amausili,swain,mcreight,white,hodge,petaia
24/09/2022,2022,dr,nz,rc,yes,a,9,4,-5,,l,14,40,-26,slipper,porecki,alaalatoa,holloway,neville,valetini,samu,wilson,"gordon, j",foley,koroibete,foketi,ikitau,wright,kellaway,"fainga'a, f",bell,fa'amausili,frost,mcreight,white,hodge,petaia
30/10/2022,2022,dr,scotland,tour,yes,a,9,6,-3,,w,16,15,1,slipper,porecki,alaalatoa,frost,neville,holloway,"hooper, m",valetini,mcdermott,foley,wright,paisami,ikitau,kellaway,banks,"fainga'a, f",gibbon,tupou,hanigan,gleeson,white,lolesio,campbell
05/11/2022,2022,dr,france,tour,yes,a,6,2,-4,,l,29,30,-1,slipper,porecki,tupou,frost,neville,holloway,"hooper, m",valetini,white,foley,wright,foketi,ikitau,kellaway,campbell,"fainga'a, f",gibbon,robertson,skelton,samu,"gordon, j",paisami,hodge
12/11/2022,2022,dr,italy,tour,yes,a,7,12,5,,l,27,28,-1,gibbon,"fainga'a, f",alaalatoa,swain,skelton,hanigan,mcreight,samu,gordon,lolesio,wright,paisami,ikitau,nawaqanitawase,campbell,lonergan,robertson,tupou,"neville,",gleeson,mcdermott,donaldson,petaia
19/11/2022,2022,dr,ireland,tour,yes,a,8,1,-7,,l,10,13,-3,slipper,porecki,alaalatoa,frost,neville,holloway,"hooper, m",valetini,white,foley,wright,paisami,ikitau,nawaqanitawase,kellaway,"fainga'a, f",robertson,tupou,skelton,samu,"gordon, j",lolesio,petaia
26/11/2022,2022,dr,wales,tour,yes,a,8,9,1,,w,39,34,5,slipper,"fainga'a, f",alaalatoa,frost,neville,holloway,mcreight,gleeson,"gordon, j",donaldson,nawaqanitawase,hodge,ikitau,petaia,wright,lonergan,robertson,talakai,hanigan,samu,mcdermott,lolesio,campbell
08/07/2023,2023,ej,sa,rc,yes,a,7,4,-3,,l,12,43,-31,slipper,porecki,alaalatoa,frost,skelton,hooper,hooper,valetini,white,cooper,koroibete,hodge,ikitau,vunivalu,wright,uelese,gibbon,nonggorr,arnold,samu,mcdermott,kerevi,gordon
15/07/2023,2023,ej,argentina,rc,yes,h,7,8,1,,l,31,34,-3,slipper,porecki,alaalatoa,"arnold, richie",skelton,holloway,mcreight,valetini,white,cooper,koroibete,kerevi,ikitau,nawaqanitawase,wright,uelese,bell,fa'amausili,philip,leota,kemeny,mcdermott,gordon
29/07/2023,2023,ej,nz,rc,yes,h,8,3,-5,,l,7,38,-31,bell,porecki,alaalatoa,frost,skelton,holloway,hooper,valetini,mcdermott,gordon,koroibete,kerevi,petaia,nawaqanitawase,kellaway,uelese,slipper,tupou,"arnold, richie",leota,white,cooper,perese
05/08/2023,2023,ej,nz,rc,yes,a,8,2,-6,,l,20,23,-3,bell,porecki,fa'amausili,frost,"arnold, ri","hooper, t",mcreight,valetini,mcdermott,gordon,koroibete,kerevi,petaia,nawaqanitawase,kellaway,faessler,slipper,nonggorr,skelton,leota,white,cooper,perese
27/08/2023,2023,ej,france,friendly,yes,a,8,4,-4,,l,17,41,-24,bell,porecki,tupou,"arnold, ri",skelton,"hooper, t",mcreight,valetini,mcdermott,gordon,vunivalu,foketi,petaia,nawaqanitawase,kellaway,faessler,"schoupp, b",nonggorr,philip,leota,gleeson,fines-leleiwasa,donaldson
09/09/2023,2023,ej,georgia,wc,yes,n,9,11,2,,w,35,15,20,bell,porecki,tupou,"arnold, richie",skelton,hooper,mcreight,valetini,mcdermott,gordon,koroibete,kerevi,petaia,nawaqanitawase,donaldson,faessler,schoupp,nonggorr,leota,gleeson,white,foketi,vunivalu
17/09/2023,2023,ej,fiji,wc,yes,n,7,9,2,,l,15,22,-7,bell,porecki,slipper,frost,"arnold, richie",hooper,mcreight,valetini,white,gordon,koroibete,kerevi,petaia,nawaqanitawase,donaldson,uelese,schoupp,nonggorr,philip,leota,fines-leleiwasa,foketi,vunivalu
24/09/2023,2023,ej,wales,wc,yes,n,9,7,-2,,l,6,40,-34,bell,porecki,slipper,frost,"arnold, richie",leota,hooper,valetini,mcdermott,donaldson,koroibete,kerevi,petaia,nawaqanitawase,kellaway,faessler,schoupp,fa'amausili,philip,mcreight,white,gordon,vunivalu
01/10/2023,2023,ej,portugal,wc,yes,n,10,16,6,,w,34,14,20,bell,porecki,slipper,frost,"arnold, richie",hooper,mcreight,valetini,mcdermott,donaldson,koroibete,foketi,perese,nawaqanitawase,kellaway,faessler,schoupp,fa'amausili,leota,kemeny,fines-leleiwasa,kerevi,vunivalu
06/07/2024,2024,js,wales,tour,yes,h,9,10,1,,w,25,16,9,slipper,faessler,tupou,salakaia-loto,williams,wright,mcreight,valetini,gordon,lolesio,daugunu,paisami,flook,kellaway,wright,pollard,kailea,alaalatoa,blyth,cale,mcdermott,lynagh,pietsch
13/07/2024,2024,js,wales,tour,yes,h,8,11,3,,w,36,28,8,slipper,faessler,tupou,williams,salakaia-loto,valetini,mcreight,cale,gordon,lolesio,daugunu,paisami,flook,kellaway,wright,nasser,kailea,alaalatoa,blyth,gleeson,white,donaldson,pietsch
20/07/2024,2024,js,georgia,tour,yes,h,9,12,3,,w,40,29,11,kailea,pollard,alaalatoa,frost,blyth,valetini,mcreight,wilson,mcdermott,donaldson,lancaster,paisami,ikitau,dangunu,wright,nasser,hodgman,nonggorr,hooper,williams,white,lolesio,kellaway
10/08/2024,2024,js,sa,rc,yes,h,9,1,-8,,l,7,33,-26,kailea,faessler,alaalatoa,frost,salakaia-loto,valetini,tizzano,wilson,gordon,lolesio,dangunu,paisami,ikitau,kellaway,wright,nasser,slipper,nonggorr,williams,reimer,mcdermott,lynagh,pietsch
17/08/2024,2024,js,sa,rc,yes,h,9,1,-8,,l,12,30,-18,bell,nasser,alaalatoa,blyth,salakaia-loto,valetini,tizzano,wilson,white,lolesio,koroibete,paisami,ikitau,kellaway,wright,pollard,slipper,nonggorr,hooper,uru,mcdermott,donaldson,jorgensen
31/08/2024,2024,js,argentina,rc,yes,a,9,6,-3,,w,20,19,1,bell,faessler,tupou,frost,salakaia-loto,valetini,tizzano,wilson,gordon,lolesio,koroibete,stewart,ikitau,kellaway,wright,nasser,kailea,alaalatoa,williams,gleeson,mcdermott,donaldson,jorgensen
07/09/2024,2024,js,argentina,rc,yes,a,8,7,-1,,l,27,67,-40,bell,faessler,tupou,frost,williams,valetini,tizzano,wilson,gordon,donaldson,koroibete,stewart,ikitau,jorgensen,kellaway,nasser,slipper,alaalatoa,canham,gleeson,mcdermott,lynagh,flook
21/09/2024,2024,js,nz,rc,yes,h,9,3,-6,,l,28,31,-3,faessler,tupou,frost,williams,valetini,mcreight,wilson,white,lolesio,koroibete,paisami,ikitau,kellaway,wright,paenga-amosa,slipper,alaalatoa,,salakaia-loto,gleeson,mcdermott,lynagh,pietsch
28/09/2024,2024,js,nz,rc,yes,a,10,3,-7,,l,13,33,-20,bell,faessler,tupou,frost,williams,valetini,mcreight,wilson,gordon,lolesio,pietsch,paisami,ikitau,kellaway,wright,paenga-amosa,kailea,alaalatoa,salakaia-loto,gleeson,mcdermott,donaldson,flook
09/11/2024,2024,js,england,tour,yes,a,9,5,-4,,w,42,37,5,bell,faessler,tupou,frost,williams,valetini,mcreight,wilson,gordon,lolesio,pietsch,ikitau,suaalii,kellaway,wright,paenga-amosa,slipper,alaalatoa,salakaia-loto,gleeson,mcdermott,donaldson,jorgensen
17/11/2024,2024,js,wales,tour,yes,a,8,11,3,,w,52,20,32,bell,faessler,alaalatoa,frost,skelton,uru,mcreight,valetini,white,lolesio,jorgensen,kerevi,ikitau,kellaway,wright,paenga-amosa,slipper,nonggorr,salakaia-loto,gleeson,mcdermott,donaldson,suaalii
24/11/2024,2024,js,scotland,tour,yes,a,8,6,-2,,l,13,27,-14,bell,paenga-amosa,alaalatoa,salakaia-loto,skelton,valetini,tizzano,wilson,gordon,lolesio,potter,ikitau,suaalii,kellaway,wright,pollard,kailea,nonggorr,frost,gleeson,mcdermott,donaldson,jorgensen
30/11/2024,2024,js,ireland,tour,yes,a,8,2,-6,,l,19,22,-3,slipper,paenga-amosa,tupou,frost,williams,valetini,mcreight,wilson,gordon,lolesio,jorgensen,ikitau,suaalii,kellaway,wright,pollard,kailea,alaalatoa,salakaia-loto,gleeson,mcdermott,edmed,potter
06/07/2025,2025,js,fiji,friendly,yes,h,8,9,1,,w,21,18,3,slipper,porecki,alaalatoa,frost,williams,gleeson,mcreight,wilson,mcdermott,lolesio,jorgensen,ikitau,suaalii,potter,wright,pollard,bell,nonggorr,hooper,tizzano,white,donaldson,daugunu
19/07/2025,2025,js,lions,lions,yes,h,n/a,n/a,n/a,,l,19,27,-8,slipper,faessler,alaalatoa,frost,williams,crespigny,mcreight,wilson,gordon,lynagh,potter,ikitau,suaalii,jorgensen,wright,pollard,bell,robertson,hooper,tizzano,mcdermott,donaldson,kellaway
26/07/2025,2025,js,lions,lions,yes,h,n/a,n/a,n/a,,l,26,29,-3,slipper,porecki,alaalatoa,frost,skelton,valetini,mcreight,wilson,gordon,lynagh,potter,ikitau,suaalii,jorgensen,wright,pollard,bell,robertson,williams,gleeson,tizzano,mcdermott,donaldson
02/08/2025,2025,js,lions,lions,yes,h,n/a,n/a,n/a,,w,22,12,10,slipper,pollard,tupou,frost,skelton,hooper,mcreight,wilson,white,lynagh,pietsch,ikitau,suaalii,jorgensen,wright,paenga-amosa,bell,nonggorr,williams,gleeson,mcdermott,donaldson,kellaway
16/08/2025,2025,js,sa,rc,yes,a,6,1,-5,,w,38,22,16,slipper,pollard,tupou,frost,skelton,hooper,mcreight,wilson,white,o'connor,pietsch,ikitau,suaalii,jorgensen,wright,paenga-amosa,bell,nonggorr,williams,gleeson,mcdermott,edmed,kellaway
23/08/2025,2025,js,sa,rc,yes,a,6,3,-3,,l,22,30,-8,robertson,pollard,tupou,frost,skelton,hooper,mcreight,valetini,white,o'connor,toole,ikitau,suaalii,jorgensen,wright,paenga-amosa,bell,nonggorr,williams,crespigny,mcdermott,edmed,kellaway
06/09/2025,2025,js,argentina,rc,yes,h,6,7,1,,w,28,24,4,robertson,pollard,tupou,frost,hooper,valetini,mcreight,wilson,white,lynagh,toole,ikitau,suaalii,jorgensen,kellaway,paenga-amosa,bell,nonggorr,williams,tizzano,mcdermott,o'connor,daugunu
13/09/2025,2025,js,argentina,rc,yes,h,6,7,1,,l,26,28,-2,slipper,pollard,tupou,williams,hooper,valetini,mcreight,wilson,white,edmed,toole,paisami,suaalii,jorgensen,kellaway,nasser,bell,nonggorr,salakaia-loto,tizzano,mcdermott,o'connor,daugunu
27/09/2025,2025,js,nz,rc,yes,a,7,3,-4,,l,24,33,-9,slipper,pollard,tupou,frost,salakaia-loto,hooper,mcreight,wilson,mcdermott,o'connor,toole,ikitau,suaalii,potter,jorgensen,paenga-amosa,bell,alaalatoa,williams,tizzano,lonergan,edmed,daugunu
04/10/2025,2025,js,nz,rc,yes,h,7,3,-4,,l,14,28,-14,slipper,pollard,alaalatoa,frost,skelton,hooper,mcreight,wilson,gordon,edmed,daugunu,ikitau,suaalii,potter,jorgensen,nasser,robertson,tupou,williams,valetini,lonergan,o'connor,flook
25/10/2025,2025,js,japan,tour,yes,a,7,13,6,,w,19,15,4,bell,nasser,nonggorr,williams,salakaia-loto,crespigny,tizzano,valetini,gordon,edmed,pietsch,paisami,flook,toole,kellaway,pollard,ross,robertson,canham,wilson,lonergan,stewart,daugunu
01/11/2025,2025,js,england,tour,yes,a,7,5,-2,,l,7,25,-18,bell,pollard,tupou,frost,williams,valetini,mcreight,wilson,gordon,edmed,potter,paisami,suaalii,jorgensen,kellaway,nasser,robertson,alaalatoa,salakaia-loto,crespigny,lonergan,stewart,daugunu
08/11/2025,2025,js,italy,tour,yes,a,7,10,3,,l,19,26,-7,bell,faessler,tupou,frost,williams,hooper,mcreight,wilson,gordon,gordon,potter,paisami,suaalii,toole,kellaway,pollard,ross,nonggorr,valetini,samu,lonergan,edmed,daugunu
15/11/2025,2025,js,ireland,tour,yes,a,7,3,-4,,l,19,46,-27,bell,faessler,alaalatoa,williams,hooper,valetini,mcreight,wilson,gordon,o'connor,potter,ikitau,suaalii,daugunu,jorgensen,pollard,robertson,nonggorr,frost,tizzano,lonergan,edmed,kellaway
04/07/2026,2026,js,ireland,nc,yes,h,8,3,-5,,l,31,33,-2,bell,nasser,alaalatoa,canham,williams,valetini,mcreight,wilson,lonergan,gordon,pietsch,ikitau,suaalii,jorgensen,campbell,paenga-amosa,slipper,tupou,shaw,"hooper, t",mcdermott,donaldson,wright
11/07/2026,2026,js,france,nc,yes,h,8,4,-4,,l,26,42,-16,bell,nasser,alaalatoa,canham,williams,valetini,mcreight,wilson,lonergan,meredith,pietsch,ikitau,suaalii,jorgensen,wright,paenga-amosa,slipper,tupou,shaw,crespigny,mcdermott,campbell,daugunu
18/07/2026,2026,js,italy,nc,yes,h,8,10,2,,w,57,10,47,bell,paenga-amosa,alaalatoa,canham,williams,valetini,tizzano,wilson,lonergan,meredith,potter,ikitau,suaalii,jorgensen,wright,pollard,slipper,nonggorr,amatosero,mcreight,mcdermott,donaldson,daugunu
08/08/2026,2026,lk,japan,tour,yes,a,8,10,,,w,35,32,3,,,,,,,,,,,,,,,,,,,,,,,
15/08/2026,2026,lk,japan,tour,yes,h,8,12,,,w,56,17,39,,,,,,,,,,,,,,,,,,,,,,,
