date,year,coach,opposition,tournament,test,h / a,france irb,opp irb,irb difference,higher / lower,result,points scored ,points conceded,difference,1,2,3,4,5,6,7,8,9,10,11,12,13,14,15,16,17,18,19,20,21,22,23
02/02/2020,2020,fg,england,6n,yes,h,7,3,-4,,w,24,17,7,baille,marchand,haouas,le roux,willemse,cros,ollivon,alldritt,dupont,ntamack,rattez,fickou,vakatawa,thomas,bouthier,mauvaka,poirot,bamba,palu,woki,serin,jalibert,vincent
09/02/2020,2020,fg,italy,6n,yes,h,6,12,6,,w,35,22,13,baille,marchand,haouas,le roux,willemse,cros,ollivon,alldritt,dupont,ntamack,rattez,fickou,vincent,thomas,bouthier,mauvaka,poirot,bamba,"taofifenua, ro",palu,woki,serin,jalibert
22/02/2020,2020,fg,wales,6n,yes,a,6,5,-1,,w,27,23,4,baille,marchand,haouas,le roux,willemse,cros,ollivon,alldritt,dupont,ntamack,fickou,vincent,vakatawa,thomas,bouthier,chat,gros,bamba,"taofifenua, ro",cretin,serin,jalibert,ramos
08/03/2020,2020,fg,scotland,6n,yes,a,5,8,3,,l,17,28,-11,poirot,marchand,haouas,le roux,willemse,cros,ollivon,alldritt,dupont,ntamack,fickou,vincent,vakatawa,penaud,bouthier,mauvaka,gros,bamba,"taofifenua, ro",cretin,serin,jalibert,ramos
24/10/2020,2020,fg,wales,6n,yes,h,6,7,1,,w,38,21,17,baille,marchand,haouas,le roux,willemse,cros,ollivon,alldritt,dupont,ntamack,rattez,fickou,vakatawa,thomas,bouthier,chat,gros,bamba,"taofifenua, ro",cretin,serin,vincent,ramos
31/10/2020,2020,fg,ireland,6n,yes,h,5,4,-1,,w,35,27,8,baille,marchand,haouas,le roux,willemse,cros,ollivon,alldritt,dupont,ntamack,fickou,vincent,vakatawa,rattez,bouthier,chat,gros,bamba,"taofifenua, ro",cretin,serin,retiere,ramos
22/11/2020,2020,fg,scotland,,yes,a,4,7,3,,w,22,15,7,gros,chat,bamba,le roux,"taofifenua, ro",cretin,ollivon,alldritt,dupont,jalibert,rattez,fickou,vakatawa,thomas,ramos,marchand,baille,haouas,willemse,woki,couilloud,carbonel,vincent
28/11/2020,2020,fg,italy,,yes,h,4,14,10,,w,36,5,31,neti,mauvaka,aldegheri,geraci,pesent,woki,macalou,jelonch,serin,jalibert,villiere,danty,barraque,thomas,dulin,baubigny,kolingar,atonio,cazeaux,rebbadj,couilloud,carbonel,moefana
06/12/2020,2020,fg,england,,yes,a,4,2,-2,,l,19,22,-3,kolingar,bourgarit,aldegheri,geraci,pesent,woki,jelonch,"tolofua, s",couilloud,jalibert,villiere,danty,moefana,raka,dulin,mauvaka,neti,atonio,ducat,macalou,bezy,carbonel,barassi
06/02/2021,2021,fg,italy,6n,yes,a,4,14,10,,w,50,10,40,baille,marchand,haouas,le roux,willemse,cretin,ollivon,alldritt,dupont,jalibert,villiere,fickou,vincent,thomas,dulin,bourgarit,gros,aldegheri,"taofifenua, ro",jelonch,serin,carbonel,penaud
14/02/2021,2021,fg,ireland,6n,yes,a,4,5,1,,w,15,13,2,baille,marchand,haouas,le roux,willemse,jelonch,ollivon,alldritt,dupont,jalibert,villiere,fickou,vincent,penaud,dulin,bourgarit,kolingar,atonio,"taofifenua, ro",cretin,serin,bouthier,thomas
13/03/2021,2021,fg,england,6n,yes,a,3,4,1,,l,20,23,-3,baille,marchand,haouas,"taofifenua, ro",willemse,cretin,ollivon,alldritt,dupont,jalibert,penaud,fickou,vakatawa,thomas,dulin,chat,gros,aldegheri,cazeaux,woki,jelonch,serin,ntamack
20/03/2021,2021,fg,wales,6n,yes,h,4,5,1,,w,32,30,2,baille,marchand,haouas,"taofifenua, ro",willemse,cretin,ollivon,alldritt,dupont,jalibert,penaud,fickou,vakatawa,thomas,dulin,chat,gros,atonio,rebbadj,jelonch,serin,ntamack,vincent
26/03/2021,2021,fg,scotland,6n,yes,h,3,9,6,,l,23,27,-4,baille,marchand,haouas,le roux,rebbadj,jelonch,ollivon,alldritt,dupont,ntamack,fickou,vincent,vakatawa,penaud,dulin,chat,gros,atonio,"taofifenua, ro",cretin,serin,bouthier,thomas
07/07/2021,2021,fg,australia,tour,yes,a,5,7,2,,l,21,23,-2,gros,barlot,bamba,geraci,"taofifenua, ro",cretin,jelonch,macalou,couilloud,carbonel,villiere,danty,vincent,penaud,jaminet,etrillard,walcker,falatea,pesenti,cazeaux,woki,iribaren,bouthier
13/07/2021,2021,fg,australia,tour,yes,a,6,5,-1,,w,28,26,2,gros,barlot,hounkpatin,azagoh kouadio,cazeaux,diallo,woki,jelonch,couilloud,carbonel,villiere,danty,vincent,penaud,jaminet,etrillard,forletta,bamba,geraci,"taofifenua, ro",macalou,iribaren,bouthier
17/07/2021,2021,fg,australia,tour,yes,a,6,5,-1,,l,30,33,-3,forletta,barlot,falatea,azagoh kouadio,"taofifenua, ro",cretin,woki,jelonch,couilloud,hastoy,thomas,vincent,barassi,penaud,jaminet,etrillard,walcker,bamba,pesenti,becognee,iribaren,bouthier,heriteau
06/11/2021,2021,fg,argentina,eoyt,yes,h,6,8,2,,w,29,20,9,baille,marchand,haouas,flament,willemse,cros,woki,jelonch,dupont,jalibert,villiere,ntamack,fickou,penaud,jaminet,mauvaka,gros,bamba,"taofifenua, ro",alldritt,macalou,lucu,danty
14/11/2021,2021,fg,georgia,eoyt,yes,h,6,12,6,,w,41,15,26,baille,marchand,atonio,woki,"taofifenua, ro",jelonch,macalou,alldritt,dupont,jalibert,lebel,ntamack,fickou,penaud,jaminet,mauvaka,gros,bamba,flament,willemse,cros,lucu,danty
20/11/2021,2021,fg,new zealand,eoyt,yes,h,6,2,-4,,w,40,25,15,baille,mauvaka,atonio,woki,willemse,cros,jelonch,alldritt,dupont,ntamack,villiere,danty,fickou,penaud,jaminet,barlot,gros,bamba,flament,"taofifenua, ro",cretin,lucu,jalibert
06/02/2022,2022,fg,italy,6n,yes,h,5,14,9,,w,37,10,27,baille,marchand,atonio,woki,willemse,jelonch,cretin,alldritt,dupont,ntamack,villiere,danty,fickou,penaud,jaminet,mauvaka,gros,bamba,"taofifenua, ro",cros,lucu,moefana,ramos
12/02/2022,2022,fg,ireland,6n,yes,h,5,3,-2,,w,30,24,6,baille,marchand,atonio,woki,willemse,cros,jelonch,alldritt,dupont,ntamack,villiere,moefana,fickou,penaud,jaminet,mauvaka,gros,bamba,"taofifenua, ro",flament,cretin,lucu,ramos
26/02/2022,2022,fg,scotland,6n,yes,a,4,7,3,,w,36,17,19,baille,marchand,atonio,woki,willemse,cros,jelonch,alldritt,dupont,ntamack,moefana,danty,fickou,penaud,jaminet,mauvaka,gros,bamba,"taofifenua, ro",flament,cretin,lucu,ramos
11/03/2022,2022,fg,wales,6n,yes,a,3,7,4,,w,13,9,4,baille,marchand,atonio,woki,willemse,cros,jelonch,alldritt,dupont,ntamack,villiere,danty,fickou,moefana,jaminet,mauvaka,gros,haouas,lebel,flament,cretin,lucu,ramos
19/03/2022,2022,fg,england,6n,yes,h,3,5,2,,w,25,13,12,baille,marchand,atonio,woki,willemse,cros,jelonch,alldritt,dupont,ntamack,villiere,danty,fickou,penaud,jaminet,mauvaka,gros,haouas,"taofifenua, ro",flament,cretin,lucu,ramos
02/07/2022,2022,fg,japan,tour,yes,a,2,10,8,,w,42,23,19,gros,mauvaka,bamba,flament,jolmes,cretin,ollivon,tanga,lucu,jalibert,lebel,moefana,vakatawa,penaud,jaminet,bourgarit,priso,falatea,lavault,"tolofua, s",macalou,couilloud,hastoy
09/07/2022,2022,fg,japan,tour,yes,a,3,10,7,,w,20,15,5,gros,mauvaka,bamba,flament,jolmes,cretin,ollivon,tanga,lucu,jalibert,lebel,moefana,vakatawa,penaud,spring,bourgarit,priso,falatea,lavault,diallo,macalou,couilloud,hastoy
05/11/2022,2022,fg,australia,eoyt,yes,h,2,6,4,,w,30,29,1,baille,marchand,atonio,woki,flament,jelonch,ollivon,alldritt,dupont,ntamack,moefana,danty,fickou,penaud,ramos,mauvaka,priso,falatea,"taofifenua, ro",lebel,macalou,lucu,jalibert
12/11/2022,2022,fg,south africa,eoyt,yes,h,2,4,2,,w,30,26,4,baille,marchand,atonio,woki,flament,jelonch,ollivon,alldritt,dupont,ntamack,moefana,danty,fickou,penaud,ramos,mauvaka,wardi,falatea,"taofifenua, ro",chalureau,macalou,lucu,jalibert
20/11/2022,2022,fg,japan,eoyt,yes,h,2,10,8,,w,35,17,18,wardi,marchand,atonio,woki,"taofifenua, ro",jelonch,ollivon,alldritt,lucu,ntamack,moefana,danty,fickou,penaud,ramos,mauvaka,priso,falatea,verhaeghe,chalureau,macalou,couilloud,jalibert
05/02/2023,2023,fg,italy,6n,yes,a,2,12,10,,w,29,24,5,baille,marchand,atonio,flament,willemse,jelonch,ollivon,alldritt,dupont,ntamack,dumortier,moefana,fickou,penaud,ramos,barlot,wardi,falatea,"taofifenua, ro",lavault,macalou,le garrec,jalibert
11/02/2023,2023,fg,ireland,6n,yes,a,2,1,-1,,l,19,32,-13,baille,marchand,atonio,flament,willemse,jelonch,ollivon,alldritt,dupont,ntamack,dumortier,moefana,fickou,penaud,ramos,barlot,wardi,falatea,"taofifenua, ro",cros,macalou,couilloud,jalibert
26/02/2023,2023,fg,scotland,6n,yes,h,2,5,3,,w,32,21,11,baille,marchand,haouas,flament,willemse,jelonch,ollivon,alldritt,dupont,ntamack,dumortier,moefana,fickou,penaud,ramos,barlot,wardi,falatea,"taofifenua, ro",cros,macalou,couilloud,jalibert
11/03/2023,2023,fg,england,6n,yes,a,2,6,4,,w,53,10,43,baille,marchand,aldegheri,flament,willemse,cros,ollivon,alldritt,dupont,ntamack,dumortier,danty,fickou,penaud,ramos,mauvaka,wardi,falatea,"taofifenua, ro",macalou,lucu,moefana,jaminet
18/03/2023,2023,fg,wales,6n,yes,h,2,9,7,,w,41,28,13,baille,marchand,atonio,flament,"taofifenua, ro",cros,ollivon,alldritt,dupont,ntamack,dumortier,danty,fickou,penaud,ramos,mauvaka,wardi,falatea,chalureau,macalou,lucu,moefana,jaminet
05/08/2023,2023,fg,scotland,friendly,yes,a,3,5,2,,l,21,25,-4,gros,bourgarit,bamba,woki,chalureau,boudehent,macalou,tanga,couilloud,jalibert,dumortier,moefana,gailleton,bielle-biarrey,dulin,mauvaka,wardi,falatea,willemse,cretin,serin,hastoy,vincent
12/08/2023,2023,fg,scotland,friendly,yes,h,3,5,2,,w,30,27,3,baille,marchand,aldegheri,woki,flament,boudehent,ollivon,alldritt,dupont,ntamack,villiere,danty,fickou,penaud,ramos,bourgarit,gros,atonio,chalureau,verhaeghe,macalou,lucu,bielle-biarrey
19/08/2023,2023,fg,fiji,friendly,yes,h,3,9,6,,w,34,17,17,wardi,mauvaka,atonio,verhaeghe,willemse,cros,cretin,alldritt,lucu,hastoy,moefana,danty,vincent,bielle-biarrey,jaminet,bourgarit,gros,laclayat,chalureau,flament,macalou,serin,jalibert
27/08/2023,2023,fg,australia,friendly,yes,h,4,8,4,,w,41,17,24,gros,marchand,atonio,flament,willemse,cros,ollivon,alldritt,dupont,jalibert,villiere,danty,fickou,penaud,ramos,mauvaka,"taofifenua, s",aldegheri,"taofifenua, ro",woki,boudehent,couilloud,jaminet
08/09/2023,2023,fg,nz,wc,yes,h,3,4,1,,w,27,13,14,wardi,marchand,atonio,woki,flament,cros,ollivon,alldritt,dupont,jalibert,villiere,moefana,fickou,penaud,ramos,mauvaka,gros,aldegheri,"taofifenua, ro",boudehent,lucu,vincent,jaminet
14/09/2023,2023,fg,uruguay,wc,yes,h,3,17,14,,w,27,12,15,gros,bourgarit,aldegheri,woki,"taofifenua, ro",boudehent,macalou,jelonch,lucu,hastoy,villiere,moefana,vincent,bielle-biarrey,jaminet,mauvaka,wardi,falatea,chalureau,flament,cros,couilloud,ramos
21/09/2023,2023,fg,namibia,wc,yes,h,3,21,18,,w,96,0,96,baille,mauvaka,atonio,woki,flament,cros,ollivon,jelonch,dupont,jalibert,bielle-biarrey,danty,fickou,penaud,ramos,bourgarit,wardi,aldegheri,"taofifenua, ro",boudehent,couilloud,moefana,jaminet
06/10/2023,2023,fg,italy,wc,yes,h,2,11,9,,w,60,7,53,baille,mauvaka,atonio,woki,flament,jelonch,ollivon,alldritt,lucu,jalibert,bielle-biarrey,danty,fickou,penaud,ramos,bourgarit,wardi,aldegheri,"taofifenua, ro",cros,couilloud,moefana,jaminet
15/10/2023,2023,fg,sa,wc,yes,l,2,3,1,,l,28,29,-1,baille,mauvaka,atonio,woki,flament,jelonch,ollivon,alldritt,dupont,jalibert,bielle-biarrey,danty,fickou,penaud,ramos,bourgarit,wardi,aldegheri,"taofifenua, ro",cros,macalou,lucu,moefana
02/02/2024,2024,fg,ireland,6n,yes,h,4,2,-2,,l,17,38,-21,baille,mauvaka,atonio,gabrillagues,willemse,cros,ollivon,alldritt,lucu,jalibert,moefana,danty,fickou,penaud,ramos,marchand,wardi,aldegheri,"tuilagi, p",woki,boudehent,le garrec,bielle-biarrey
10/02/2024,2024,fg,scotland,6n,yes,a,4,6,2,,w,20,16,4,baille,mauvaka,atonio,woki,gabrillagues,cros,ollivon,alldritt,lucu,jalibert,bielle-biarrey,danty,fickou,penaud,ramos,marchand,"taofifenua, s",aldegheri,"tuilagi, p","roumat, a",boudehent,le garrec,moefana
25/02/2024,2024,fg,italy,6n,yes,h,4,11,7,,d,13,13,0,baille,mauvaka,atonio,woki,"tuilagi, p",boudehent,ollivon,cros,lucu,jalibert,bielle-biarrey,danty,fickou,penaud,ramos,marchand,"taofifenua, s",aldegheri,"taofifenua, ro","roumat, a",abadie,le garrec,moefana
10/03/2024,2024,fg,wales,6n,yes,a,4,8,4,,w,45,24,21,baille,marchand,atonio,flament,meafou,cros,ollivon,alldritt,le garrec,ramos,bielle-biarrey,depoortere,fickou,penaud,barre,mauvaka,"taofifenua, s",colombe,"taofifenua, ro","roumat, a",boudehent,lucu,moefana
16/03/2024,2024,fg,england,6n,yes,h,4,5,1,,w,33,31,2,baille,marchand,atonio,flament,meafou,cros,ollivon,alldritt,le garrec,ramos,bielle-biarrey,depoortere,fickou,penaud,barre,mauvaka,"taofifenua, s",colombe,"taofifenua, ro","roumat, a",boudehent,lucu,moefana
06/07/2024,2024,fg,argentina,tour,yes,a,4,7,3,,w,28,13,15,gros,barlot,colombe,"auradou, h",pesenti,nouchi,jegou,joseph,serin,hastoy,etien,frisch,gailleton,attissogbe,barre,baubigny,"taofifenua, s",bamba,"tuilagi, p",guillard,diallo,couilloud,jaminet
10/07/2024,2024,fg,uruguay,tour,yes,a,4,17,13,,w,43,28,15,beria,baubigny,laclayat,azagoh,vanverberghe,diallo,briatte,tixeront,couilloud,berdeu,jurand,darricarrere,vincent,favre,dubois,tarrit,"taofifenua, s",bamba,"tuilagi, p",peysson,jauneau,segonds,hulleu
13/07/2024,2024,fg,argentina,tour,yes,a,4,7,3,,l,25,33,-8,gros,barlot,colombe,guillard,pesenti,nouchi,cancoriet,joseph,serin,hastoy,etien,frisch,gailleton,attissogbe,barre,baubigny,"taofifenua, s",bamba,"tuilagi, p",briatte,briatte,jauneau,berdeu
09/11/2024,2024,fg,japan,eoyt,yes,h,4,14,10,,w,52,12,40,gros,mauvaka,tatafu,flament,meafou,cros,"roumat, a",alldritt,dupont,ramos,bielle-biarrey,moefana,gailleton,attissogbe,barre,marchand,wardi,colombe,guillard,boudehent,lucu,jalibert,fickou
16/11/2024,2024,fg,nz,eoyt,yes,h,4,2,-2,,w,30,29,1,gros,mauvaka,tatafu,flament,meafou,boudehent,"roumat, a",alldritt,dupont,ramos,bielle-biarrey,moefana,fickou,villiere,buros,marchand,wardi,colombe,"taofifenua, ro",guillard,ollivon,le garrec,gailleton
22/11/2024,2024,fg,argentina,eoyt,yes,h,4,5,1,,w,37,23,14,gros,mauvaka,atonio,flament,meafou,cros,boudehent,ollivon,dupont,ramos,bielle-biarrey,moefana,fickou,villiere,barre,marchand,wardi,colombe,"roumat, a",guillard,gazzotti,le garrec,gailleton
31/01/2025,2025,fg,wales,6n,yes,h,4,11,7,,w,43,0,43,gros,mauvaka,atonio,"roumat, a",meafou,cros,boudehent,alldritt,dupont,ntamack,bielle-biarrey,moefana,barassi,attissogbe,ramos,marchand,baille,colombe,"auradou, h",guillard,jegou,le garrec,gailleton
08/02/2025,2025,fg,england,6n,yes,a,4,7,3,,l,25,26,-1,gros,mauvaka,atonio,"roumat, a",meafou,cros,boudehent,alldritt,dupont,jalibert,bielle-biarrey,moefana,barassi,penaud,ramos,marchand,baille,colombe,"auradou, h",guillard,jegou,le garrec,gailleton
23/02/2025,2025,fg,italy,6n,yes,h,4,10,6,,w,73,24,49,gros,mauvaka,atonio,flament,guillard,cros,boudehent,alldritt,dupont,ramos,bielle-biarrey,moefana,barassi,attissogbe,barre,marchand,baille,aldegheri,"taofifenua, ro","roumat, a",jegou,jelonch,lucu
08/03/2025,2025,fg,ireland,6n,yes,a,4,2,-2,,w,42,27,15,wardi,mauvaka,atonio,flament,guillard,cros,boudehent,alldritt,dupont,ntamack,bielle-biarrey,moefana,barassi,penaud,ramos,marchand,baille,aldegheri,"auradou, h",meafou,jegou,jelonch,lucu
15/03/2025,2025,fg,scotland,6n,yes,h,4,7,3,,w,35,16,19,gros,mauvaka,atonio,flament,guillard,cros,boudehent,alldritt,lucu,ntamack,bielle-biarrey,moefana,fickou,penaud,ramos,marchand,baille,aldegheri,"auradou, h",meafou,jegou,jelonch,le garrec
05/07/2025,2025,fg,nz,tour,yes,a,4,2,-2,,l,27,31,-4,beria,barlot,slimani,"aurodou, h",duguid,fischer,tixeront,guillard,le garrec,segonds,villiere,fickou,gailleton,spring,attissogbe,bourgarit,mallez,montagne,"taofifenua, ro",woki,van tonder,jauneau,hastoy
12/07/2025,2025,fg,nz,tour,yes,a,4,2,-2,,l,17,43,-26,erdocio,barlot,colombe,"brennan, j",halagahu,bochaton,van tonder,abadie,le garrec,segonds,gailleton,barassi,depoortere,attissogbe,barre,bourgarit,mallez,montagne,"taofifenua, ro",woki,vergnes-taillefer,daubagna,hastoy
19/07/2025,2025,fg,nz,tour,yes,a,4,2,-2,,l,19,29,-10,erdocio,bourgarit,slimani,"aurodou, h",halagahu,fischer,"brennan, j",guillard,le garrec,hastoy,villiere,fickou,depoortere,attissogbe,barre,barlot,mallez,bamba,"taofifenua, ro",tixeront,bochaton,daubagna,gailleton
08/11/2025,2025,fg,sa,eoyt,yes,h,5,1,-4,,l,17,32,-15,erdocio,marchand,montagne,flament,meafou,jelonch,boudehent,guillard,le garrec,ntamack,bielle-biarrey,fickou,barassi,penaud,ramos,cramont,gros,aldegheri,"taofifenua, ro","aurodou, h",jegou,lucu,depoortere
15/11/2025,2025,fg,fiji,eoyt,yes,h,5,9,4,,w,34,21,13,gros,marchand,montagne,ollivon,"taofifenua, r",jelonch,jegou,alldritt,lucu,ntamack,bielle-biarrey,barassi,depoortere,penaud,ramos,lamothe,neti,laclayat,maximin,"aurodou, h",boudehent,jauneau,gailleton
22/11/2025,2025,fg,australia,eoyt,yes,h,5,7,2,,w,48,33,15,gros,marchand,montagne,flament,meafou,jelonch,ollivon,alldritt,lucu,ntamack,bielle-biarrey,fickou,depoortere,penaud,ramos,lamothe,neti,laclayat,"taofifenua, ro","aurodou, h",jegou,jauneau,gourgues
05/02/2026,2026,fg,ireland,6n,yes,h,5,4,-1,,w,36,14,22,gros,marchand,aldegheri,ollivon,guillard,cros,jegou,jelonch,dupont,jalibert,bielle-biarrey,moefana,depoortere,attissogbe,ramos,mauvaka,neti,montagne,"aurodou, h",meafou,nouchi,serin,gourgues
15/02/2026,2026,fg,wales,6n,yes,a,4,11,7,,w,54,12,42,gros,marchand,aldegheri,ollivon,guillard,cros,jegou,jelonch,dupont,jalibert,bielle-biarrey,brau-boirie,gailleton,attissogbe,ramos,lamothe,neti,montagne,flament,meafou,nouchi,serin,nene
22/02/2026,2026,fg,italy,6n,yes,h,3,10,7,,w,33,8,25,gros,marchand,aldegheri,flament,meafou,cros,jegou,jelonch,dupont,ramos,bielle-biarrey,brau-boirie,gailleton,drean,attissogbe,mauvaka,neti,colombe,ollivon,guillard,nouchi,serin,barassi
07/03/2026,2026,fg,scotland,6n,yes,a,4,7,3,,l,40,50,-10,gros,marchand,aldegheri,ollivon,guillard,cros,jegou,jelonch,dupont,jalibert,bielle-biarrey,moefana,depoortere,attissogbe,ramos,mauvaka,neti,bamba,flament,meafou,nouchi,serin,barassi
14/03/2026,2026,fg,england,6n,yes,h,4,6,2,,w,48,46,2,gros,marchand,aldegheri,flament,meafou,cros,matiu,ollivon,dupont,jalibert,bielle-biarrey,moefana,barassi,attissogbe,ramos,mauvaka,neti,bamba,"aurodou, h",guillard,"brennan, j",serin,gailleton
04/07/2026,2026,fg,nz,nc,yes,a,4,2,-2,,l,32,34,-2,poirot,lamothe,bamba,"auradou, h",staniforth,bochaton,jegou,gazzotti,lucu,jalibert,attissogbe,moefana,brau-boirie,penaud,spring,massa,wardi,montagne,guillard,tixeront,le garrec,hastoy,depoortere
11/07/2026,2026,fg,australia,nc,yes,a,4,8,4,,w,42,26,16,alo emile,mauvaka,bamba,verhaeghe,meafou,nouchi,jegou,gazzotti,lucu,ntamack,grandidier nkanang,moefana,brau-boirie,attissogbe,jalibert,lamothe,poirot,tatafu,"auradou, h",staniforth,tixeront,le garrec,gourgues
18/07/2026,2026,fg,japan,nc,yes,a,4,11,7,,w,42,15,27,poirot,lamothe,montagne,verhaeghe,meafou,nouchi,gazzotti,"roumat, a",lucu,ntamack,grandidier nkanang,moefana,brau-boirie,attissogbe,jalibert,mauvaka,wardi,falatea,"auradou, h",staniforth,tixeront,graou,gourgues
