date,year,coach,opposition,tournament,test,h / a,ireland irb,opp irb,irb difference,higher / lower,result,points scored ,points conceded,difference,1,2,3,4,5,6,7,8,9,10,11,12,13,14,15,16,17,18,19,20,21,22,23
,2013,js,samoa,,,h,,,,,w,,,,mcgrath,best,ross,mccarthy,toner,o'mahony,henry,heaslip,murray,jackson,mcfadden,d'arcy,o'driscoll,bowe,kearney,,,,,,,,
,2013,js,australia,,,h,,,,,l,,,,healy,best,ross,toner,o'connell,o'mahony,o'brien,heaslip,reddan,sexton,mcfadden,marshall,o'driscoll,bowe,kearney,,,,,,,,
,2013,js,nz,,,h,,,,,l,,,,healy,best,ross,toner,o'connell,o'mahony,o'brien,heaslip,murray,sexton,"kearney, d",d'arcy,o'driscoll,bowe,kearney,,,,,,,,
,2014,js,scotland,,,h,,,,,w,,,,healy,best,ross,toner,tuohy,o'mahony,henry,heaslip,murray,sexton,"kearney, d",marshall,o'driscoll,trimble,kearney,,,,,,,,
,2014,js,wales,,,h,,,,,w,,,,healy,best,ross,toner,o'connell,o'mahony,henry,heaslip,murray,sexton,"kearney, d",d'arcy,o'driscoll,trimble,kearney,,,,,,,,
,2014,js,england,,,a,,,,,l,,,,healy,best,ross,toner,o'connell,o'mahony,henry,heaslip,murray,sexton,"kearney, d",d'arcy,o'driscoll,trimble,kearney,,,,,,,,
,2014,js,italy,,,h,,,,,w,,,,healy,best,ross,toner,o'connell,henderson,henry,heaslip,murray,sexton,"kearney, d",d'arcy,o'driscoll,trimble,kearney,,,,,,,,
,2014,js,france,,,a,,,,,l,,,,healy,best,ross,toner,o'connell,o'mahony,henry,heaslip,murray,sexton,"kearney, d",d'arcy,o'driscoll,trimble,kearney,,,,,,,,
,2014,js,argentina,,,a,,,,,w,,,,mcgrath,best,ross,henderson,o'connell,diack,henry,"murphy, j",murray,sexton,zebo,marshall,cave,trimble,"jones, f",,,,,,,,
,2014,js,argentina,,,a,,,,,w,,,,kilcoyne,best,ross,toner,o'connell,ruddock,henry,heaslip,reddan,sexton,zebo,cave,mcfadden,trimble,kearney,,,,,,,,
,2014,js,sa,,,h,,,,,w,,,,mcgrath,cronin,ross,toner,o'connell,o'mahony,ruddock,heaslip,murray,sexton,zebo,henshaw,payne,bowe,kearney,,,,,,,,
,2014,js,georgia,,,h,,,,,w,,,,kilcoyne,strauss,ross,foley,mccarthy,"ryan, d",o'donnell,diack,reddan,madigan,zebo,d'arcy,cave,gilroy,"jones, f",,,,,,,,
,2014,js,australia,,,h,,,,,w,,,,mcgrath,best,ross,toner,o'connell,o'mahony,ruddock,heaslip,murray,sexton,zebo,d'arcy,henshaw,bowe,kearney,,,,,,,,
,2015,js,italy,,,a,,,,,w,,,,mcgrath,best,ross,toner,o'connell,o'mahony,o'donnell,"murphy, j",murray,keatley,zebo,henshaw,payne,bowe,kearney,,,,,,,,
,2015,js,france,,,h,,,,,w,,,,mcgrath,best,ross,toner,o'connell,o'mahony,o'brien,heaslip,murray,sexton,zebo,henshaw,payne,bowe,kearney,,,,,,,,
,2015,js,england,,,h,,,,,w,,,,mcgrath,best,ross,toner,o'connell,o'mahony,o'brien,"murphy, j",murray,sexton,zebo,henshaw,payne,bowe,kearney,,,,,,,,
,2015,js,wales,,,a,,,,,l,,,,mcgrath,best,ross,toner,o'connell,o'mahony,o'brien,heaslip,murray,sexton,zebo,henshaw,payne,bowe,kearney,,,,,,,,
,2015,js,scotland,,,a,,,,,w,,,,healy,best,ross,toner,o'connell,o'mahony,o'brien,heaslip,murray,sexton,fitzgerald,henshaw,payne,bowe,kearney,,,,,,,,
,2015,js,wales,,,a,,,,,w,,,,mcgrath,strauss,ross,henderson,"ryan, d","murphy, j",o'donnell,heaslip,reddan,jackson,mcfadden,cave,earls,trimble,"jones, f",,,,,,,,
,2015,js,scotland,,,h,,,,,w,,,,kilcoyne,cronin,ross,toner,tuohy,conan,henry,o'brien,boss,madigan,fitzgerald,d'arcy,payne,bowe,zebo,,,,,,,,
,2015,js,wales,,,h,,,,,l,,,,mcgrath,strauss,white,henderson,o'connell,o'mahony,"murphy, j",heaslip,murray,sexton,earls,henshaw,fitzgerald,"kearney, d",kearney,,,,,,,,
,2015,js,england,,,a,,,,,l,,,,mcgrath,best,ross,toner,o'connell,o'mahony,o'brien,heaslip,murray,sexton,"kearney, d",henshaw,payne,bowe,zebo,,,,,,,,
,2015,js,canada,,,wc,,,,,w,,,,mcgrath,best,ross,henderson,o'connell,o'mahony,o'brien,heaslip,murray,sexton,earls,fitzgerald,payne,"kearney, d",kearney,,,,,,,,
,2015,js,romania,,,wc,,,,,w,,,,healy,strauss,white,toner,"ryan, d","murphy, j",henry,heaslip,reddan,madigan,earls,cave,payne,bowe,zebo,,,,,,,,
,2015,js,italy,,,wc,,,,,w,,,,mcgrath,best,ross,henderson,o'connell,o'mahony,o'brien,heaslip,murray,sexton,"kearney, d",henshaw,earls,bowe,zebo,,,,,,,,
,2015,js,france,,,wc,,,,,w,,,,healy,best,ross,toner,o'connell,o'mahony,o'brien,heaslip,murray,sexton,"kearney, d",henshaw,earls,bowe,kearney,,,,,,,,
,2015,js,argentina,,,wc,,,,,l,,,,healy,best,ross,henderson,toner,"murphy, j",henry,heaslip,murray,madigan,"kearney, d",henshaw,earls,bowe,kearney,,,,,,,,
,2016,js,wales,,,h,,,,,d,,,,mcgrath,best,white,mccarthy,toner,stander,o'donnell,heaslip,murray,sexton,earls,henshaw,payne,trimble,zebo,,,,,,,,
,2016,js,france,,,a,,,,,l,,,,mcgrath,best,white,mccarthy,toner,stander,o'brien,heaslip,murray,sexton,"kearney, d",henshaw,payne,trimble,kearney,,,,,,,,
,2016,js,england,,,a,,,,,l,,,,mcgrath,best,ross,"ryan, d",toner,stander,van der flier,heaslip,murray,sexton,earls,mccloskey,henshaw,trimble,kearney,,,,,,,,
,2016,js,italy,,,h,,,,,w,,,,mcgrath,best,ross,"ryan, d",toner,stander,van der flier,heaslip,murray,sexton,earls,henshaw,payne,trimble,zebo,,,,,,,,
,2016,js,scotland,,,h,,,,,w,,,,mcgrath,best,ross,"ryan, d",toner,stander,o'donnell,heaslip,murray,sexton,earls,henshaw,payne,trimble,zebo,,,,,,,,
,2016,js,sa,,,a,,,,,w,,,,mcgrath,best,ross,henderson,toner,stander,"murphy, j",heaslip,murray,jackson,earls,marshall,henshaw,trimble,payne,,,,,,,,
,2016,js,sa,,,a,,,,,l,,,,mcgrath,best,furlong,roux,toner,henderson,ruddock,heaslip,murray,jackson,gilroy,olding,henshaw,trimble,payne,,,,,,,,
,2016,js,sa,,,a,,,,,l,,,,mcgrath,best,ross,henderson,toner,stander,"murphy, j",heaslip,murray,jackson,earls,olding,marshall,trimble,o'halloran,,,,,,,,
,2016,js,nz,,,ne,,,,,w,,,,mcgrath,best,furlong,"ryan, d",toner,stander,"murphy, j",heaslip,murray,sexton,zebo,henshaw,payne,trimble,kearney,,,,,,,,
,2016,js,canada,,,h,,,,,w,,,,healy,cronin,bealham,dillane,"holland, b",o'mahony,o'brien,o'donoghue,marmion,jackson,earls,marshall,ringrose,gilroy,o'halloran,,,,,,,,
,2016,js,nz,,,h,,,,,l,,,,mcgrath,best,furlong,"ryan, d",toner,stander,o'brien,heaslip,murray,sexton,zebo,henshaw,payne,trimble,kearney,,,,,,,,
,2016,js,australia,,,h,,,,,w,,,,mcgrath,best,furlong,henderson,toner,stander,van der flier,heaslip,murray,jackson,earls,ringrose,payne,trimble,kearney,,,,,,,,
,2017,js,scotland,,,a,,,,,l,,,,mcgrath,best,furlong,henderson,toner,stander,o'brien,heaslip,murray,jackson,zebo,henshaw,ringrose,earls,kearney,,,,,,,,
,2017,js,italy,,,a,,,,,w,,,,healy,"scannell, n",furlong,"ryan, d",toner,stander,o'brien,heaslip,murray,jackson,zebo,henshaw,ringrose,earls,kearney,,,,,,,,
,2017,js,france,,,h,,,,,w,,,,mcgrath,best,furlong,"ryan, d",toner,stander,o'brien,heaslip,murray,sexton,zebo,henshaw,ringrose,earls,kearney,,,,,,,,
,2017,js,wales,,,a,,,,,l,,,,mcgrath,best,furlong,"ryan, d",toner,stander,o'brien,heaslip,murray,sexton,zebo,henshaw,ringrose,earls,kearney,,,,,,,,
,2017,js,england,,,h,,,,,w,,,,mcgrath,best,furlong,"ryan, d",henderson,o'mahony,o'brien,stander,marmion,sexton,zebo,henshaw,ringrose,earls,payne,,,,,,,,
,2017,js,usa,,,a,,,,,w,,,,healy,"scannell, n","ryan, j",roux,toner,ruddock,van der flier,conan,marmion,carbery,stockdale,marshall,ringrose,earls,o'halloran,,,,,,,,
,2017,js,japan,,,a,,,,,w,,,,healy,"scannell, n","ryan, j",roux,toner,ruddock,leavy,conan,mcgrath,jackson,earls,"scannell, r",ringrose,conway,zebo,,,,,,,,
,2017,js,japan,,,a,,,,,w,,,,healy,tracy,"ryan, j",treadwell,toner,ruddock,van der flier,conan,marmion,jackson,stockdale,marshall,ringrose,earls,conway,,,,,,,,
,2017,js,sa,,,h,,,,,w,,,,healy,best,furlong,henderson,toner,o'mahony,o'brien,stander,murray,sexton,stockdale,aki,henshaw,conway,kearney,,,,,,,,
,2017,js,fiji,,,h,,,,,w,,,,mcgrath,herring,porter,dillane,toner,ruddock,"murphy, j",conan,marmion,carbery,"kearney, d",mccloskey,farrell,sweetnam,conway,,,,,,,,
,2017,js,argentina,,,h,,,,,w,,,,healy,best,furlong,ryan,henderson,o'mahony,o'brien,stander,murray,sexton,stockdale,aki,farrell,"byrne, a",kearney,,,,,,,,
,2018,js,france,,,a,,,,,w,,,,healy,best,furlong,henderson,ryan,o'mahony,van der flier,stander,murray,sexton,stockdale,aki,henshaw,earls,kearney,,,,,,,,
,2018,js,italy,,,h,,,,,w,,,,mcgrath,best,furlong,henderson,toner,o'mahony,leavy,conan,murray,sexton,stockdale,aki,henshaw,earls,kearney,,,,,,,,
,2018,js,wales,,,h,,,,,w,,,,healy,best,porter,ryan,toner,o'mahony,leavy,stander,murray,sexton,stockdale,aki,farrell,earls,kearney,,,,,,,,
,2018,js,scotland,,,h,,,,,w,,,,healy,best,furlong,ryan,toner,o'mahony,leavy,stander,murray,sexton,stockdale,aki,ringrose,earls,kearney,,,,,,,,
,2018,js,england,,,a,,,,,w,,,,healy,best,furlong,ryan,henderson,o'mahony,leavy,stander,murray,sexton,stockdale,aki,ringrose,earls,kearney,,,,,,,,
,2018,js,australia,,,a,,,,,l,,,,mcgrath,herring,"ryan, j",henderson,ryan,o'mahony,"murphy, j",stander,murray,carbery,stockdale,aki,henshaw,earls,kearney,,,,,,,,
,2018,js,australia,,,a,,,,,w,,,,healy,"scannell, n",furlong,toner,ryan,o'mahony,leavy,stander,murray,sexton,earls,henshaw,ringrose,conway,kearney,,,,,,,,
,2018,js,australia,,,a,,,,,w,,,,mcgrath,"scannell, n",furlong,toner,ryan,stander,o'mahony,conan,murray,sexton,stockdale,aki,henshaw,earls,kearney,,,,,,,,
01/02/2020,2020,af,scotland,6n,yes,h,5,9,4,,w,19,12,7,healy,herring,furlong,henderson,ryan,stander,van der flier,doris,murray,sexton,stockdale,aki,ringrose,conway,larmour,kelleher,kilcoyne,porter,toner,o'mahony,cooney,"byrne, r",henshaw
08/02/2020,2020,af,wales,6n,yes,h,5,4,-1,,w,24,14,10,healy,herring,furlong,henderson,ryan,o'mahony,van der flier,stander,murray,sexton,stockdale,aki,henshaw,conway,larmour,kelleher,kilcoyne,porter,toner,deegan,cooney,"byrne, r",earls
23/02/2020,2020,af,england,6n,yes,a,4,3,-1,,l,12,24,-12,healy,herring,furlong,toner,ryan,o'mahony,van der flier,stander,murray,sexton,stockdale,aki,henshaw,conway,larmour,kelleher,kilcoyne,porter,dillane,doris,cooney,"byrne, r",earls
24/10/2020,2020,af,italy,,yes,h,4,14,10,,w,50,17,33,healy,herring,porter,beirne,ryan,doris,connors,stander,murray,sexton,keenan,aki,ringrose,conway,stockdale,heffernan,"byrne, e",bealham,dillane,o'mahony,gibson-park,"byrne, r",henshaw
31/10/2020,2020,af,france,,yes,a,4,5,1,,l,27,35,-8,healy,herring,porter,beirne,ryan,doris,connors,stander,murray,sexton,keenan,aki,henshaw,conway,stockdale,heffernan,"byrne, e",bealham,dillane,o'mahony,gibson-park,"byrne, r","farrell, c"
13/11/2020,2020,af,wales,,yes,h,5,8,3,,w,32,9,23,healy,kelleher,porter,roux,ryan,o'mahony,van der flier,doris,gibson-park,sexton,lowe,henshaw,"farrell, c",conway,keenan,heffernan,"byrne, e",bealham,beirne,connors,murray,burns,earls
21/11/2020,2020,af,england,,yes,a,5,2,-3,,l,7,18,-11,healy,kelleher,porter,roux,ryan,stander,o'mahony,doris,gibson-park,"byrne, r",lowe,aki,"farrell, c",earls,keenan,herring,bealham,"ryan, j",henderson,connors,murray,burns,stockdale
29/11/2020,2020,af,georgia,,yes,h,5,12,7,,w,23,10,13,bealham,herring,porter,henderson,ryan,beirne,connors,stander,murray,burns,earls,mccloskey,"farrell, c",keenan,stockdale,heffernan,healy,"ryan, j",roux,o'mahony,marmion,"byrne, r",daly
05/12/2020,2020,af,scotland,,yes,h,5,7,2,,w,31,16,15,healy,herring,porter,henderson,ryan,stander,o'mahony,doris,murray,sexton,earls,aki,henshaw,keenan,stockdale,kelleher,o'sullivan,"ryan, j",roux,van der flier,gibson-park,"byrne, r","farrell, c"
07/02/2021,2021,af,wales,6n,yes,a,5,9,4,,l,16,21,-5,healy,herring,porter,beirne,ryan,o'mahony,van der flier,stander,murray,sexton,lowe,henshaw,ringrose,earls,keenan,kelleher,kilcoyne,furlong,henderson,connors,gibson-park,burns,larmour
14/02/2021,2021,af,france,6n,yes,h,5,4,-1,,l,13,15,-2,healy,herring,porter,beirne,henderson,ruddock,van der flier,stander,gibson-park,burns,lowe,henshaw,ringrose,earls,keenan,kelleher,"byrne, e",furlong,dillane,connors,casey,"byrne, r",larmour
27/02/2021,2021,af,italy,6n,yes,a,6,14,8,,w,48,10,38,kilcoyne,kelleher,furlong,henderson,ryan,beirne,connors,stander,gibson-park,sexton,lowe,henshaw,ringrose,larmour,keenan,herring,healy,porter,baird,conan,casey,burns,earls
14/03/2021,2021,af,scotland,6n,yes,a,7,8,1,,w,27,24,3,healy,herring,furlong,henderson,ryan,beirne,connors,stander,gibson-park,sexton,lowe,henshaw,ringrose,earls,keenan,kelleher,kilcoyne,porter,baird,conan,murray,burns,larmour
20/03/2021,2021,af,england,6n,yes,h,6,3,-3,,w,32,18,14,kilcoyne,herring,furlong,henderson,beirne,stander,van der flier,conan,murray,sexton,stockdale,aki,henshaw,earls,keenan,kelleher,healy,porter,baird,o'mahony,gibson-park,"byrne, r",larmour
03/07/2021,2021,af,japan,,yes,h,4,10,6,,w,39,31,8,kilcoyne,kelleher,bealham,dillane,ryan,o'mahony,van der flier,doris,gibson-park,carbery,stockdale,mccloskey,"farrell, c",larmour,keenan,herring,"byrne, e","ryan, j",baird,coombes,casey,burns,daly
10/07/2021,2021,af,usa,,yes,h,4,16,12,,w,71,10,61,kilcoyne,kelleher,o'toole,baird,ryan,doris,timoney,coombes,casey,carbery,conway,mccloskey,hume,baloucoune,keenan,heffernan,"byrne, e",bealham,wycherley,boyle,blade,"byrne, h",addison
06/11/2021,2021,af,japan,eoyt,yes,h,5,10,5,,w,60,5,55,porter,kelleher,furlong,beirne,ryan,doris,van der flier,conan,gibson-park,sexton,lowe,aki,ringrose,conway,keenan,sheehan,healy,bealham,henderson,o'mahony,murray,carbery,earls
13/11/2021,2021,af,nz,eoyt,yes,h,5,1,-4,,w,29,20,9,porter,kelleher,furlong,henderson,ryan,doris,van der flier,conan,gibson-park,sexton,lowe,aki,ringrose,conway,keenan,herring,healy,bealham,beirne,o'mahony,murray,carbery,earls
21/11/2021,2021,af,argentina,eoyt,yes,h,4,8,4,,w,53,7,46,porter,kelleher,furlong,beirne,ryan,o'mahony,van der flier,doris,murray,carbery,lowe,henshaw,ringrose,baloucoune,keenan,sheehan,healy,o'toole,baird,timoney,casey,"byrne, h",earls
05/02/2022,2022,af,wales,6n,yes,h,4,8,4,,w,29,7,22,porter,kelleher,furlong,beirne,ryan,doris,van der flier,conan,gibson-park,sexton,hansen,aki,ringrose,conway,keenan,sheehan,healy,bealham,baird,o'mahony,murray,carbery,hume
12/02/2022,2022,af,france,6n,yes,a,3,5,2,,l,24,30,-6,porter,kelleher,furlong,beirne,ryan,doris,van der flier,conan,gibson-park,carbery,hansen,aki,ringrose,conway,keenan,sheehan,healy,bealham,henderson,o'mahony,murray,carty,henshaw
27/02/2022,2022,af,italy,6n,yes,h,5,14,9,,w,57,6,51,porter,sheehan,furlong,beirne,baird,o'mahony,van der flier,doris,gibson-park,carbery,lowe,henshaw,ringrose,hansen,lowry,herring,kilcoyne,bealham,treadwall,conan,casey,sexton,hume
12/03/2022,2022,af,england,6n,yes,a,5,4,-1,,w,32,15,17,healy,sheehan,furlong,beirne,ryan,o'mahony,van der flier,doris,gibson-park,sexton,lowe,aki,ringrose,conway,keenan,herring,kilcoyne,bealham,henderson,conan,murray,carbery,henshaw
19/03/2022,2022,af,scotland,6n,yes,h,4,7,3,,w,26,5,21,healy,sheehan,furlong,beirne,henderson,doris,van der flier,conan,gibson-park,sexton,lowe,aki,ringrose,hansen,keenan,herring,kilcoyne,bealham,treadwall,o'mahony,murray,carbery,henshaw
02/07/2022,2022,af,nz,tour,yes,a,4,3,-1,,l,19,42,-23,porter,sheehan,furlong,beirne,ryan,o'mahony,van der flier,doris,gibson-park,sexton,lowe,henshaw,ringrose,hansen,keenan,heffernan,healy,o'toole,treadwall,conan,murray,carbery,aki
09/07/2022,2022,af,nz,tour,yes,a,4,2,-2,,w,23,12,11,porter,sheehan,furlong,beirne,ryan,o'mahony,van der flier,doris,gibson-park,sexton,lowe,henshaw,ringrose,hansen,keenan,herring,healy,bealham,treadwall,conan,murray,carbery,aki
12/07/2022,2022,af,maori abs,tour,no,a,n/a,n/a,n/a,,w,30,24,6,loughman,"scannell, n",o'toole,"mccarthy, j",treadwell,"prendergast, c",timoney,coombes,casey,frawley,"o'brien, j",mccloskey,earls,larmour,lowry,herring,"byrne, e",bent,baird,conan,murray,carbery,hansen
16/07/2022,2022,af,nz,tour,yes,a,2,4,2,,w,32,22,10,porter,sheehan,furlong,beirne,ryan,o'mahony,van der flier,doris,gibson-park,sexton,lowe,aki,ringrose,hansen,keenan,herring,healy,bealham,treadwall,conan,murray,carbery,earls
05/11/2022,2022,af,sa,eoyt,yes,h,1,3,2,,w,19,16,3,porter,sheehan,furlong,beirne,ryan,o'mahony,van der flier,doris,murray,sexton,hansen,mccloskey,ringrose,baloucoune,keenan,herring,healy,bealham,treadwall,conan,gibson-park,carbery,"o'brien, j"
12/11/2022,2022,af,fiji,eoyt,yes,h,1,11,10,,w,35,17,18,loughman,herring,furlong,beirne,treadwell,doris,timoney,conan,gibson-park,carbery,hansen,mccloskey,henshaw,baloucoune,"o'brien, j",sheehan,healy,o'toole,"prendergast, c",conan,casey,crowley,ringrose
19/11/2022,2022,af,australia,eoyt,yes,h,1,7,6,,w,13,10,3,porter,sheehan,furlong,beirne,ryan,o'mahony,van der flier,doris,gibson-park,crowley,"o'brien, j",mccloskey,ringrose,hansen,keenan,herring,healy,bealham,"mccarthy, j",,casey,"byrne, r",aki
04/02/2023,2023,af,wales,6n,yes,a,1,9,8,,w,34,10,24,porter,sheehan,bealham,beirne,ryan,o'mahony,van der flier,doris,murray,sexton,lowe,mccloskey,ringrose,hansen,keenan,herring,healy,o'toole,henderson,conan,casey,"byrne, r",aki
11/02/2023,2023,af,france,6n,yes,h,1,2,1,,w,32,19,13,porter,herring,bealham,beirne,ryan,o'mahony,van der flier,doris,murray,sexton,lowe,mccloskey,ringrose,hansen,keenan,kelleher,kilcoyne,o'toole,henderson,conan,casey,"byrne, r",aki
25/02/2023,2023,af,italy,6n,yes,a,1,13,12,,w,34,20,14,porter,kelleher,bealham,henderson,ryan,doris,van der flier,conan,casey,"byrne, r",lowe,aki,ringrose,hansen,keenan,sheehan,kilcoyne,o'toole,baird,o'mahony,murray,crawley,"o'brien, j"
12/03/2023,2023,af,scotland,6n,yes,a,1,5,4,,w,22,7,15,porter,sheehan,furlong,henderson,ryan,o'mahony,van der flier,doris,murray,sexton,lowe,aki,ringrose,hansen,keenan,kelleher,healy,o'toole,baird,conan,gibson-park,"byrne, r",henshaw
18/03/2023,2023,af,england,6n,yes,h,1,6,5,,w,29,16,13,porter,sheehan,furlong,baird,ryan,o'mahony,van der flier,doris,gibson-park,sexton,lowe,aki,henshaw,hansen,keenan,herring,healy,o'toole,treadwell,conan,murray,"byrne, r","o'brien, j"
05/08/2023,2023,af,italy,friendly,yes,h,1,14,13,,w,33,17,16,kilcoyne,herring,o'toole,henderson,"mccarthy, j",baird,doris,conan,casey,crowley,stockdale,mccloskey,henshaw,earls,"o'brien, j",stewart,healy,furlong,beirne,"prendergast, c",blade,frawley,nash
19/08/2023,2023,af,england,friendly,yes,h,1,6,5,,w,29,10,19,porter,sheehan,furlong,beirne,ryan,o'mahony,van der flier,"prendergast, c",gibson-park,"byrne, r",lowe,aki,ringrose,hansen,keenan,herring,loughman,bealham,"mccarthy, j",doris,murray,crowley,earls
26/08/2023,2023,af,samoa,friendly,yes,h,1,12,11,,w,17,13,4,healy,stewart,bealham,henderson,beirne,baird,van der flier,doris,murray,crowley,earls,mccloskey,henshaw,hansen,"o'brien, j",herring,loughman,o'toole,ryan,o'mahony,casey,"byrne, r",ringrose
09/09/2023,2023,af,romania,wc,yes,n,1,19,18,,w,82,8,74,porter,herring,furlong,"mccarthy, j",ryan,beirne,o'mahony,doris,gibson-park,sexton,lowe,aki,ringrose,earls,keenan,kelleher,loughman,o'toole,henderson,van der flier,murray,crowley,hansen
16/09/2023,2023,af,tonga,wc,yes,n,1,15,14,,w,59,16,43,porter,kelleher,furlong,beirne,ryan,o'mahony,van der flier,doris,murray,sexton,lowe,aki,ringrose,hansen,keenan,herring,kilcoyne,bealham,henderson,baird,casey,"byrne, r",henshaw
23/09/2023,2023,af,sa,wc,yes,n,1,2,1,,w,13,8,5,porter,kelleher,furlong,beirne,ryan,o'mahony,van der flier,doris,gibson-park,sexton,lowe,aki,ringrose,hansen,keenan,sheehan,kilcoyne,bealham,henderson,baird,murray,crowley,henshaw
07/10/2023,2023,af,scotland,wc,yes,n,1,5,4,,w,36,14,22,porter,sheehan,furlong,beirne,henderson,o'mahony,van der flier,doris,gibson-park,sexton,lowe,aki,ringrose,hansen,keenan,kelleher,kilcoyne,bealham,ryan,conan,murray,crowley,mccloskey
14/10/2023,2023,af,nz,wc,yes,n,1,4,3,,l,28,24,4,porter,sheehan,furlong,beirne,henderson,o'mahony,van der flier,doris,gibson-park,sexton,lowe,aki,ringrose,hansen,keenan,kelleher,kilcoyne,bealham,"mccarthy, j",conan,murray,crowley,"o'brien, j"
02/02/2024,2024,af,france,6n,yes,a,2,4,2,,w,38,17,21,porter,sheehan,furlong,"mccarthy, j",beirne,o'mahony,van der flier,doris,gibson-park,crowley,lowe,aki,henshaw,nash,keenan,kelleher,healy,bealham,ryan,baird,conan,murray,frawley
11/02/2024,2024,af,italy,6n,yes,h,2,11,9,,w,36,0,36,porter,sheehan,bealham,"mccarthy, j",ryan,baird,doris,conan,casey,crowley,lowe,mccloskey,henshaw,nash,keenan,kelleher,loughman,o'toole,henderson,van der flier,gibson-park,"byrne, h",larmour
24/02/2024,2024,af,wales,6n,yes,h,2,8,6,,w,31,7,24,porter,sheehan,furlong,"mccarthy, j",beirne,o'mahony,van der flier,doris,gibson-park,crowley,lowe,aki,henshaw,nash,frawley,kelleher,healy,jager,ryan,baird,conan,murray,mccloskey
09/03/2024,2024,af,england,6n,yes,a,2,5,3,,l,22,23,-1,porter,sheehan,furlong,"mccarthy, j",beirne,o'mahony,van der flier,doris,gibson-park,crowley,lowe,aki,henshaw,nash,keenan,kelleher,healy,bealham,henderson,baird,conan,murray,frawley
16/03/2024,2024,af,scotland,6n,yes,h,2,6,4,,w,17,13,4,porter,sheehan,furlong,"mccarthy, j",beirne,o'mahony,van der flier,doris,gibson-park,crowley,lowe,aki,henshaw,nash,keenan,kelleher,healy,bealham,baird,conan,murray,"byrne, h",ringrose
06/07/2024,2024,af,sa,tour,yes,a,2,1,-1,,l,20,27,-7,porter,sheehan,furlong,"mccarthy, j",beirne,o'mahony,van der flier,doris,casey,crowley,lowe,aki,henshaw,nash,osborne,kelleher,healy,bealham,ryan,baird,murray,frawley,ringrose
13/07/2024,2024,af,sa,tour,yes,a,2,1,-1,,w,25,24,1,porter,kelleher,furlong,"mccarthy, j",ryan,beirne,van der flier,doris,murray,crowley,lowe,henshaw,ringrose,nash,osborne,herring,healy,bealham,baird,o'mahony,blade,frawley,mccloskey
08/11/2024,2024,af,nz,eoyt,yes,h,1,3,2,,l,13,23,-10,porter,kelleher,bealham,"mccarthy, j",ryan,beirne,van der flier,doris,gibson-park,crowley,lowe,aki,ringrose,hansen,keenan,herring,healy,o'toole,henderson,o'mahony,murray,frawley,osborne
15/11/2024,2024,af,argentina,eoyt,yes,h,3,5,2,,w,22,19,3,porter,kelleher,bealham,"mccarthy, j",ryan,beirne,van der flier,doris,gibson-park,crowley,lowe,henshaw,ringrose,hansen,keenan,herring,healy,clarkson,baird,o'mahony,casey,"prendergast, s",osborne
23/11/2024,2024,af,fiji,eoyt,yes,h,2,9,7,,w,52,17,35,porter,"mccarthy, g",bealham,"mccarthy, j",beirne,izuchukwu,van der flier,doris,casey,"prendergast, s",stockdale,aki,henshaw,hansen,osborne,kelleher,o'toole,clarkson,henderson,"prendergast, c",murray,frawley,mccloskey
30/11/2024,2024,af,australia,eoyt,yes,h,2,8,6,,w,22,19,3,porter,kelleher,bealham,"mccarthy, j",ryan,beirne,van der flier,doris,gibson-park,"prendergast, s",lowe,aki,henshaw,hansen,keenan,"mccarthy, g",healy,o'toole,henderson,o'mahony,casey,crowley,ringrose
01/02/2025,2025,se,england,6n,yes,h,2,7,5,,w,27,22,5,porter,kelleher,bealham,ryan,beirne,baird,van der flier,doris,gibson-park,"prendergast, s",lowe,aki,ringrose,hansen,keenan,sheehan,healy,clarkson,henderson,conan,murray,crowley,henshaw
09/02/2025,2025,se,scotland,6n,yes,a,2,6,4,,w,32,18,14,porter,kelleher,bealham,ryan,beirne,o'mahony,van der flier,doris,gibson-park,"prendergast, s",lowe,aki,henshaw,nash,keenan,sheehan,healy,clarkson,baird,conan,murray,crowley,ringrose
22/02/2025,2025,se,wales,6n,yes,a,2,12,10,,w,27,18,9,porter,sheehan,clarkson,"mccarthy, j",beirne,o'mahony,van der flier,doris,gibson-park,"prendergast, s",lowe,henshaw,ringrose,hansen,osborne,"mccarthy, g",boyle,bealham,ryan,baird,murray,crowley,aki
08/03/2025,2025,se,france,6n,yes,h,2,4,2,,l,27,42,-15,porter,sheehan,bealham,"mccarthy, j",beirne,o'mahony,van der flier,doris,gibson-park,"prendergast, s",lowe,aki,henshaw,osborne,keenan,herring,healy,clarkson,ryan,conan,baird,murray,crowley
15/03/2025,2025,se,italy,6n,yes,a,3,10,7,,w,22,17,5,porter,sheehan,bealham,ryan,beirne,conan,van der flier,doris,gibson-park,crowley,lowe,henshaw,ringrose,hansen,keenan,"mccarthy, g",boyle,furlong,"mccarthy, j",o'mahony,murray,"prendergast, s",aki
05/07/2025,2025,poc,georgia,tour,yes,a,3,11,8,,w,34,5,29,boyle,"mccarthy, g",clarkson,izuchukwu,"murray, d",baird,timoney,coombes,casey,"prendergast, s",stockdale,mccloskey,osborne,"o'brien, t","o'brien, j",stewart,milne,aungier,ahern,deegan,"murphy, b",crowley,nash
12/07/2025,2025,poc,portugal,tour,yes,a,3,18,15,,w,106,7,99,boyle,"mccarthy, g",clarkson,ahern,"murray, d",baird,kendellen,"prendergast, c",casey,crowley,bolton,mccloskey,osborne,"o'brien, t","o'brien, j",stewart,milne,o'toole,izuchukwu,deegan,"murphy, b",frawley,gavin
01/11/2025,2025,af,nz,eoyt,yes,n,3,2,-1,,l,13,26,-13,porter,sheehan,furlong,ryan,beirne,baird,van der flier,conan,gibson-park,crowley,lowe,mccloskey,ringrose,"o'brien, t",osborne,kelleher,"mccarthy, p",bealham,henderson,doris,casey,"prendergast, s",aki
08/11/2025,2025,af,japan,eoyt,yes,h,3,13,10,,w,41,10,31,porter,kelleher,clarkson,ryan,beirne,baird,timoney,doris,casey,crowley,stockdale,henshaw,"farrell, t","o'brien, t",osborne,"mccarthy, g","mccarthy, p",bealham,"prendergast, c",conan,blade,"prendergast, s","o'brien, j"
15/11/2025,2025,af,australia,eoyt,yes,h,3,7,4,,w,46,19,27,"mccarthy, p",sheehan,furlong,ryan,beirne,baird,doris,conan,gibson-park,"prendergast, s",lowe,mccloskey,henshaw,"o'brien, t",hansen,kelleher,porter,clarkson,"prendergast, c",timoney,casey,crowley,aki
22/11/2025,2025,af,sa,eoyt,yes,h,4,1,-3,,l,13,24,-11,porter,sheehan,furlong,ryan,beirne,baird,van der flier,doris,gibson-park,"prendergast, s",lowe,aki,ringrose,"o'brien, t",hansen,kelleher,"mccarthy, p",bealham,"prendergast, c",conan,casey,crowley,"farrell, t"
05/02/2026,2026,af,france,6n,yes,a,4,5,1,,l,14,36,-22,loughman,sheehan,clarkson,"mccarthy, j",beirne,"prendergast, c",van der flier,doris,gibson-park,"prendergast, s",stockdale,mccloskey,ringrose,"o'brien, t",osborne,kelleher,milne,bealham,ryan,conan,timoney,casey,crowley
14/02/2026,2026,af,italy,6n,yes,h,5,9,4,,w,20,13,7,loughman,sheehan,clarkson,"mccarthy, j",ryan,izuchukwu,doris,conan,casey,"prendergast, s",lowe,mccloskey,ringrose,baloucoune,osborne,kelleher,o'toole,furlong,"edogbo, e",beirne,timoney,gibson-park,crowley
21/02/2026,2026,af,england,6n,yes,a,5,4,-1,,w,42,21,21,loughman,sheehan,furlong,"mccarthy, j",ryan,beirne,van der flier,doris,gibson-park,crowley,lowe,mccloskey,ringrose,baloucoune,osborne,kelleher,o'toole,bealham,"prendergast, c",timoney,casey,frawley,"o'brien, t"
06/03/2026,2026,af,wales,6n,yes,h,3,12,9,,w,27,17,10,o'toole,kelleher,furlong,ryan,beirne,conan,timoney,doris,gibson-park,crowley,stockdale,mccloskey,ringrose,baloucoune,osborne,stewart,milne,clarkson,"mccarthy, j",van der flier,doak,"farrell, t",frawley
14/03/2026,2026,af,scotland,6n,yes,h,3,7,,,,,,,o'toole,sheehan,furlong,"mccarthy, j",beirne,conan,van der flier,doris,gibson-park,crowley,"o'brien, t",mccloskey,ringrose,baloucoune,osborne,kelleher,milne,bealham,"murray, d",timoney,casey,frawley,aki
04/07/2026,2026,af,australia,nc,yes,a,3,8,5,,w,33,31,2,o'toole,sheehan,furlong,"mccarthy, j",ryan,"prendergast, c",van der flier,conan,gibson-park,"prendergast, s",osborne,mccloskey,ringrose,"o'brien, j",keenan,kelleher,loughman,clarkson,beirne,timoney,casey,frawley,aki
11/07/2026,2026,af,japan,nc,yes,a,3,12,9,,w,36,20,16,o'toole,kelleher,clarkson,beirne,ryan,conan,timoney,jansen,casey,frawley,stockdale,mccloskey,henshaw,"o'brien, j",osborne,stewart,bohan,illo,izuchukwu,ward,doak,"byrne, h",aki
18/07/2026,2026,af,nz,nc,yes,a,3,2,-1,,l,21,40,-19,o'toole,sheehan,furlong,"mccarthy, j",ryan,beirne,van der flier,conan,gibson-park,"prendergast, s","o'brien, j",mccloskey,ringrose,baloucoune,keenan,kelleher,loughman,clarkson,timoney,jansen,casey,frawley,aki
