date,year,coach,opposition,tournament,test,h / a,italy irb,opp irb,irb difference,higher / lower,result,points scored ,points conceded,difference,1,2,3,4,5,6,7,8,9,10,11,12,13,14,15,16,17,18,19,20,21,22,23
07/02/2015,2015,cos,ireland,6n,yes,h,14,3,-11,,l,3,26,-23,aguero,ghiraldini,castrogiovanni,biagi,furno,zanni,minto,parisse,gori,haimona,mclean,morisi,campagnaro,"sarto, l",masi,manici,de marchi,chistolini,fuser,barbini,palazzani,allan,venditti
14/02/2015,2015,cos,england,6n,yes,a,14,3,-11,,l,17,47,-30,de marchi,ghiraldini,castrogiovanni,biagi,bortolami,minto,bergamasco,parisse,gori,haimona,venditti,masi,morisi,"sarto, l",mclean,manici,aguero,chistolini,furno,vunisa,palazzani,allan,bisegni
28/02/2015,2015,cos,scotland,6n,yes,a,14,9,-5,,w,22,19,3,aguero,ghiraldini,chistolini,biagi,furno,minto,favaro,parisse,gori,haimona,venditti,bacchin,morisi,visentin,mclean,manici,de marchi,cittadini,fuser,vunisa,palazzani,allan,bisegni
15/03/2015,2015,cos,france,6n,yes,h,14,7,-7,,l,0,29,-29,aguero,ghiraldini,chistolini,biagi,furno,minto,vunisa,parisse,gori,allan,venditti,masi,morisi,"sarto, l",mclean,manici,de marchi,cittadini,geldenhuys,barbini,palazzani,orquera,bacchin
21/03/2015,2015,cos,wales,6n,yes,h,14,5,-9,,l,20,61,-41,rizzo,ghiraldini,castrogiovanni,biagi,furno,minto,bergamasco,vunisa,gori,haimona,venditti,masi,morisi,"sarto, l",mclean,manici,de marchi,chistolini,geldenhuys,barbieri,palazzani,orquera,bacchin
22/08/2015,2015,cos,scotland,tour,yes,h,14,12,-2,,l,12,16,-4,aguero,giazzon,cittadini,geldenhuys,bernabo,zanni,minto,vunisa,palazzani,allan,venditti,garcia,benvenuti,"sarto, l",masi,ghiraldini,rizzo,castrogiovanni,bortolami,bergamasco,violi,canna,mclean
29/08/2015,2015,cos,scotland,tour,yes,a,15,10,-5,,l,7,48,-41,aguero,ghiraldini,castrogiovanni,fuser,furno,zanni,minto,vunisa,palazzani,allan,"sarto, l",morisi,campagnaro,esposito,mclean,manici,rizzo,chistolini,geldenhuys,bergamasco,violi,canna,masi
05/09/2015,2015,cos,wales,friendly,yes,a,15,5,-10,,l,19,23,-4,rizzo,ghiraldini,castrogiovanni,geldenhuys,furno,zanni,minto,parisse,gori,allan,venditti,garcia,morisi,"sarto, l",masi,manici,aguero,cittadini,bernabo,vunisa,palazzani,canna,mclean
19/09/2015,2015,cos,france,wc,yes,n,14,7,-7,,l,10,32,-22,aguero,ghiraldini,castrogiovanni,geldenhuys,furno,zanni,minto,vunisa,gori,allan,venditti,masi,campagnaro,"sarto, l",mclean,manici,rizzo,cittadini,bernabo,favaro,palazzani,canna,bacchin
26/09/2015,2015,cos,canada,wc,yes,n,15,18,3,,w,23,18,5,rizzo,ghiraldini,cittadini,geldenhuys,furno,zanni,minto,vunisa,gori,allan,venditti,garcia,benvenuti,"sarto, l",mclean,giazzon,aguero,castrogiovanni,fuser,bergamasco,palazzani,canna,campagnaro
04/10/2015,2015,cos,ireland,wc,yes,n,14,4,-10,,l,9,16,-7,aguero,manici,cittadini,geldenhuys,furno,minto,favaro,parisse,gori,allan,venditti,garcia,campagnaro,"sarto, l",mclean,giazzon,rizzo,chistolini,zanni,bergamasco,palazzani,canna,benvenuti
11/10/2015,2015,cos,romania,wc,yes,n,13,17,4,,w,32,22,10,aguero,manici,cittadini,geldenhuys,furno,minto,favaro,zanni,gori,allan,venditti,benvenuti,campagnaro,"sarto, l",mclean,giazzon,de marchi,chistolini,bernabo,vunisa,palazzani,canna,bacchin
06/02/2016,2016,cos,france,6n,yes,a,12,7,-5,,l,21,23,-2,lovotti,gega,cittadini,biagi,fuser,minto,zanni,parisse,gori,canna,bellini,garcia,campagnaro,"sarto, l",odiete,giazzon,zanusso,castrogiovanni,bernabo,van schalkwyk,palazzani,haimona,mclean
14/02/2016,2016,cos,england,6n,yes,h,12,7,-5,,l,9,40,-31,lovotti,gega,cittadini,biagi,fuser,minto,zanni,parisse,gori,canna,bellini,garcia,campagnaro,"sarto, l",mclean,giazzon,zanusso,castrogiovanni,bernabo,steyn,palazzani,padovani,pratichetti
27/02/2016,2016,cos,scotland,6n,yes,h,12,11,-1,,l,20,36,-16,lovotti,ghiraldini,cittadini,fuser,furno,minto,zanni,parisse,gori,haimona,bellini,garcia,campagnaro,"sarto, l",odiete,giazzon,zanusso,castrogiovanni,bernabo,van schalkwyk,palazzani,padovani,pratichetti
12/03/2016,2016,cos,ireland,6n,yes,a,14,8,-6,,l,15,58,-43,lovotti,giazzon,chistolini,biagi,fuser,minto,zanni,parisse,palazzani,padovani,bellini,garcia,campagnaro,"sarto, l",odiete,fabiani,zanusso,ceccarelli,geldenhuys,steyn,lucchese,haimona,mclean
19/03/2016,2016,cos,wales,6n,yes,a,14,4,-10,,l,14,67,-53,lovotti,giazzon,castrogiovanni,geldenhuys,bernabo,minto,zanni,parisse,palazzani,allan,bellini,garcia,pratichetti,"sarto, l",odiete,fabiani,zanusso,chistolini,"sarto, j",steyn,lucchese,haimona,mclean
11/06/2016,2016,cos,argentina,tour,yes,a,14,5,-9,,l,24,30,-6,lovotti,gega,cittadini,geldenhuys,fuser,steyn,favaro,van schalkwyk,gori,canna,odiete,castello,campagnaro,"sarto, l",mclean,fabiani,panico,ceccarelli,bernabo,barbieri,palazzani,allan,venditti
18/06/2016,2016,cos,usa,tour,yes,a,14,17,3,,w,24,20,4,lovotti,gega,cittadini,geldenhuys,fuser,mbanda,favaro,van schalkwyk,gori,canna,odiete,castello,campagnaro,"sarto, l",mclean,fabiani,panico,ceccarelli,bernabo,negri,palazzani,allan,venditti
26/06/2016,2016,cos,canada,tour,yes,a,13,17,4,,w,20,18,2,lovotti,gega,cittadini,geldenhuys,fuser,mbanda,favaro,van schalkwyk,gori,allan,venditti,boni,campagnaro,esposito,odiete,d'apice,panico,ceccarelli,negri,"sarto, l",palazzani,canna,bisegni
12/11/2016,2016,cos,nz,eoyt,yes,h,13,1,-12,,l,10,68,-58,lovotti,ghiraldini,cittadini,fuser,van schalkwyk,mbanda,favaro,parisse,bronzini,canna,esposito,mclean,benvenuti,bisegni,padovani,gega,panico,ceccarelli,biagi,minto,gori,allan,boni
19/11/2016,2016,cos,sa,eoyt,yes,h,13,4,-9,,w,20,18,2,panico,gega,cittadini,fuser,van schalkwyk,minto,favaro,parisse,bronzini,canna,venditti,mclean,benvenuti,bisegni,padovani,d'apice,quaglio,ferrari,biagi,steyn,gori,allan,boni
26/11/2016,2016,cos,tonga,eoyt,yes,h,13,15,2,,l,17,19,-2,panico,gega,cittadini,geldenhuys,fuser,minto,favaro,van schalkwyk,bronzini,canna,venditti,mclean,benvenuti,bisegni,padovani,d'apice,quaglio,ferrari,biagi,steyn,gori,allan,campagnaro
05/02/2017,2017,cos,wales,6n,yes,h,13,5,-8,,l,7,33,-26,lovotti,gega,cittadini,fuser,biagi,steyn,mbanda,parisse,gori,canna,venditti,mclean,benvenuti,bisegni,padovani,ghiraldini,panico,ceccarelli,furno,minto,bronzini,allan,campagnaro
11/02/2017,2017,cos,ireland,6n,yes,h,13,4,-9,,l,10,63,-53,lovotti,ghiraldini,cittadini,fuser,van schalkwyk,mbanda,favaro,parisse,gori,canna,venditti,mclean,benvenuti,esposito,padovani,gega,panico,chistolini,biagi,steyn,bronzini,allan,campagnaro
26/02/2017,2017,cos,england,6n,yes,a,14,2,-12,,l,15,36,-21,lovotti,gega,cittadini,fuser,van schalkwyk,steyn,favaro,parisse,gori,allan,venditti,mclean,campagnaro,bisegni,padovani,d'apice,rizzo,ceccarelli,biagi,mbanda,bronzini,canna,benvenuti
11/03/2017,2017,cos,france,6n,yes,h,14,8,-6,,l,18,40,-22,lovotti,ghiraldini,cittadini,fuser,van schalkwyk,steyn,favaro,parisse,gori,canna,venditti,mclean,campagnaro,esposito,padovani,d'apice,panico,chistolini,biagi,mbanda,bronzini,benvenuti,sperandio
18/03/2017,2017,cos,scotland,6n,yes,a,15,5,-10,,l,0,29,-29,lovotti,gega,cittadini,fuser,biagi,steyn,mbanda,parisse,gori,canna,venditti,mclean,benvenuti,esposito,padovani,ghiraldini,panico,chistolini,van schalkwyk,ruzza,minto,violi,sperandio
10/06/2017,2017,cos,scotland,tour,yes,a,15,5,-10,,l,13,34,-21,lovotti,bigi,ferrari,fuser,budd,minto,mbanda,barbieri,gori,allan,"sarto, l",boni,campagnaro,esposito,padovani,gega,zani,ceccarelli,van schalkwyk,steyn,violi,canna,benvenuti
17/06/2017,2017,cos,fiji,tour,yes,a,15,10,-5,,l,19,22,-3,lovotti,bigi,ferrari,fuser,budd,minto,mbanda,steyn,violi,allan,"sarto, l",boni,campagnaro,esposito,padovani,gega,zani,pasquali,van schalkwyk,ruzza,tebaldi,canna,benvenuti
24/06/2017,2017,cos,australia,tour,yes,a,15,4,-11,,l,27,40,-13,lovotti,bigi,ferrari,fuser,budd,minto,mbanda,van schalkwyk,tebaldi,allan,venditti,boni,campagnaro,esposito,padovani,gega,zani,ceccarelli,lazzaroni,steyn,gori,canna,benvenuti
11/11/2017,2017,cos,fiji,eoyt,yes,h,14,9,-5,,w,19,10,9,lovotti,bigi,ferrari,fuser,budd,minto,steyn,parisse,violi,canna,bellini,castello,boni,"sarto, l",hayward,ghiraldini,zani,chistolini,lazzaroni,licata,gori,mckinley,minozzi
18/11/2017,2017,cos,argentina,eoyt,yes,h,13,10,-3,,l,15,31,-16,lovotti,bigi,ferrari,fuser,budd,minto,steyn,parisse,violi,canna,bellini,castello,boni,"sarto, l",hayward,ghiraldini,zani,chistolini,ruzza,licata,tebaldi,mckinley,minozzi
25/11/2017,2017,cos,sa,eoyt,yes,h,13,5,-8,,l,6,35,-29,lovotti,bigi,ferrari,fuser,budd,licata,steyn,parisse,violi,canna,bellini,castello,boni,esposito,hayward,ghiraldini,zani,pasquali,minto,giammarioli,gori,mckinley,minozzi
04/02/2018,2018,cos,england,6n,yes,h,14,2,-12,,l,15,46,-31,lovotti,ghiraldini,ferrari,zanni,budd,negri,giammarioli,parisse,violi,allan,bellini,castello,boni,benvenuti,minozzi,bigi,quaglio,pasquali,biagi,mbanda,gori,canna,hayward
10/02/2018,2018,cos,ireland,6n,yes,a,14,3,-11,,l,19,56,-37,quaglio,bigi,ferrari,zanni,budd,negri,steyn,parisse,violi,allan,bellini,castello,boni,benvenuti,minozzi,ghiraldini,lovotti,pasquali,ruzza,mbanda,gori,canna,hayward
23/02/2018,2018,cos,france,6n,yes,a,14,10,-4,,l,17,34,-17,lovotti,ghiraldini,ferrari,zanni,budd,negri,mbanda,parisse,violi,allan,bellini,castello,boni,benvenuti,minozzi,bigi,quaglio,pasquali,biagi,ruzza,gori,canna,hayward
11/03/2018,2018,cos,wales,6n,yes,a,14,7,-7,,l,14,38,-24,lovotti,ghiraldini,ferrari,zanni,budd,negri,mbanda,parisse,violi,allan,bellini,castello,bisegni,benvenuti,minozzi,fabiani,quaglio,pasquali,ruzza,licata,palazzani,canna,hayward
17/03/2018,2018,cos,scotland,6n,yes,h,14,6,-8,,l,27,29,-2,lovotti,ghiraldini,ferrari,zanni,budd,negri,polledri,parisse,violi,allan,bellini,castello,bisegni,benvenuti,minozzi,fabiani,quaglio,pasquali,steyn,licata,palazzani,canna,hayward
09/06/2018,2018,cos,japan,tour,yes,a,14,11,-3,,l,17,34,-17,lovotti,ghiraldini,pasquali,zanni,budd,negri,licata,steyn,violi,allan,bellini,castello,campagnaro,benvenuti,minozzi,bigi,zani,zilocchi,biagi,fuser,polledri,tebaldi,hayward
16/06/2018,2018,cos,japan,tour,yes,a,14,11,-3,,w,25,22,3,lovotti,ghiraldini,pasquali,zanni,budd,negri,polledri,steyn,violi,allan,minozzi,castello,campagnaro,benvenuti,hayward,bigi,traore,ferrari,fuser,licata,tebaldi,canna,bisegni
03/11/2018,2018,cos,ireland,tour,yes,a,14,2,-12,,l,7,54,-47,quaglio,bigi,pasquali,fuser,biagi,meyer,steyn,giammarioli,tebaldi,canna,bisegni,morisi,campagnaro,bellini,sperandio,fabiani,traore,zilocchi,lazzaroni,ruzza,tuivaiti,palazzani,mckinley
10/11/2018,2018,cos,georgia,eoyt,yes,h,14,13,-1,,w,28,17,11,lovotti,ghiraldini,ferrari,zanni,budd,negri,polledri,steyn,tebaldi,allan,bellini,castello,campagnaro,benvenuti,sperandio,bigi,traore,pasquali,fuser,meyer,palazzani,canna,morisi
17/11/2018,2018,cos,australia,eoyt,yes,h,13,7,-6,,l,7,26,-19,lovotti,ghiraldini,ferrari,zanni,budd,negri,polledri,steyn,tebaldi,allan,bellini,castello,campagnaro,benvenuti,hayward,bigi,traore,pasquali,fuser,meyer,palazzani,canna,morisi
24/11/2018,2018,cos,nz,eoyt,yes,h,14,1,-13,,l,3,66,-63,lovotti,ghiraldini,ferrari,zanni,budd,negri,polledri,steyn,tebaldi,allan,sperandio,castello,campagnaro,benvenuti,hayward,bigi,traore,pasquali,fuser,meyer,palazzani,morisi,padovani
02/02/2019,2019,cos,scotland,6n,yes,a,15,7,-8,,l,20,33,-13,lovotti,ghiraldini,ferrari,sisi,budd,negri,steyn,parisse,palazzani,allan,campagnaro,castello,morisi,esposito,hayward,bigi,traore,pasquali,ruzza,tuivaiti,benvenuti,mckinley,padovani
09/02/2019,2019,cos,wales,6n,yes,h,15,4,-11,,l,15,26,-11,quaglio,ghiraldini,ferrari,sisi,budd,negri,steyn,parisse,palazzani,allan,esposito,morisi,campagnaro,padovani,hayward,bigi,traore,pasquali,ruzza,barbini,gori,mckinley,benvenuti
24/02/2019,2019,cos,ireland,6n,yes,h,15,2,-13,,l,16,26,-10,lovotti,ghiraldini,ferrari,ruzza,budd,tuivaiti,mbanda,steyn,tebaldi,allan,esposito,morisi,campagnaro,padovani,hayward,bigi,traore,pasquali,sisi,zanni,palazzani,mckinley,castello
09/03/2019,2019,cos,england,6n,yes,a,14,4,-10,,l,14,57,-43,lovotti,bigi,ferrari,ruzza,budd,negri,steyn,parisse,tebaldi,allan,esposito,campagnaro,morisi,padovani,hayward,ghiraldini,traore,pasquali,sisi,polledri,palazzani,mckinley,castello
16/03/2019,2019,cos,france,6n,yes,h,14,8,-6,,l,14,25,-11,lovotti,ghiraldini,pasquali,sisi,ruzza,steyn,polledri,parisse,tebaldi,allan,esposito,morisi,zanon,padovani,hayward,,traore,ferrari,zanni,negri,palazzani,mckinley,sperandio
10/08/2019,2019,cos,ireland,friendly,yes,a,14,3,-11,,l,10,29,-19,quaglio,fabiani,riccioni,zanni,budd,licata,mbanda,tuivaiti,palazzani,canna,bisegni,,benvenuti,esposito,padovani,zani,lovotti,ferrari,lazzaroni,giammarioli,braley,mckinley,minozzi
17/08/2019,2019,cos,russia,friendly,yes,h,13,20,7,,w,85,15,70,lovotti,bigi,pasquali,sisi,ruzza,steyn,polledri,parisse,tebaldi,allan,minozzi,morisi,campagnaro,bellini,hayward,zani,ferrari,riccioni,zanni,negri,braley,canna,padovani
30/08/2019,2019,cos,france,friendly,yes,a,13,8,-5,,l,19,47,-28,ferrari,bigi,riccioni,zanni,ruzza,steyn,polledri,parisse,tebaldi,allan,minozzi,morisi,campagnaro,bellini,hayward,zani,lovotti,pasquali,budd,negri,palazzani,canna,benvenuti
06/09/2019,2019,cos,england,friendly,yes,a,13,3,-10,,l,0,37,-37,quaglio,fabiani,ferrari,sisi,budd,negri,steyn,tuivaiti,braley,canna,padovani,benvenuti,bisegni,bellini,hayward,zani,lovotti,riccioni,ruzza,zanni,mbanda,palazzani,allan
22/09/2019,2019,cos,namibia,wc,yes,n,14,23,9,,w,47,22,25,quaglio,bigi,pasquali,zanni,ruzza,steyn,mbanda,parisse,tebaldi,allan,bellini,morisi,benvenuti,padovani,hayward,fabiani,ferrari,riccioni,budd,polledri,palazzani,canna,minozzi
26/09/2019,2019,cos,canada,wc,yes,n,14,22,8,,w,48,7,41,lovotti,bigi,ferrari,sisi,budd,negri,polledri,steyn,braley,allan,bisegni,hayward,campagnaro,benvenuti,minozzi,zani,quaglio,riccioni,ruzza,mbanda,palazzani,canna,bellini
04/10/2019,2019,cos,sa,wc,yes,n,14,5,-9,,l,3,49,-46,lovotti,bigi,ferrari,sisi,budd,steyn,polledri,parisse,tebaldi,allan,campagnaro,hayward,morisi,benvenuti,minozzi,zani,quaglio,riccioni,ruzza,zanni,negri,braley,canna
01/02/2020,2020,fs,wales,6n,yes,a,12,4,-8,,l,0,42,-42,lovotti,bigi,zilocchi,zanni,"cannone, n",polledri,negri,steyn,braley,allan,bellini,canna,morisi,"sarto, l",minozzi,zani,fischetti,riccioni,lazzaroni,budd,licata,palazzani,hayward
09/02/2020,2020,fs,france,6n,yes,a,12,6,-6,,l,22,35,-13,lovotti,bigi,zilocchi,budd,"cannone, n",polledri,negri,steyn,braley,allan,minozzi,canna,morisi,bellini,hayward,zani,fischetti,riccioni,tuivaiti,ruzza,licata,palazzani,bisegni
22/02/2020,2020,fs,scotland,6n,yes,h,13,9,-4,,l,0,17,-17,lovotti,bigi,zilocchi,zanni,"cannone, n",polledri,negri,steyn,braley,allan,minozzi,canna,morisi,bellini,hayward,zani,fischetti,riccioni,lazzaroni,budd,licata,palazzani,bisegni
24/10/2020,2020,fs,ireland,6n,yes,a,14,4,-10,,l,17,50,-33,fischetti,bigi,zilocchi,lazzaroni,"cannone, n",negri,steyn,polledri,violi,"garbisi, p",bellini,canna,morisi,padovani,hayward,lucchesi,ferrari,ceccarelli,sisi,meyer,mbanda,braley,mori
31/10/2020,2020,fs,england,6n,yes,h,14,3,-11,,l,5,34,-29,fischetti,bigi,zilocchi,lazzaroni,"cannone, n",negri,steyn,polledri,violi,"garbisi, p",bellini,canna,morisi,padovani,minozzi,lucchesi,ferrari,ceccarelli,sisi,meyer,mbanda,palazzani,mori
14/11/2020,2020,fs,scotland,eoyt,yes,h,14,7,-7,,l,17,28,-11,fischetti,bigi,zilocchi,lazzaroni,"cannone, n",negri,steyn,polledri,violi,"garbisi, p",bellini,canna,zanon,trulla,minozzi,ghiraldini,ferrari,ceccarelli,meyer,mbanda,varney,allan,mori
28/11/2020,2020,fs,france,tour,yes,a,14,4,-10,,l,5,36,-31,fischetti,bigi,zilocchi,lazzaroni,"cannone, n",mbanda,meyer,steyn,violi,"garbisi, p",sperandio,canna,zanon,trulla,minozzi,ghiraldini,ferrari,ceccarelli,stoian,lamaro,varney,allan,mori
05/12/2020,2020,fs,wales,tour,yes,a,14,9,-5,,l,18,38,-20,fischetti,bigi,zilocchi,lazzaroni,"cannone, n",mbanda,meyer,steyn,varney,"garbisi, p",ioane,canna,zanon,sperandio,trulla,ghiraldini,ferrari,ceccarelli,stoian,lamaro,palazzani,allan,mori
06/02/2021,2021,fs,france,6n,yes,h,14,4,-10,,l,10,50,-40,rimpelli,bigi,riccioni,lazzaroni,sisi,negri,meyer,lamaro,varney,"garbisi, p",ioane,brex,zanon,sperandio,trulla,lucchesi,fischetti,zilocchi,"cannone, n",ruzza,mbanda,palazzani,canna
13/02/2021,2021,fs,england,6n,yes,a,14,3,-11,,l,18,41,-23,lovotti,bigi,riccioni,lazzaroni,sisi,negri,meyer,lamaro,varney,"garbisi, p",ioane,canna,brex,sperandio,trulla,lucchesi,fischetti,zilocchi,"cannone, n",ruzza,palazzani,allan,mori
27/02/2021,2021,fs,ireland,6n,yes,h,14,6,-8,,l,10,48,-38,lovotti,bigi,riccioni,lazzaroni,sisi,negri,meyer,lamaro,braley,"garbisi, p",ioane,canna,brex,sperandio,trulla,lucchesi,traore,zilocchi,"cannone, n",mbanda,palazzani,mori,bellini
13/03/2021,2021,fs,wales,6n,yes,h,15,5,-10,,l,7,48,-41,fischetti,bigi,zilocchi,"cannone, n",sisi,negri,meyer,lamaro,varney,"garbisi, p",ioane,canna,brex,bellini,trulla,fabiani,lovotti,riccioni,lazzaroni,mbanda,violi,mori,padovani
20/03/2021,2021,fs,scotland,6n,yes,a,15,9,-6,,l,10,52,-42,fischetti,bigi,riccioni,"cannone, n",ruzza,negri,meyer,lamaro,varney,"garbisi, p",ioane,mori,brex,bellini,padovani,lucchesi,lovotti,zilocchi,favretto,mbanda,violi,canna,zanon
06/11/2021,2021,kc,nz,eoyt,yes,h,14,1,-13,,l,9,47,-38,fischetti,lucchesi,riccioni,fuser,sisi,negri,lamaro,giammarioli,varney,"garbisi, p",ioane,zanon,brex,mori,minozzi,bigi,nemer,ceccarelli,"cannone, n",ruzza,steyn,braley,canna
13/11/2021,2021,kc,argentina,eoyt,yes,h,14,8,-6,,l,16,37,-21,nemer,lucchesi,riccioni,"cannone, n",sisi,negri,lamaro,licata,varney,"garbisi, p",ioane,morisi,brex,padovani,minozzi,bigi,fischetti,ceccarelli,fuser,ruzza,pettinelli,fusco,mori
20/11/2021,2021,kc,uruguay,eoyt,yes,h,14,17,3,,w,17,10,7,fischetti,bigi,nemer,fuser,ruzza,negri,lamaro,steyn,braley,"garbisi, p",ioane,morisi,brex,bruno,padovani,faiva,traore,ceccarelli,sisi,licata,fusco,canna,tavuyara
06/02/2022,2022,kc,france,6n,yes,a,14,5,-9,,l,10,37,-27,fischetti,lucchesi,pasquali,"cannone, n",ruzza,negri,lamaro,halafihi,varney,"garbisi, p",ioane,zanon,brex,menoncello,padovani,faiva,nemer,zilocchi,fuser,pettinelli,zuliani,braley,marin
13/02/2022,2022,kc,england,6n,yes,h,14,4,-10,,l,0,33,-33,fischetti,lucchesi,ceccarelli,"cannone, n",ruzza,steyn,lamaro,halafihi,varney,"garbisi, p",ioane,zanon,brex,mori,padovani,faiva,traore,pasquali,zambonin,negri,pettinelli,fusco,marin
27/02/2022,2022,kc,ireland,6n,yes,a,14,5,-9,,l,6,57,-51,fischetti,lucchesi,ceccarelli,"cannone, n",ruzza,pettinelli,lamaro,halafihi,varney,"garbisi, p",ioane,marin,brex,bruno,padovani,faiva,nemer,pasquali,sisi,zuliani,steyn,fusco,zanon
12/03/2022,2022,kc,scotland,6n,yes,h,14,8,-6,,l,22,33,-11,fischetti,nicotera,ceccarelli,"cannone, n",ruzza,pettinelli,lamaro,halafihi,braley,"garbisi, p",ioane,marin,brex,bruno,padovani,bigi,nemer,pasquali,sisi,steyn,fusco,zanon,capuozzo
19/03/2022,2022,kc,wales,6n,yes,a,14,8,-6,,w,22,21,1,fischetti,nicotera,ceccarelli,fuser,ruzza,pettinelli,lamaro,halafihi,braley,"garbisi, p",ioane,marin,brex,padovani,capuozzo,bigi,traore,alongi,sisi,"cannone, n",steyn,fusco,zanon
25/06/2022,2022,kc,portugal,tour,yes,a,14,20,6,,w,38,31,7,fischetti,faiva,ferrari,sisi,zambonin,pettinelli,lamaro,giammarioli,fusco,da re,padovani,marin,brex,trulla,capuozzo,lucchesi,traore,neculai,fuser,ruzza,zuliani,albanese,zanon
01/07/2022,2022,kc,romania,tour,yes,a,14,17,3,,w,45,13,32,nemer,lucchesi,ferrari,"cannone, n",fuser,ruzza,zuliani,halafihi,"garbisi, a",allan,bruno,zanon,menoncello,padovani,capuozzo,nicotera,traore,neculai,sisi,lamaro,giammarioli,albanese,"garbisi, p"
10/07/2022,2022,kc,georgia,tour,yes,a,12,13,1,,l,19,28,-9,fischetti,lucchesi,ferrari,"cannone, n",fuser,ruzza,lamaro,halafihi,"garbisi, a",allan,padovani,zanon,brex,menoncello,capuozzo,nicotera,nemer,neculai,sisi,pettinelli,giammarioli,fusco,"garbisi, p"
05/11/2022,2022,kc,samoa,eoyt,yes,h,14,11,-3,,w,49,17,32,fischetti,nicotera,ferrari,sisi,ruzza,zuliani,lamaro,"cannone, l",varney,"garbisi, p",ioane,morisi,brex,bruno,allan,lucchesi,nemer,ceccarelli,"cannone, n",halafihi,albanese,lucchin,menoncello
12/11/2022,2022,kc,australia,eoyt,yes,h,12,7,-5,,w,28,27,1,fischetti,lucchesi,ferrari,"cannone, n",ruzza,negri,lamaro,"cannone, l",varney,allan,ioane,morisi,brex,bruno,capuozzo,nicotera,nemer,ceccarelli,sisi,halafihi,"garbisi, a",padovani,menoncello
19/11/2022,2022,kc,sa,eoyt,yes,h,11,4,-7,,l,21,63,-42,fischetti,nicotera,ceccarelli,"cannone, n",ruzza,negri,lamaro,"cannone, l",varney,allan,ioane,morisi,brex,bruno,capuozzo,lucchesi,nemer,ferrari,sisi,zuliani,"garbisi, a",padovani,menoncello
05/02/2023,2023,kc,france,6n,yes,h,12,2,-10,,l,24,29,-5,fischetti,nicotera,ferrari,"cannone, n",ruzza,negri,lamaro,"cannone, l",varney,allan,menoncello,morisi,brex,bruno,capuozzo,bigi,zani,ceccarelli,iachizzi,pettinelli,zuliani,fusco,padovani
12/02/2023,2023,kc,england,6n,yes,a,12,6,-6,,l,14,31,-17,fischetti,nicotera,riccioni,"cannone, n",ruzza,negri,lamaro,"cannone, l",varney,allan,menoncello,morisi,brex,padovani,capuozzo,bigi,zani,ferrari,iachizzi,polledri,zuliani,fusco,bruno
25/02/2023,2023,kc,ireland,6n,yes,h,13,1,-12,,l,20,34,-14,fischetti,nicotera,ferrari,"cannone, n",ruzza,negri,lamaro,"cannone, l",varney,"garbisi, p",bruno,menoncello,brex,padovani,capuozzo,bigi,zani,riccioni,iachizzi,pettinelli,fusco,morisi,allan
11/03/2023,2023,kc,wales,6n,yes,h,13,10,-3,,l,17,29,-12,fischetti,nicotera,ferrari,"cannone, n",ruzza,negri,lamaro,"cannone, l",varney,"garbisi, p",bruno,menoncello,brex,padovani,allan,bigi,zani,riccioni,iachizzi,pettinelli,zuliani,fusco,morisi
18/03/2023,2023,kc,scotland,6n,yes,a,14,5,-9,,l,14,26,-12,fischetti,nicotera,riccioni,iachizzi,ruzza,negri,lamaro,"cannone, l",fusco,"garbisi, p",gesi,morisi,brex,bruno,allan,manfredi,zani,ceccarelli,"cannone, n",pettinelli,zuliani,"garbisi, a",zanon
29/07/2023,2023,kc,scotland,tour,yes,a,14,5,-9,,l,13,25,-12,zani,faiva,ceccarelli,sisi,zambonin,ruzza,zuliani,halafihi,page-relo,allan,ioane,morisi,menoncello,bruno,pani,manfredi,fischetti,alongi,iachizzi,"cannone, l","garbisi, a",da re,mori
05/08/2023,2023,kc,ireland,friendly,yes,a,14,1,-13,,l,17,33,-16,fischetti,nicotera,riccioni,lamb,ruzza,negri,zuliani,"cannone, l",varney,"garbisi, p",ioane,menoncello,brex,odogwu,allan,bigi,buonfiglio,ferrari,"cannone, n",lamaro,pettinelli,fusco,pani
19/08/2023,2023,kc,romania,friendly,yes,h,13,19,6,,w,57,7,50,nemer,nicotera,ferrari,,lamb,negri,odogwu,ceccarelli,"garbisi, a",fuser,ioane,morisi,brex,,capuozzo,marin,zani,,ruzza,"cannone, l",fusco,allan,pani
26/08/2023,2023,kc,japan,friendly,yes,h,13,14,1,,w,42,21,21,nemer,nicotera,ferrari,"cannone, n",ruzza,negri,lamaro,"cannone, l",varney,"garbisi, p",ioane,morisi,brex,capuozzo,allan,bigi,fischetti,ceccarelli,lamb,pettinelli,zuliani,page-relo,odogwu
09/09/2023,2023,kc,namibia,wc,yes,n,13,21,8,,w,52,8,44,fischetti,nicotera,ferrari,lamb,ruzza,negri,lamaro,"cannone, l",varney,"garbisi, p",ioane,morisi,brex,capuozzo,allan,faiva,nemer,riccioni,sisi,zuliani,page-relo,odogwu,bruno
20/09/2023,2023,kc,uruguay,wc,yes,n,12,17,5,,w,38,17,21,fischetti,nicotera,riccioni,"cannone, n",ruzza,negri,lamaro,"cannone, l","garbisi, a",allan,ioane,"garbisi, p",brex,pani,capuozzo,zani,nemer,ceccarelli,lamb,zuliani,pettinelli,fusco,odogwu
29/09/2023,2023,kc,nz,wc,yes,n,11,4,-7,,l,17,96,-79,fischetti,nicotera,riccioni,lamb,ruzza,negri,lamaro,"cannone, l",varney,"garbisi, p",ioane,morisi,brex,capuozzo,allan,faiva,nemer,ferrari,"cannone, n",zuliani,halafihi,page-relo,odogwu
06/10/2023,2023,kc,france,wc,yes,n,11,2,-9,,l,7,60,-53,ferrari,faiva,ceccarelli,"cannone, n",ruzza,negri,lamaro,"cannone, l",varney,allan,ioane,"garbisi, p",brex,bruno,capuozzo,manfredi,zani,riccioni,sisi,zuliani,fusco,morisi,pani
03/02/2024,2024,gq,england,6n,yes,h,11,5,-6,,l,24,27,-3,fischetti,lucchesi,ceccarelli,"cannone, n",ruzza,negri,lamaro,"cannone, l","garbisi, a","garbisi, p",ioane,menoncello,brex,pani,allan,nicotera,spagnolo,zilocchi,zambonin,izekor,zuliani,varney,mori
11/02/2024,2024,gq,ireland,6n,yes,a,11,2,-9,,l,0,36,-36,fischetti,lucchesi,ceccarelli,"cannone, n",ruzza,izekor,zuliani,lamaro,varney,"garbisi, p",ioane,menoncello,brex,pani,capuozzo,nicotera,spagnolo,zilocchi,zambonin,vintcent,page-relo,allan,mori
25/02/2024,2024,gq,france,6n,yes,a,11,4,-7,,d,13,13,0,fischetti,nicotera,zilocchi,"cannone, n",ruzza,favretto,lamaro,vintcent,page-relo,"garbisi, p",ioane,mori,brex,menoncello,capuozzo,lucchesi,spagnolo,ferrari,canali,zambonin,zuliani,varney,marin
09/03/2024,2024,gq,scotland,6n,yes,h,10,6,-4,,w,31,29,2,fischetti,nicotera,ferrari,"cannone, n",ruzza,negri,lamaro,vintcent,page-relo,"garbisi, p",ioane,menoncello,brex,lynagh,capuozzo,lucchesi,spagnolo,zilocchi,zambonin,"cannone, l",varney,marin,mori
16/03/2024,2024,gq,wales,6n,yes,a,9,8,-1,,w,24,21,3,fischetti,nicotera,ferrari,"cannone, n",ruzza,negri,lamaro,"cannone, l",varney,"garbisi, p",ioane,menoncello,brex,lynagh,pani,lucchesi,spagnolo,zilocchi,favretto,vintcent,zuliani,page-relo,marin
05/07/2024,2024,gq,samoa,tour,yes,a,8,14,6,,l,25,33,-8,fischetti,lucchesi,ferrari,"cannone, n",ruzza,izekor,lamaro,vintcent,varney,"garbisi, p",ioane,menoncello,brex,lynagh,gallagher,zarantonello,spagnolo,zilocchi,iachizzi,zuliani,"cannone, l",page-relo,marin
12/07/2024,2024,gq,tonga,tour,yes,a,9,15,6,,w,36,14,22,fischetti,nicotera,riccioni,iachizzi,ruzza,zuliani,lamaro,"cannone, l",page-relo,"garbisi, p",ioane,menoncello,brex,trulla,capuozzo,lucchesi,spagnolo,ferrari,zambonin,"cannone, n",vintcent,"garbisi, a",marin
21/07/2024,2024,gq,japan,tour,yes,a,8,14,6,,w,42,14,28,fischetti,nicotera,riccioni,"cannone, n",zambonin,vintcent,lamaro,"cannone, l",page-relo,"garbisi, p",trulla,menoncello,brex,lynagh,capuozzo,lucchesi,spagnolo,ferrari,ruzza,zuliani,"garbisi, a",marin,zanon
09/11/2024,2024,gq,argentina,eoyt,yes,h,8,6,-2,,l,18,50,-32,spagnolo,lucchesi,riccioni,"cannone, n",ruzza,negri,lamaro,"cannone, l",page-relo,"garbisi, p",ioane,menoncello,brex,lynagh,capuozzo,nicotera,fischetti,ferrari,lamb,zuliani,"garbisi, a",allan,zanon
17/11/2024,2024,gq,georgia,eoyt,yes,h,10,12,2,,w,20,17,3,fischetti,nicotera,ferrari,"cannone, n",lamb,negri,lamaro,vintcent,"garbisi, a","garbisi, p",ioane,menoncello,brex,trulla,gallagher,lucchesi,spagnolo,ceccarelli,favretto,zuliani,fusco,marin,bertaccini
23/11/2024,2024,gq,nz,eoyt,yes,h,10,3,-7,,l,11,29,-18,fischetti,lucchesi,riccioni,ruzza,lamb,negri,zuliani,vintcent,page-relo,"garbisi, p",ioane,menoncello,brex,trulla,capuozzo,nicotera,spagnolo,ferrari,"cannone, n",izekor,"garbisi, a",marin,zanon
01/02/2025,2025,gq,scotland,6n,yes,a,10,6,-4,,l,19,31,-12,fischetti,nicotera,ferrari,lamb,ruzza,negri,lamaro,"cannone, l",page-relo,"garbisi, p",ioane,menoncello,brex,capuozzo,allan,lucchesi,rizzoli,riccioni,"cannone, n",zuliani,vintcent,"garbisi, a",gesi
08/02/2025,2025,gq,wales,6n,yes,h,10,11,1,,w,22,15,7,fischetti,nicotera,ferrari,"cannone, n",ruzza,negri,lamaro,"cannone, l",page-relo,"garbisi, p",ioane,menoncello,brex,capuozzo,allan,lucchesi,rizzoli,riccioni,lamb,zuliani,vintcent,"garbisi, a",trulla
23/02/2025,2025,gq,france,6n,yes,h,10,4,-6,,l,24,73,-49,fischetti,lucchesi,ferrari,"cannone, n",ruzza,negri,lamaro,"cannone, l",page-relo,"garbisi, p",gesi,menoncello,brex,capuozzo,allan,nicotera,spagnolo,zilocchi,favretto,zuliani,vintcent,"garbisi, a",trulla
09/03/2025,2025,gq,england,6n,yes,a,10,6,-4,,l,24,47,-23,fischetti,nicotera,riccioni,"cannone, n",ruzza,negri,lamaro,vintcent,varney,"garbisi, p",gallagher,menoncello,brex,ioane,capuozzo,lucchesi,spagnolo,ferrari,favretto,zuliani,"cannone, l",page-relo,allan
15/03/2025,2025,gq,ireland,6n,yes,h,10,3,-7,,l,17,22,-5,fischetti,lucchesi,ferrari,lamb,ruzza,negri,zuliani,"cannone, l",page-relo,"garbisi, p",ioane,menoncello,brex,capuozzo,allan,nicotera,spagnolo,zilocchi,"cannone, n",lamaro,vintcent,varney,marin
27/06/2025,2025,gq,namibia,tour,yes,a,10,25,15,,w,73,6,67,fischetti,nicotera,riccioni,"cannone, n",favretto,negri,zuliani,vintcent,fusco,da re,gesi,marin,menoncello,odogwu,trulla,di bartolomeo,spagnolo,hasa,zambonin,"cannone, l",varney,bertaccini,belloni
05/07/2025,2025,gq,sa,tour,yes,a,10,1,-9,,l,24,42,-18,fischetti,di bartolomeo,ferrari,"cannone, n",zambonin,izekor,zuliani,"cannone, l",fusco,da re,gesi,zanon,menoncello,lynagh,trulla,dimcheff,spagnolo,hasa,canali,vintcent,odiase,"garbisi, a",bertaccini
12/07/2025,2025,gq,sa,tour,yes,a,10,1,-9,,l,0,45,-45,fischetti,di bartolomeo,ferrari,"cannone, n",zambonin,negri,zuliani,vintcent,"garbisi, a",da re,trulla,zanon,menoncello,lynagh,belloni,dimcheff,spagnolo,hasa,canali,izekor,odiase,varney,bertaccini
08/11/2025,2025,gq,australia,eoyt,yes,h,10,7,-3,,w,26,19,7,fischetti,nicotera,ferrari,"cannone, n",zambonin,vintcent,zuliani,"cannone, l",varney,"garbisi, p",ioane,menoncello,brex,lynagh,capuozzo,di bartolomeo,spagnolo,riccioni,ruzza,izekor,page-relo,allan,marin
15/11/2025,2025,gq,sa,eoyt,yes,h,10,1,-9,,l,14,32,-18,fischetti,nicotera,riccioni,"cannone, n",zambonin,vintcent,zuliani,"cannone, l",varney,"garbisi, p",ioane,menoncello,brex,lynagh,capuozzo,di bartolomeo,spagnolo,ferrari,ruzza,favretto,odiase,page-relo,allan
22/11/2025,2025,gq,chile,eoyt,yes,h,10,18,8,,w,34,19,15,hasa,di bartolomeo,ferrari,"cannone, n",ruzza,izekor,lamaro,"cannone, l","garbisi, a",da re,ioane,marin,menoncello,belloni,capuozzo,dimcheff,fischetti,zilocchi,opoku gyamfi,zuliani,page-relo,brex,todaro
07/02/2026,2026,gq,scotland,6n,yes,h,10,9,-1,,w,18,15,3,fischetti,nicotera,ferrari,"cannone, n",zambonin,lamaro,zuliani,"cannone, l",fusco,"garbisi, p",ioane,menoncello,brex,lynagh,marin,di bartolomeo,spagnolo,hasa,ruzza,favretto,"garbisi, a",da re,pani
14/02/2026,2026,gq,ireland,6n,yes,a,9,5,-4,,l,13,20,-7,fischetti,nicotera,ferrari,"cannone, n",zambonin,lamaro,zuliani,"cannone, l",fusco,"garbisi, p",ioane,marin,menoncello,lynagh,pani,di bartolomeo,spagnolo,hasa,ruzza,favretto,odiase,"garbisi, a",odogwu
22/02/2026,2026,gq,france,6n,yes,a,10,3,-7,,l,8,33,-25,fischetti,nicotera,ferrari,"cannone, n",zambonin,lamaro,zuliani,"cannone, l",fusco,"garbisi, p",ioane,marin,menoncello,lynagh,capuozzo,dimcheff,spagnolo,zilocchi,ruzza,favretto,odiase,"garbisi, a",odogwu
07/03/2026,2026,gq,england,6n,yes,h,10,5,-5,,w,23,18,5,fischetti,nicotera,ferrari,"cannone, n",zambonin,lamaro,zuliani,"cannone, l","garbisi, a","garbisi, p",ioane,menoncello,brex,lynagh,pani,di bartolomeo,spagnolo,hasa,ruzza,favretto,fusco,marin,allan
14/03/2026,2026,gq,wales,6n,yes,a,10,12,2,,l,17,31,-14,fischetti,nicotera,hasa,"cannone, n",ruzza,lamaro,zuliani,"cannone, l",fusco,"garbisi, p",ioane,menoncello,brex,lynagh,pani,di bartolomeo,spagnolo,zilocchi,favretto,odiase,varney,marin,allan
04/07/2026,2026,gq,japan,nc,yes,a,10,12,2,,l,10,27,-17,fischetti,di bartolomeo,riccioni,"cannone, n",zambonin,ortombina,lamaro,"cannone, l",varney,"garbisi, p",ioane,menoncello,brex,faissal,pani,lucchesi,spagnolo,hasa,favretto,vintcent,fusco,marin,allan
11/07/2026,2026,gq,nz,nc,yes,a,10,2,-8,,l,17,47,-30,fischetti,di bartolomeo,riccioni,"cannone, n",zambonin,vintcent,lamaro,"cannone, l",varney,"garbisi, p",lynagh,menoncello,brex,faissal,allan,lucchesi,spagnolo,hasa,marini,ruzza,favretto,"garbisi, a",marin
18/07/2026,2026,gq,australia,nc,yes,a,10,8,-2,,l,10,57,-47,hasa,lucchesi,riccioni,marini,ruzza,favretto,lamaro,vintcent,"garbisi, a","garbisi, p",ioane,odogwu,brex,lynagh,pani,dimcheff,fischetti,neculai,zambonin,ortombina,fusco,da re,marin
