date,team,opposition,temp_c,precip_mm,wind_kmh
09/02/2020,france,italy,11.8,1.1,38.8
09/02/2020,italy,france,11.8,1.1,38.8
06/11/2021,england,tonga,12.7,0.0,24.0
06/11/2021,tonga,england,12.7,0.0,24.0
27/09/2025,new_zealand,australia,15.4,0.0,8.1
27/09/2025,australia,new_zealand,15.4,0.0,8.1
25/06/2016,south_africa,ireland,16.2,0.0,8.7
25/06/2016,ireland,south_africa,16.2,0.0,8.7
08/08/2015,south_africa,argentina,21.7,0.0,8.8
08/08/2015,argentina,south_africa,21.7,0.0,8.8
20/03/2021,france,wales,3.0,0.0,9.7
20/03/2021,wales,france,3.0,0.0,9.7
07/03/2026,italy,england,15.4,0.0,9.4
07/03/2026,england,italy,15.4,0.0,9.4
22/02/2025,wales,ireland,11.9,0.0,21.0
22/02/2025,ireland,wales,11.9,0.0,21.0
26/02/2022,england,wales,9.1,0.0,16.5
26/02/2022,wales,england,9.1,0.0,16.5
11/03/2023,england,france,7.4,0.0,15.0
11/03/2023,france,england,7.4,0.0,15.0
10/11/2018,scotland,fiji,10.0,0.0,13.6
10/11/2018,fiji,scotland,10.0,0.0,13.6
01/11/2025,ireland,new_zealand,9.7,0.0,6.5
01/11/2025,new_zealand,ireland,9.7,0.0,6.5
05/11/2022,scotland,fiji,10.4,0.6,13.7
05/11/2022,fiji,scotland,10.4,0.6,13.7
21/10/2017,australia,new_zealand,15.4,0.0,10.8
21/10/2017,new_zealand,australia,15.4,0.0,10.8
25/09/2015,argentina,georgia,15.4,0.0,9.6
25/09/2015,georgia,argentina,15.4,0.0,9.6
05/08/2023,wales,england,16.7,0.0,27.8
05/08/2023,england,wales,16.7,0.0,27.8
06/10/2019,france,tonga,26.9,0.0,12.6
06/10/2019,tonga,france,26.9,0.0,12.6
06/02/2021,england,scotland,7.2,0.3,8.1
06/02/2021,scotland,england,7.2,0.3,8.1
19/09/2015,south_africa,japan,17.3,0.0,8.7
19/09/2015,japan,south_africa,17.3,0.0,8.7
08/09/2018,new_zealand,argentina,7.6,0.0,4.5
08/09/2018,argentina,new_zealand,7.6,0.0,4.5
10/03/2018,france,england,17.4,0.0,16.5
10/03/2018,england,france,17.4,0.0,16.5
22/09/2019,italy,namibia,27.5,0.0,23.1
22/09/2019,namibia,italy,27.5,0.0,23.1
10/07/2021,new_zealand,fiji,4.6,0.1,32.7
10/07/2021,fiji,new_zealand,4.6,0.1,32.7
27/07/2019,new_zealand,south_africa,12.2,0.0,19.4
27/07/2019,south_africa,new_zealand,12.2,0.0,19.4
07/08/2021,south_africa,british & irish lions,13.0,0.0,4.2
07/08/2021,british & irish lions,south_africa,13.0,0.0,4.2
07/10/2023,ireland,scotland,15.7,0.0,8.4
07/10/2023,scotland,ireland,15.7,0.0,8.4
08/11/2025,italy,australia,9.6,0.0,5.8
08/11/2025,australia,italy,9.6,0.0,5.8
04/07/2026,australia,ireland,12.3,0.0,3.2
04/07/2026,ireland,australia,12.3,0.0,3.2
23/09/2019,wales,georgia,23.5,0.0,15.6
23/09/2019,georgia,wales,23.5,0.0,15.6
24/06/2017,argentina,georgia,21.2,0.0,5.9
24/06/2017,georgia,argentina,21.2,0.0,5.9
28/09/2024,south_africa,argentina,28.4,0.0,12.7
28/09/2024,argentina,south_africa,28.4,0.0,12.7
05/07/2025,georgia,ireland,17.9,0.6,22.5
05/07/2025,ireland,georgia,17.9,0.6,22.5
16/07/2022,argentina,scotland,14.8,0.0,27.7
16/07/2022,scotland,argentina,14.8,0.0,27.7
17/10/2015,new_zealand,france,10.5,0.0,14.8
17/10/2015,france,new_zealand,10.5,0.0,14.8
24/11/2018,italy,new_zealand,13.2,0.0,9.1
24/11/2018,new_zealand,italy,13.2,0.0,9.1
20/08/2016,south_africa,argentina,21.3,0.0,9.4
20/08/2016,argentina,south_africa,21.3,0.0,9.4
08/08/2015,wales,ireland,20.0,0.0,10.9
08/08/2015,ireland,wales,20.0,0.0,10.9
25/11/2017,england,samoa,6.4,0.0,21.3
25/11/2017,samoa,england,6.4,0.0,21.3
03/02/2018,wales,scotland,5.7,0.1,13.0
03/02/2018,scotland,wales,5.7,0.1,13.0
18/11/2017,ireland,fiji,7.6,0.0,11.3
18/11/2017,fiji,ireland,7.6,0.0,11.3
14/10/2023,ireland,new_zealand,12.2,0.0,10.6
14/10/2023,new_zealand,ireland,12.2,0.0,10.6
16/09/2023,ireland,tonga,22.4,0.0,8.8
16/09/2023,tonga,ireland,22.4,0.0,8.8
02/06/2019,england,barbarians,24.3,0.0,23.8
02/06/2019,barbarians,england,24.3,0.0,23.8
23/09/2023,south_africa,ireland,12.8,0.0,5.6
23/09/2023,ireland,south_africa,12.8,0.0,5.6
15/07/2023,australia,argentina,17.1,0.0,12.8
15/07/2023,argentina,australia,17.1,0.0,12.8
23/02/2019,france,scotland,14.2,0.0,10.7
23/02/2019,scotland,france,14.2,0.0,10.7
23/06/2018,australia,ireland,11.2,0.0,11.0
23/06/2018,ireland,australia,11.2,0.0,11.0
26/10/2024,japan,new_zealand,22.0,0.0,16.1
26/10/2024,new_zealand,japan,22.0,0.0,16.1
29/05/2016,england,wales,18.7,0.0,21.7
29/05/2016,wales,england,18.7,0.0,21.7
11/07/2026,argentina,wales,12.9,0.0,15.9
11/07/2026,wales,argentina,12.9,0.0,15.9
26/08/2023,spain,argentina,29.6,0.0,29.3
26/08/2023,argentina,spain,29.6,0.0,29.3
17/06/2017,argentina,england,22.1,0.0,22.1
17/06/2017,england,argentina,22.1,0.0,22.1
06/09/2019,japan,south_africa,26.2,0.0,13.9
06/09/2019,south_africa,japan,26.2,0.0,13.9
06/11/2021,france,argentina,7.5,0.0,10.7
06/11/2021,argentina,france,7.5,0.0,10.7
31/10/2020,italy,england,15.6,0.0,4.7
31/10/2020,england,italy,15.6,0.0,4.7
18/06/2016,usa,italy,24.8,0.0,12.1
18/06/2016,italy,usa,24.8,0.0,12.1
05/09/2015,wales,italy,15.4,0.0,14.1
05/09/2015,italy,wales,15.4,0.0,14.1
23/02/2018,france,italy,6.4,0.0,11.3
23/02/2018,italy,france,6.4,0.0,11.3
04/07/2021,england,usa,19.7,1.3,18.8
04/07/2021,usa,england,19.7,1.3,18.8
10/07/2024,uruguay,france,7.3,0.0,12.9
10/07/2024,france,uruguay,7.3,0.0,12.9
16/08/2025,south_africa,australia,14.6,0.3,13.1
16/08/2025,australia,south_africa,14.6,0.3,13.1
23/11/2024,italy,new_zealand,21.1,0.0,15.1
23/11/2024,new_zealand,italy,21.1,0.0,15.1
21/10/2023,england,south_africa,12.4,0.8,29.1
21/10/2023,south_africa,england,12.4,0.8,29.1
04/10/2025,australia,new_zealand,17.2,1.1,15.2
04/10/2025,new_zealand,australia,17.2,1.1,15.2
01/10/2015,france,canada,12.2,0.0,14.0
01/10/2015,canada,france,12.2,0.0,14.0
11/02/2018,scotland,france,3.1,0.0,28.8
11/02/2018,france,scotland,3.1,0.0,28.8
11/07/2026,south_africa,scotland,18.0,0.0,7.9
11/07/2026,scotland,south_africa,18.0,0.0,7.9
31/08/2019,wales,ireland,17.9,0.0,20.9
31/08/2019,ireland,wales,17.9,0.0,20.9
10/08/2024,new_zealand,argentina,9.1,0.0,5.5
10/08/2024,argentina,new_zealand,9.1,0.0,5.5
26/08/2023,scotland,georgia,16.6,0.1,6.4
26/08/2023,georgia,scotland,16.6,0.1,6.4
05/07/2025,japan,wales,32.9,0.0,17.2
05/07/2025,wales,japan,32.9,0.0,17.2
04/02/2018,italy,england,8.7,0.0,7.7
04/02/2018,england,italy,8.7,0.0,7.7
24/09/2022,new_zealand,australia,13.9,0.0,22.4
24/09/2022,australia,new_zealand,13.9,0.0,22.4
14/11/2020,italy,scotland,17.5,0.0,4.7
14/11/2020,scotland,italy,17.5,0.0,4.7
18/06/2016,australia,england,10.1,0.0,7.3
18/06/2016,england,australia,10.1,0.0,7.3
19/08/2023,wales,south_africa,20.5,0.0,25.0
19/08/2023,south_africa,wales,20.5,0.0,25.0
16/06/2018,argentina,wales,12.1,0.0,10.4
16/06/2018,wales,argentina,12.1,0.0,10.4
19/03/2022,ireland,scotland,12.6,0.0,28.2
19/03/2022,scotland,ireland,12.6,0.0,28.2
16/03/2019,italy,france,17.7,0.0,8.2
16/03/2019,france,italy,17.7,0.0,8.2
19/03/2016,wales,italy,7.4,0.0,21.0
19/03/2016,italy,wales,7.4,0.0,21.0
13/11/2021,ireland,new_zealand,12.8,0.0,8.0
13/11/2021,new_zealand,ireland,12.8,0.0,8.0
19/10/2019,england,australia,22.4,0.0,16.4
19/10/2019,australia,england,22.4,0.0,16.4
04/10/2025,argentina,south_africa,20.9,0.0,14.5
04/10/2025,south_africa,argentina,20.9,0.0,14.5
03/02/2024,italy,england,10.6,0.0,2.9
03/02/2024,england,italy,10.6,0.0,2.9
29/10/2022,scotland,australia,12.0,0.0,13.6
29/10/2022,australia,scotland,12.0,0.0,13.6
19/07/2025,new_zealand,france,9.0,0.0,0.3
19/07/2025,france,new_zealand,9.0,0.0,0.3
01/12/2018,barbarians,argentina,12.1,0.1,25.3
01/12/2018,argentina,barbarians,12.1,0.1,25.3
16/09/2017,australia,argentina,5.9,0.0,6.2
16/09/2017,argentina,australia,5.9,0.0,6.2
14/03/2026,ireland,scotland,8.9,0.0,15.9
14/03/2026,scotland,ireland,8.9,0.0,15.9
22/06/2024,japan,england,27.7,0.0,27.0
22/06/2024,england,japan,27.7,0.0,27.0
31/10/2020,france,ireland,15.9,0.1,20.5
31/10/2020,ireland,france,15.9,0.1,20.5
10/09/2023,wales,fiji,26.9,0.0,8.5
10/09/2023,fiji,wales,26.9,0.0,8.5
04/11/2017,barbarians,new_zealand,11.6,0.1,16.9
04/11/2017,new_zealand,barbarians,11.6,0.1,16.9
26/08/2023,england,fiji,19.3,0.1,13.7
26/08/2023,fiji,england,19.3,0.1,13.7
10/10/2015,samoa,scotland,13.8,0.0,13.0
10/10/2015,scotland,samoa,13.8,0.0,13.0
26/11/2016,england,argentina,8.7,0.0,14.2
26/11/2016,argentina,england,8.7,0.0,14.2
13/11/2021,italy,argentina,13.0,0.0,1.4
13/11/2021,argentina,italy,13.0,0.0,1.4
05/11/2022,italy,samoa,15.2,0.0,14.5
05/11/2022,samoa,italy,15.2,0.0,14.5
19/08/2017,south_africa,argentina,16.3,0.0,38.7
19/08/2017,argentina,south_africa,16.3,0.0,38.7
24/10/2020,ireland,italy,11.9,0.1,18.1
24/10/2020,italy,ireland,11.9,0.1,18.1
20/09/2015,new_zealand,argentina,17.6,0.0,14.5
20/09/2015,argentina,new_zealand,17.6,0.0,14.5
21/07/2024,japan,italy,32.3,0.0,16.7
21/07/2024,italy,japan,32.3,0.0,16.7
18/10/2020,new_zealand,australia,15.7,0.0,11.8
18/10/2020,australia,new_zealand,15.7,0.0,11.8
14/10/2023,wales,argentina,24.9,0.0,19.8
14/10/2023,argentina,wales,24.9,0.0,19.8
22/06/2024,south_africa,wales,20.7,0.1,13.6
22/06/2024,wales,south_africa,20.7,0.1,13.6
12/11/2022,france,south_africa,14.7,0.0,5.9
12/11/2022,south_africa,france,14.7,0.0,5.9
20/11/2021,england,south_africa,10.5,0.0,11.9
20/11/2021,south_africa,england,10.5,0.0,11.9
26/08/2017,new_zealand,australia,13.1,0.0,12.5
26/08/2017,australia,new_zealand,13.1,0.0,12.5
20/11/2021,france,new_zealand,7.3,0.0,4.8
20/11/2021,new_zealand,france,7.3,0.0,4.8
10/11/2018,italy,georgia,18.9,0.0,4.2
10/11/2018,georgia,italy,18.9,0.0,4.2
22/08/2015,france,england,25.9,0.0,11.9
22/08/2015,england,france,25.9,0.0,11.9
02/08/2025,australia,british & irish lions,13.7,1.5,29.5
02/08/2025,british & irish lions,australia,13.7,1.5,29.5
05/11/2016,ireland,new_zealand,18.3,0.0,12.0
05/11/2016,new_zealand,ireland,18.3,0.0,12.0
27/02/2016,england,ireland,5.2,0.0,23.8
27/02/2016,ireland,england,5.2,0.0,23.8
27/08/2016,new_zealand,australia,10.6,0.0,19.2
27/08/2016,australia,new_zealand,10.6,0.0,19.2
17/06/2017,fiji,italy,23.6,0.1,15.0
17/06/2017,italy,fiji,23.6,0.1,15.0
12/11/2022,wales,argentina,14.7,0.0,15.6
12/11/2022,argentina,wales,14.7,0.0,15.6
06/08/2022,south_africa,new_zealand,24.2,0.0,8.7
06/08/2022,new_zealand,south_africa,24.2,0.0,8.7
15/03/2015,italy,france,11.8,0.0,25.5
15/03/2015,france,italy,11.8,0.0,25.5
30/10/2021,scotland,tonga,10.0,0.1,16.0
30/10/2021,tonga,scotland,10.0,0.1,16.0
23/09/2023,england,chile,17.5,0.0,13.3
23/09/2023,chile,england,17.5,0.0,13.3
07/02/2016,ireland,wales,5.9,0.2,29.2
07/02/2016,wales,ireland,5.9,0.2,29.2
04/07/2026,fiji,wales,20.7,0.0,22.8
04/07/2026,wales,fiji,20.7,0.0,22.8
11/10/2019,australia,georgia,22.0,0.8,17.7
11/10/2019,georgia,australia,22.0,0.8,17.7
24/02/2019,italy,ireland,9.0,0.0,4.3
24/02/2019,ireland,italy,9.0,0.0,4.3
18/10/2015,ireland,argentina,12.5,0.0,14.7
18/10/2015,argentina,ireland,12.5,0.0,14.7
07/11/2021,scotland,australia,9.7,0.0,30.4
07/11/2021,australia,scotland,9.7,0.0,30.4
10/03/2019,ireland,france,5.8,0.0,40.9
10/03/2019,france,ireland,5.8,0.0,40.9
14/11/2021,wales,fiji,11.5,0.0,11.4
14/11/2021,fiji,wales,11.5,0.0,11.4
07/09/2019,ireland,wales,16.2,0.0,11.7
07/09/2019,wales,ireland,16.2,0.0,11.7
07/09/2019,new_zealand,tonga,14.2,0.0,29.3
07/09/2019,tonga,new_zealand,14.2,0.0,29.3
09/09/2017,new_zealand,argentina,7.4,0.3,19.2
09/09/2017,argentina,new_zealand,7.4,0.3,19.2
20/11/2022,france,japan,9.0,0.0,6.5
20/11/2022,japan,france,9.0,0.0,6.5
13/02/2016,wales,scotland,5.3,0.0,19.9
13/02/2016,scotland,wales,5.3,0.0,19.9
18/09/2021,australia,south_africa,21.3,0.0,17.1
18/09/2021,south_africa,australia,21.3,0.0,17.1
12/02/2022,wales,scotland,8.0,0.0,23.2
12/02/2022,scotland,wales,8.0,0.0,23.2
12/08/2023,england,wales,20.3,0.0,29.3
12/08/2023,wales,england,20.3,0.0,29.3
31/07/2021,south_africa,british & irish lions,16.6,0.0,4.2
31/07/2021,british & irish lions,south_africa,16.6,0.0,4.2
28/09/2019,south_africa,namibia,23.3,0.0,5.9
28/09/2019,namibia,south_africa,23.3,0.0,5.9
21/11/2020,england,ireland,12.6,0.0,21.4
21/11/2020,ireland,england,12.6,0.0,21.4
12/11/2022,england,japan,16.5,0.0,10.8
12/11/2022,japan,england,16.5,0.0,10.8
20/07/2019,argentina,new_zealand,18.1,0.0,18.9
20/07/2019,new_zealand,argentina,18.1,0.0,18.9
09/03/2019,scotland,wales,6.4,0.3,29.8
09/03/2019,wales,scotland,6.4,0.3,29.8
18/11/2017,england,australia,7.7,0.5,14.7
18/11/2017,australia,england,7.7,0.5,14.7
17/11/2024,wales,australia,9.3,0.2,15.2
17/11/2024,australia,wales,9.3,0.2,15.2
10/11/2024,wales,fiji,14.1,0.0,7.6
10/11/2024,fiji,wales,14.1,0.0,7.6
18/09/2021,argentina,new_zealand,18.5,0.0,15.7
18/09/2021,new_zealand,argentina,18.5,0.0,15.7
29/08/2015,scotland,italy,16.7,0.0,21.9
29/08/2015,italy,scotland,16.7,0.0,21.9
23/05/2015,paraguay,argentina,24.5,1.3,8.2
23/05/2015,argentina,paraguay,24.5,1.3,8.2
23/10/2021,usa,new_zealand,18.3,0.2,12.9
23/10/2021,new_zealand,usa,18.3,0.2,12.9
26/11/2016,ireland,australia,8.1,0.0,8.4
26/11/2016,australia,ireland,8.1,0.0,8.4
28/06/2025,south_africa,barbarians,13.9,0.2,19.0
28/06/2025,barbarians,south_africa,13.9,0.2,19.0
17/10/2015,south_africa,wales,12.0,0.0,16.7
17/10/2015,wales,south_africa,12.0,0.0,16.7
24/08/2019,england,ireland,27.5,0.0,10.5
24/08/2019,ireland,england,27.5,0.0,10.5
12/11/2022,ireland,fiji,13.5,0.0,23.7
12/11/2022,fiji,ireland,13.5,0.0,23.7
02/07/2021,south_africa,georgia,12.6,0.0,8.1
02/07/2021,georgia,south_africa,12.6,0.0,8.1
18/07/2025,samoa,scotland,11.9,0.0,20.0
18/07/2025,scotland,samoa,11.9,0.0,20.0
10/02/2019,england,france,7.1,0.0,22.8
10/02/2019,france,england,7.1,0.0,22.8
26/06/2016,canada,italy,26.7,0.0,18.9
26/06/2016,italy,canada,26.7,0.0,18.9
19/08/2023,italy,romania,30.2,0.0,17.3
19/08/2023,romania,italy,30.2,0.0,17.3
19/11/2016,france,australia,7.8,0.0,20.3
19/11/2016,australia,france,7.8,0.0,20.3
24/11/2018,england,australia,8.6,0.0,18.0
24/11/2018,australia,england,8.6,0.0,18.0
21/02/2026,wales,scotland,11.2,1.4,27.7
21/02/2026,scotland,wales,11.2,1.4,27.7
18/06/2016,south_africa,ireland,14.6,0.0,13.4
18/06/2016,ireland,south_africa,14.6,0.0,13.4
18/11/2017,scotland,new_zealand,4.0,0.0,18.0
18/11/2017,new_zealand,scotland,4.0,0.0,18.0
23/06/2017,samoa,wales,24.8,0.0,14.1
23/06/2017,wales,samoa,24.8,0.0,14.1
10/03/2018,ireland,scotland,9.6,1.0,24.2
10/03/2018,scotland,ireland,9.6,1.0,24.2
09/07/2022,new_zealand,ireland,5.1,0.2,26.6
09/07/2022,ireland,new_zealand,5.1,0.2,26.6
27/06/2026,barbarians,wales,15.6,0.2,5.1
27/06/2026,wales,barbarians,15.6,0.2,5.1
23/09/2015,australia,fiji,15.3,0.0,22.2
23/09/2015,fiji,australia,15.3,0.0,22.2
12/07/2025,fiji,scotland,25.1,0.0,15.2
12/07/2025,scotland,fiji,25.1,0.0,15.2
17/08/2019,italy,russia,25.5,0.0,8.0
17/08/2019,russia,italy,25.5,0.0,8.0
09/06/2018,japan,italy,23.9,0.0,4.8
09/06/2018,italy,japan,23.9,0.0,4.8
11/07/2026,australia,france,16.7,0.0,4.7
11/07/2026,france,australia,16.7,0.0,4.7
27/10/2018,new_zealand,australia,22.2,0.0,29.5
27/10/2018,australia,new_zealand,22.2,0.0,29.5
25/02/2017,scotland,wales,10.4,0.1,33.9
25/02/2017,wales,scotland,10.4,0.1,33.9
11/03/2023,italy,wales,20.6,0.0,8.7
11/03/2023,wales,italy,20.6,0.0,8.7
17/11/2018,scotland,south_africa,6.9,0.0,9.9
17/11/2018,south_africa,scotland,6.9,0.0,9.9
18/11/2017,italy,argentina,13.7,0.0,14.7
18/11/2017,argentina,italy,13.7,0.0,14.7
18/07/2026,australia,italy,15.4,0.0,9.2
18/07/2026,italy,australia,15.4,0.0,9.2
04/07/2026,argentina,scotland,8.7,0.0,12.8
04/07/2026,scotland,argentina,8.7,0.0,12.8
04/02/2023,wales,ireland,9.4,0.0,15.0
04/02/2023,ireland,wales,9.4,0.0,15.0
20/07/2024,chile,scotland,7.9,0.0,8.3
20/07/2024,scotland,chile,7.9,0.0,8.3
10/02/2024,england,wales,11.0,0.0,8.9
10/02/2024,wales,england,11.0,0.0,8.9
14/02/2015,england,italy,7.3,0.0,11.4
14/02/2015,italy,england,7.3,0.0,11.4
19/10/2019,new_zealand,ireland,21.8,0.0,28.3
19/10/2019,ireland,new_zealand,21.8,0.0,28.3
18/07/2026,south_africa,wales,21.7,0.0,3.1
18/07/2026,wales,south_africa,21.7,0.0,3.1
17/11/2018,england,japan,10.6,0.0,18.1
17/11/2018,japan,england,10.6,0.0,18.1
18/10/2015,australia,scotland,14.0,0.0,10.3
18/10/2015,scotland,australia,14.0,0.0,10.3
29/11/2025,wales,south_africa,7.3,0.0,15.0
29/11/2025,south_africa,wales,7.3,0.0,15.0
11/08/2019,england,wales,20.7,0.1,25.7
11/08/2019,wales,england,20.7,0.1,25.7
09/07/2022,argentina,scotland,22.7,0.0,5.9
09/07/2022,scotland,argentina,22.7,0.0,5.9
23/08/2025,south_africa,australia,14.2,0.1,21.3
23/08/2025,australia,south_africa,14.2,0.1,21.3
12/07/2025,south_africa,italy,14.1,0.0,10.1
12/07/2025,italy,south_africa,14.1,0.0,10.1
06/10/2019,new_zealand,namibia,21.5,0.4,24.2
06/10/2019,namibia,new_zealand,21.5,0.4,24.2
14/11/2017,france xv,new_zealand,5.9,0.0,22.6
14/11/2017,new_zealand,france xv,5.9,0.0,22.6
16/05/2015,uruguay,argentina,22.8,0.0,12.6
16/05/2015,argentina,uruguay,22.8,0.0,12.6
18/07/2026,argentina,england,25.9,0.0,19.4
18/07/2026,england,argentina,25.9,0.0,19.4
10/08/2024,australia,south_africa,22.2,0.0,13.9
10/08/2024,south_africa,australia,22.2,0.0,13.9
07/10/2017,argentina,australia,23.3,0.0,10.3
07/10/2017,australia,argentina,23.3,0.0,10.3
05/07/2024,samoa,italy,27.9,0.0,15.5
05/07/2024,italy,samoa,27.9,0.0,15.5
10/11/2018,wales,australia,10.4,0.5,16.6
10/11/2018,australia,wales,10.4,0.5,16.6
14/03/2021,scotland,ireland,6.4,0.0,19.7
14/03/2021,ireland,scotland,6.4,0.0,19.7
11/07/2026,new_zealand,italy,8.8,0.0,15.7
11/07/2026,italy,new_zealand,8.8,0.0,15.7
13/07/2021,australia,france,11.3,0.0,18.7
13/07/2021,france,australia,11.3,0.0,18.7
02/10/2019,new_zealand,canada,23.4,0.2,13.9
02/10/2019,canada,new_zealand,23.4,0.2,13.9
01/10/2016,south_africa,australia,27.9,0.0,17.9
01/10/2016,australia,south_africa,27.9,0.0,17.9
05/02/2023,italy,france,8.0,0.0,13.3
05/02/2023,france,italy,8.0,0.0,13.3
11/10/2015,italy,romania,13.6,0.0,15.6
11/10/2015,romania,italy,13.6,0.0,15.6
26/07/2025,australia,british & irish lions,11.0,0.7,14.4
26/07/2025,british & irish lions,australia,11.0,0.7,14.4
18/03/2017,ireland,england,12.2,0.0,32.6
18/03/2017,england,ireland,12.2,0.0,32.6
20/11/2021,italy,uruguay,9.2,0.0,7.7
20/11/2021,uruguay,italy,9.2,0.0,7.7
07/10/2015,south_africa,usa,13.8,0.0,16.6
07/10/2015,usa,south_africa,13.8,0.0,16.6
29/09/2018,argentina,new_zealand,19.5,0.0,26.4
29/09/2018,new_zealand,argentina,19.5,0.0,26.4
05/10/2019,australia,uruguay,24.5,0.0,10.1
05/10/2019,uruguay,australia,24.5,0.0,10.1
01/11/2019,new_zealand,wales,17.1,0.0,26.2
01/11/2019,wales,new_zealand,17.1,0.0,26.2
02/06/2018,south_africa,wales,24.7,0.3,8.8
02/06/2018,wales,south_africa,24.7,0.3,8.8
15/08/2015,new_zealand,australia,11.2,0.0,14.7
15/08/2015,australia,new_zealand,11.2,0.0,14.7
12/07/2025,new_zealand,france,13.1,0.0,28.3
12/07/2025,france,new_zealand,13.1,0.0,28.3
25/11/2017,ireland,argentina,4.5,0.0,25.9
25/11/2017,argentina,ireland,4.5,0.0,25.9
03/11/2018,japan,new_zealand,18.5,0.0,6.8
03/11/2018,new_zealand,japan,18.5,0.0,6.8
19/07/2025,australia,british & irish lions,14.1,0.0,7.0
19/07/2025,british & irish lions,australia,14.1,0.0,7.0
17/07/2021,new_zealand,fiji,14.7,0.0,29.5
17/07/2021,fiji,new_zealand,14.7,0.0,29.5
12/02/2023,england,italy,9.3,0.0,8.9
12/02/2023,italy,england,9.3,0.0,8.9
16/11/2025,scotland,argentina,5.3,0.0,9.0
16/11/2025,argentina,scotland,5.3,0.0,9.0
17/08/2024,new_zealand,argentina,14.6,3.3,30.5
17/08/2024,argentina,new_zealand,14.6,3.3,30.5
19/11/2016,scotland,argentina,3.2,0.0,10.0
19/11/2016,argentina,scotland,3.2,0.0,10.0
04/10/2019,south_africa,italy,22.7,0.0,24.1
04/10/2019,italy,south_africa,22.7,0.0,24.1
07/10/2017,south_africa,new_zealand,16.1,0.0,12.5
07/10/2017,new_zealand,south_africa,16.1,0.0,12.5
09/10/2015,new_zealand,tonga,10.6,0.0,6.6
09/10/2015,tonga,new_zealand,10.6,0.0,6.6
02/07/2022,japan,france,30.3,0.0,18.8
02/07/2022,france,japan,30.3,0.0,18.8
18/03/2017,scotland,italy,7.9,0.2,14.0
18/03/2017,italy,scotland,7.9,0.2,14.0
18/03/2023,scotland,italy,11.2,0.5,12.0
18/03/2023,italy,scotland,11.2,0.5,12.0
26/11/2016,france,new_zealand,6.7,0.0,9.2
26/11/2016,new_zealand,france,6.7,0.0,9.2
11/07/2026,japan,ireland,12.8,0.0,11.2
11/07/2026,ireland,japan,12.8,0.0,11.2
16/07/2022,australia,england,13.1,0.0,17.6
16/07/2022,england,australia,13.1,0.0,17.6
17/09/2023,australia,fiji,26.8,0.0,22.7
17/09/2023,fiji,australia,26.8,0.0,22.7
13/11/2022,scotland,new_zealand,14.3,0.0,6.6
13/11/2022,new_zealand,scotland,14.3,0.0,6.6
21/11/2020,wales,georgia,11.5,0.5,25.0
21/11/2020,georgia,wales,11.5,0.5,25.0
09/03/2025,england,italy,25.3,0.0,18.3
09/03/2025,italy,england,25.3,0.0,18.3
17/08/2019,south_africa,argentina,25.8,0.0,7.1
17/08/2019,argentina,south_africa,25.8,0.0,7.1
04/07/2026,new_zealand,france,12.8,0.3,21.4
04/07/2026,france,new_zealand,12.8,0.3,21.4
13/03/2016,scotland,france,12.4,0.0,10.2
13/03/2016,france,scotland,12.4,0.0,10.2
20/07/2024,uruguay,argentina,11.5,0.1,17.1
20/07/2024,argentina,uruguay,11.5,0.1,17.1
25/08/2023,new_zealand,south_africa,17.3,0.1,14.2
25/08/2023,south_africa,new_zealand,17.3,0.1,14.2
03/10/2015,england,australia,12.3,0.0,7.7
03/10/2015,australia,england,12.3,0.0,7.7
01/02/2020,wales,italy,9.4,0.0,37.6
01/02/2020,italy,wales,9.4,0.0,37.6
04/07/2026,south_africa,england,14.7,0.0,4.9
04/07/2026,england,south_africa,14.7,0.0,4.9
17/11/2024,italy,georgia,8.4,0.0,1.9
17/11/2024,georgia,italy,8.4,0.0,1.9
18/06/2016,japan,scotland,25.1,0.0,8.4
18/06/2016,scotland,japan,25.1,0.0,8.4
06/02/2022,france,italy,10.3,0.3,36.5
06/02/2022,italy,france,10.3,0.3,36.5
27/02/2016,italy,scotland,7.5,0.9,22.2
27/02/2016,scotland,italy,7.5,0.9,22.2
05/09/2021,australia,new_zealand,20.4,0.0,11.0
05/09/2021,new_zealand,australia,20.4,0.0,11.0
13/03/2021,england,france,8.3,0.4,27.8
13/03/2021,france,england,8.3,0.4,27.8
06/02/2015,wales,england,1.7,0.0,24.9
06/02/2015,england,wales,1.7,0.0,24.9
05/11/2022,ireland,south_africa,12.0,0.0,9.5
05/11/2022,south_africa,ireland,12.0,0.0,9.5
13/09/2025,australia,argentina,18.4,0.0,12.3
13/09/2025,argentina,australia,18.4,0.0,12.3
16/08/2025,argentina,new_zealand,16.0,0.0,11.9
16/08/2025,new_zealand,argentina,16.0,0.0,11.9
28/09/2024,new_zealand,australia,11.1,0.0,10.3
28/09/2024,australia,new_zealand,11.1,0.0,10.3
18/08/2018,south_africa,argentina,16.7,0.0,6.3
18/08/2018,argentina,south_africa,16.7,0.0,6.3
28/02/2015,scotland,italy,7.1,0.2,25.7
28/02/2015,italy,scotland,7.1,0.2,25.7
13/02/2021,scotland,wales,-1.1,0.1,10.0
13/02/2021,wales,scotland,-1.1,0.1,10.0
17/11/2018,italy,australia,8.5,0.2,15.8
17/11/2018,australia,italy,8.5,0.2,15.8
28/02/2015,france,wales,7.5,0.0,22.0
28/02/2015,wales,france,7.5,0.0,22.0
11/06/2016,australia,england,15.1,0.0,8.1
11/06/2016,england,australia,15.1,0.0,8.1
05/02/2022,ireland,wales,9.9,0.1,43.9
05/02/2022,wales,ireland,9.9,0.1,43.9
25/06/2016,japan,scotland,24.9,0.0,16.6
25/06/2016,scotland,japan,24.9,0.0,16.6
08/08/2015,australia,new_zealand,21.9,0.4,21.7
08/08/2015,new_zealand,australia,21.9,0.4,21.7
10/08/2019,ireland,italy,18.4,0.2,32.6
10/08/2019,italy,ireland,18.4,0.2,32.6
02/07/2022,south_africa,wales,14.9,0.0,6.1
02/07/2022,wales,south_africa,14.9,0.0,6.1
21/09/2024,argentina,south_africa,33.8,0.0,18.7
21/09/2024,south_africa,argentina,33.8,0.0,18.7
06/10/2018,south_africa,new_zealand,26.3,0.0,5.2
06/10/2018,new_zealand,south_africa,26.3,0.0,5.2
16/06/2018,new_zealand,france,12.4,0.0,26.6
16/06/2018,france,new_zealand,12.4,0.0,26.6
04/10/2015,ireland,italy,17.3,0.0,11.3
04/10/2015,italy,ireland,17.3,0.0,11.3
14/09/2023,france,uruguay,18.4,0.0,10.4
14/09/2023,uruguay,france,18.4,0.0,10.4
19/11/2022,scotland,argentina,8.3,0.0,9.0
19/11/2022,argentina,scotland,8.3,0.0,9.0
07/09/2024,south_africa,new_zealand,12.8,0.0,18.2
07/09/2024,new_zealand,south_africa,12.8,0.0,18.2
19/03/2022,wales,italy,14.4,0.0,29.1
19/03/2022,italy,wales,14.4,0.0,29.1
06/09/2019,england,italy,14.3,0.0,22.7
06/09/2019,italy,england,14.3,0.0,22.7
26/11/2016,scotland,georgia,4.8,0.0,2.3
26/11/2016,georgia,scotland,4.8,0.0,2.3
22/11/2025,france,australia,-0.4,0.0,15.8
22/11/2025,australia,france,-0.4,0.0,15.8
25/10/2025,japan,australia,13.4,0.0,10.8
25/10/2025,australia,japan,13.4,0.0,10.8
03/07/2021,romania,argentina,20.7,0.0,6.2
03/07/2021,argentina,romania,20.7,0.0,6.2
03/11/2018,england,south_africa,12.3,0.0,24.8
03/11/2018,south_africa,england,12.3,0.0,24.8
21/03/2015,scotland,ireland,7.1,0.0,5.4
21/03/2015,ireland,scotland,7.1,0.0,5.4
05/02/2026,france,ireland,9.0,0.1,11.0
05/02/2026,ireland,france,9.0,0.1,11.0
20/07/2024,australia,georgia,14.3,0.0,33.9
20/07/2024,georgia,australia,14.3,0.0,33.9
05/09/2015,usa,australia,25.0,0.0,7.6
05/09/2015,australia,usa,25.0,0.0,7.6
04/07/2026,japan,italy,25.1,0.1,10.2
04/07/2026,italy,japan,25.1,0.1,10.2
13/07/2024,new_zealand,england,10.3,0.0,9.7
13/07/2024,england,new_zealand,10.3,0.0,9.7
14/08/2021,new_zealand,australia,13.2,0.0,24.0
14/08/2021,australia,new_zealand,13.2,0.0,24.0
28/11/2020,france,italy,5.2,0.0,10.7
28/11/2020,italy,france,5.2,0.0,10.7
08/10/2016,argentina,australia,12.2,0.0,11.6
08/10/2016,australia,argentina,12.2,0.0,11.6
30/11/2019,wales,barbarians,6.7,0.0,21.3
30/11/2019,barbarians,wales,6.7,0.0,21.3
25/10/2015,argentina,australia,11.4,0.0,5.6
25/10/2015,australia,argentina,11.4,0.0,5.6
25/06/2022,portugal,italy,21.5,0.0,20.8
25/06/2022,italy,portugal,21.5,0.0,20.8
23/11/2025,england,argentina,9.2,0.0,15.3
23/11/2025,argentina,england,9.2,0.0,15.3
24/08/2019,scotland,france,22.0,0.0,11.9
24/08/2019,france,scotland,22.0,0.0,11.9
23/09/2015,scotland,japan,16.0,0.0,21.5
23/09/2015,japan,scotland,16.0,0.0,21.5
01/07/2022,romania,italy,27.0,0.0,6.0
01/07/2022,italy,romania,27.0,0.0,6.0
24/06/2017,south_africa,france,12.8,0.0,6.4
24/06/2017,france,south_africa,12.8,0.0,6.4
10/06/2017,italy,scotland,26.7,0.1,2.5
10/06/2017,scotland,italy,26.7,0.1,2.5
27/09/2015,ireland,romania,16.5,0.0,17.0
27/09/2015,romania,ireland,16.5,0.0,17.0
18/07/2015,australia,south_africa,11.6,0.0,8.7
18/07/2015,south_africa,australia,11.6,0.0,8.7
08/11/2025,scotland,new_zealand,13.3,0.1,10.2
08/11/2025,new_zealand,scotland,13.3,0.1,10.2
11/06/2016,south_africa,ireland,15.7,0.0,13.7
11/06/2016,ireland,south_africa,15.7,0.0,13.7
15/08/2015,england,france,16.7,0.0,5.1
15/08/2015,france,england,16.7,0.0,5.1
26/02/2016,wales,france,4.5,0.0,18.2
26/02/2016,france,wales,4.5,0.0,18.2
06/07/2024,australia,wales,13.2,0.1,8.8
06/07/2024,wales,australia,13.2,0.1,8.8
20/03/2021,ireland,england,11.2,0.0,14.2
20/03/2021,england,ireland,11.2,0.0,14.2
15/03/2025,wales,england,8.1,0.0,17.6
15/03/2025,england,wales,8.1,0.0,17.6
05/08/2023,ireland,italy,13.5,1.3,17.1
05/08/2023,italy,ireland,13.5,1.3,17.1
26/11/2022,england,south_africa,11.3,0.1,23.2
26/11/2022,south_africa,england,11.3,0.1,23.2
09/10/2019,argentina,usa,23.3,0.0,18.1
09/10/2019,usa,argentina,23.3,0.0,18.1
23/11/2024,wales,south_africa,14.2,1.9,32.7
23/11/2024,south_africa,wales,14.2,1.9,32.7
11/03/2017,italy,france,14.7,0.0,6.4
11/03/2017,france,italy,14.7,0.0,6.4
12/07/2022,maori all blacks,ireland,12.7,0.0,37.8
12/07/2022,ireland,maori all blacks,12.7,0.0,37.8
01/02/2025,ireland,england,9.1,0.0,24.6
01/02/2025,england,ireland,9.1,0.0,24.6
06/11/2022,england,argentina,13.1,1.2,16.5
06/11/2022,argentina,england,13.1,1.2,16.5
21/11/2021,ireland,argentina,8.3,0.0,24.8
21/11/2021,argentina,ireland,8.3,0.0,24.8
23/11/2024,ireland,fiji,15.4,0.0,15.4
23/11/2024,fiji,ireland,15.4,0.0,15.4
15/09/2022,australia,new_zealand,13.3,0.0,13.4
15/09/2022,new_zealand,australia,13.3,0.0,13.4
11/11/2017,scotland,samoa,6.1,0.0,15.7
11/11/2017,samoa,scotland,6.1,0.0,15.7
16/03/2019,england,scotland,11.0,0.0,47.6
16/03/2019,scotland,england,11.0,0.0,47.6
17/08/2024,australia,south_africa,13.9,0.1,17.7
17/08/2024,south_africa,australia,13.9,0.1,17.7
05/09/2015,leicester tigers,argentina,14.6,0.0,15.8
05/09/2015,argentina,leicester tigers,14.6,0.0,15.8
01/02/2025,scotland,italy,5.4,0.0,14.3
01/02/2025,italy,scotland,5.4,0.0,14.3
16/03/2024,wales,italy,10.0,0.1,17.2
16/03/2024,italy,wales,10.0,0.1,17.2
25/06/2016,australia,england,9.6,0.0,13.6
25/06/2016,england,australia,9.6,0.0,13.6
09/02/2025,scotland,ireland,5.3,0.2,17.8
09/02/2025,ireland,scotland,5.3,0.2,17.8
13/07/2024,australia,wales,9.4,0.6,8.5
13/07/2024,wales,australia,9.4,0.6,8.5
27/10/2019,wales,south_africa,17.5,0.5,10.8
27/10/2019,south_africa,wales,17.5,0.5,10.8
12/03/2022,england,ireland,11.1,0.0,23.2
12/03/2022,ireland,england,11.1,0.0,23.2
17/03/2018,england,ireland,1.2,0.2,33.1
17/03/2018,ireland,england,1.2,0.2,33.1
17/08/2019,wales,england,18.4,0.0,24.5
17/08/2019,england,wales,18.4,0.0,24.5
13/08/2022,south_africa,new_zealand,21.4,0.0,23.9
13/08/2022,new_zealand,south_africa,21.4,0.0,23.9
07/09/2019,australia,samoa,10.9,0.0,12.1
07/09/2019,samoa,australia,10.9,0.0,12.1
12/03/2016,ireland,italy,11.6,0.0,18.4
12/03/2016,italy,ireland,11.6,0.0,18.4
20/09/2015,wales,uruguay,15.1,0.0,14.8
20/09/2015,uruguay,wales,15.1,0.0,14.8
05/11/2022,france,australia,10.0,0.0,15.3
05/11/2022,australia,france,10.0,0.0,15.3
16/06/2018,usa,scotland,29.0,0.1,19.2
16/06/2018,scotland,usa,29.0,0.1,19.2
10/06/2017,south_africa,france,13.8,0.0,6.3
10/06/2017,france,south_africa,13.8,0.0,6.3
19/08/2023,ireland,england,21.1,0.0,25.0
19/08/2023,england,ireland,21.1,0.0,25.0
19/06/2016,argentina,france,16.3,0.0,2.7
19/06/2016,france,argentina,16.3,0.0,2.7
16/07/2022,new_zealand,ireland,6.3,0.0,5.7
16/07/2022,ireland,new_zealand,6.3,0.0,5.7
13/03/2021,italy,wales,15.9,0.0,0.8
13/03/2021,wales,italy,15.9,0.0,0.8
16/03/2019,wales,ireland,10.9,0.1,32.1
16/03/2019,ireland,wales,10.9,0.1,32.1
10/03/2024,wales,france,10.8,0.0,9.4
10/03/2024,france,wales,10.8,0.0,9.4
25/11/2017,wales,new_zealand,4.3,0.0,14.9
25/11/2017,new_zealand,wales,4.3,0.0,14.9
12/07/2025,japan,wales,32.0,0.1,7.4
12/07/2025,wales,japan,32.0,0.1,7.4
26/08/2023,italy,japan,31.3,0.0,18.1
26/08/2023,japan,italy,31.3,0.0,18.1
11/08/2026,sharks,new_zealand,13.5,0.8,21.3
11/08/2026,new_zealand,sharks,13.5,0.8,21.3
24/09/2023,scotland,tonga,23.5,0.0,8.4
24/09/2023,tonga,scotland,23.5,0.0,8.4
08/02/2020,ireland,wales,9.8,0.0,41.6
08/02/2020,wales,ireland,9.8,0.0,41.6
07/02/2015,italy,ireland,5.4,0.0,8.9
07/02/2015,ireland,italy,5.4,0.0,8.9
30/09/2017,south_africa,australia,24.9,0.0,11.0
30/09/2017,australia,south_africa,24.9,0.0,11.0
09/03/2024,england,ireland,12.1,0.0,20.4
09/03/2024,ireland,england,12.1,0.0,20.4
19/03/2016,ireland,scotland,7.0,0.0,15.1
19/03/2016,scotland,ireland,7.0,0.0,15.1
24/09/2015,new_zealand,namibia,13.7,0.0,14.4
24/09/2015,namibia,new_zealand,13.7,0.0,14.4
25/02/2023,italy,ireland,15.9,0.0,14.3
25/02/2023,ireland,italy,15.9,0.0,14.3
16/11/2024,england,south_africa,21.5,0.0,25.2
16/11/2024,south_africa,england,21.5,0.0,25.2
01/10/2023,south_africa,tonga,19.6,0.0,4.5
01/10/2023,tonga,south_africa,19.6,0.0,4.5
10/06/2017,usa,ireland,27.5,0.3,20.4
10/06/2017,ireland,usa,27.5,0.3,20.4
27/02/2021,italy,ireland,17.3,0.0,20.3
27/02/2021,ireland,italy,17.3,0.0,20.3
04/11/2023,wales,barbarians,11.8,0.1,26.8
04/11/2023,barbarians,wales,11.8,0.1,26.8
17/07/2021,australia,france,14.8,0.0,19.2
17/07/2021,france,australia,14.8,0.0,19.2
25/02/2024,france,italy,9.5,0.0,21.6
25/02/2024,italy,france,9.5,0.0,21.6
24/10/2015,south_africa,new_zealand,13.9,0.0,12.8
24/10/2015,new_zealand,south_africa,13.9,0.0,12.8
11/10/2015,france,ireland,13.5,0.0,15.5
11/10/2015,ireland,france,13.5,0.0,15.5
11/02/2023,ireland,france,11.2,0.0,9.4
11/02/2023,france,ireland,11.2,0.0,9.4
27/08/2022,new_zealand,argentina,8.0,0.0,4.9
27/08/2022,argentina,new_zealand,8.0,0.0,4.9
18/07/2026,japan,france,28.5,0.0,10.4
18/07/2026,france,japan,28.5,0.0,10.4
01/03/2015,ireland,england,3.1,1.2,34.6
01/03/2015,england,ireland,3.1,1.2,34.6
31/10/2020,australia,new_zealand,22.9,0.1,16.9
31/10/2020,new_zealand,australia,22.9,0.1,16.9
07/08/2026,stormers,new_zealand,13.6,0.0,3.4
07/08/2026,new_zealand,stormers,13.6,0.0,3.4
10/08/2019,argentina,south_africa,18.8,0.0,15.3
10/08/2019,south_africa,argentina,18.8,0.0,15.3
13/11/2021,england,australia,12.3,0.0,9.1
13/11/2021,australia,england,12.3,0.0,9.1
10/11/2018,ireland,argentina,7.4,0.0,7.4
10/11/2018,argentina,ireland,7.4,0.0,7.4
05/08/2023,argentina,south_africa,15.3,0.0,15.4
05/08/2023,south_africa,argentina,15.3,0.0,15.4
09/11/2024,france,japan,11.5,0.0,4.6
09/11/2024,japan,france,11.5,0.0,4.6
27/06/2025,namibia,italy,16.5,0.0,8.8
27/06/2025,italy,namibia,16.5,0.0,8.8
12/07/2024,tonga,italy,21.6,0.1,32.4
12/07/2024,italy,tonga,21.6,0.1,32.4
17/11/2018,wales,tonga,9.4,0.0,23.1
17/11/2018,tonga,wales,9.4,0.0,23.1
12/11/2016,italy,new_zealand,12.7,0.0,9.4
12/11/2016,new_zealand,italy,12.7,0.0,9.4
10/02/2018,england,wales,6.9,0.4,31.2
10/02/2018,wales,england,6.9,0.4,31.2
26/02/2017,england,italy,11.0,0.0,33.1
26/02/2017,italy,england,11.0,0.0,33.1
12/11/2022,italy,australia,19.2,0.0,15.3
12/11/2022,australia,italy,19.2,0.0,15.3
09/07/2022,japan,france,30.1,0.0,23.2
09/07/2022,france,japan,30.1,0.0,23.2
13/08/2022,argentina,australia,22.7,0.0,6.9
13/08/2022,australia,argentina,22.7,0.0,6.9
11/11/2017,italy,fiji,18.7,0.0,11.0
11/11/2017,fiji,italy,18.7,0.0,11.0
10/06/2017,australia,fiji,14.3,0.0,3.8
10/06/2017,fiji,australia,14.3,0.0,3.8
12/11/2016,scotland,australia,10.1,0.0,16.1
12/11/2016,australia,scotland,10.1,0.0,16.1
06/11/2021,italy,new_zealand,14.7,0.0,16.6
06/11/2021,new_zealand,italy,14.7,0.0,16.6
18/06/2016,new_zealand,wales,13.6,0.0,23.9
18/06/2016,wales,new_zealand,13.6,0.0,23.9
26/03/2021,france,scotland,10.4,0.2,22.3
26/03/2021,scotland,france,10.4,0.2,22.3
22/02/2020,italy,scotland,13.8,0.0,0.4
22/02/2020,scotland,italy,13.8,0.0,0.4
15/08/2026,bulls,new_zealand,15.2,0.0,4.3
15/08/2026,new_zealand,bulls,15.2,0.0,4.3
13/07/2024,south_africa,ireland,22.0,0.0,4.8
13/07/2024,ireland,south_africa,22.0,0.0,4.8
24/02/2018,scotland,england,5.4,0.0,12.1
24/02/2018,england,scotland,5.4,0.0,12.1
15/03/2025,italy,ireland,14.4,0.8,10.4
15/03/2025,ireland,italy,14.4,0.8,10.4
26/09/2015,italy,canada,15.9,0.0,6.5
26/09/2015,canada,italy,15.9,0.0,6.5
01/11/2025,south_africa,japan,14.2,0.0,15.5
01/11/2025,japan,south_africa,14.2,0.0,15.5
05/11/2022,wales,new_zealand,13.7,0.1,20.5
05/11/2022,new_zealand,wales,13.7,0.1,20.5
31/10/2020,wales,scotland,12.3,0.5,33.5
31/10/2020,scotland,wales,12.3,0.5,33.5
26/06/2015,argentina,french barbarians,16.7,0.0,5.4
26/06/2015,french barbarians,argentina,16.7,0.0,5.4
01/10/2016,argentina,new_zealand,15.8,0.0,21.7
01/10/2016,new_zealand,argentina,15.8,0.0,21.7
22/11/2025,wales,new_zealand,9.4,0.4,16.1
22/11/2025,new_zealand,wales,9.4,0.4,16.1
19/03/2016,france,england,6.2,0.0,14.1
19/03/2016,england,france,6.2,0.0,14.1
04/11/2017,japan,australia,20.1,0.1,5.8
04/11/2017,australia,japan,20.1,0.1,5.8
08/09/2018,australia,south_africa,18.0,0.0,7.2
08/09/2018,south_africa,australia,18.0,0.0,7.2
20/07/2019,south_africa,australia,12.6,0.0,13.8
20/07/2019,australia,south_africa,12.6,0.0,13.8
31/01/2025,france,wales,2.0,0.2,12.0
31/01/2025,wales,france,2.0,0.2,12.0
24/06/2017,fiji,scotland,24.1,0.3,13.9
24/06/2017,scotland,fiji,24.1,0.3,13.9
18/11/2017,wales,georgia,11.6,0.0,21.3
18/11/2017,georgia,wales,11.6,0.0,21.3
06/12/2020,england,france,5.2,0.0,8.7
06/12/2020,france,england,5.2,0.0,8.7
08/03/2020,scotland,france,8.0,0.1,26.1
08/03/2020,france,scotland,8.0,0.1,26.1
15/09/2018,new_zealand,south_africa,11.4,0.0,28.9
15/09/2018,south_africa,new_zealand,11.4,0.0,28.9
06/08/2022,argentina,australia,12.2,0.0,7.6
06/08/2022,australia,argentina,12.2,0.0,7.6
23/02/2019,wales,england,13.7,0.0,7.8
23/02/2019,england,wales,13.7,0.0,7.8
24/09/2023,wales,australia,16.2,0.0,6.5
24/09/2023,australia,wales,16.2,0.0,6.5
08/07/2017,new_zealand,british & irish lions,12.5,0.0,12.0
08/07/2017,british & irish lions,new_zealand,12.5,0.0,12.0
16/06/2018,japan,italy,22.3,0.0,3.2
16/06/2018,italy,japan,22.3,0.0,3.2
26/02/2022,scotland,france,7.9,0.0,28.7
26/02/2022,france,scotland,7.9,0.0,28.7
26/09/2019,england,usa,24.4,0.0,13.1
26/09/2019,usa,england,24.4,0.0,13.1
08/09/2023,france,new_zealand,27.5,0.0,9.9
08/09/2023,new_zealand,france,27.5,0.0,9.9
03/02/2018,france,ireland,5.1,0.3,12.1
03/02/2018,ireland,france,5.1,0.3,12.1
18/03/2023,ireland,england,10.3,0.0,23.3
18/03/2023,england,ireland,10.3,0.0,23.3
14/03/2015,wales,ireland,5.8,0.0,18.7
14/03/2015,ireland,wales,5.8,0.0,18.7
31/08/2024,south_africa,new_zealand,16.0,0.0,10.8
31/08/2024,new_zealand,south_africa,16.0,0.0,10.8
22/11/2025,ireland,south_africa,7.7,0.0,13.7
22/11/2025,south_africa,ireland,7.7,0.0,13.7
08/07/2023,south_africa,australia,16.2,0.0,10.5
08/07/2023,australia,south_africa,16.2,0.0,10.5
25/09/2021,new_zealand,south_africa,24.1,0.0,13.1
25/09/2021,south_africa,new_zealand,24.1,0.0,13.1
12/03/2023,scotland,ireland,10.9,0.0,30.6
12/03/2023,ireland,scotland,10.9,0.0,30.6
13/02/2022,italy,england,9.0,0.0,1.5
13/02/2022,england,italy,9.0,0.0,1.5
09/06/2018,canada,scotland,26.1,0.0,10.2
09/06/2018,scotland,canada,26.1,0.0,10.2
11/11/2017,ireland,south_africa,7.9,0.3,8.0
11/11/2017,south_africa,ireland,7.9,0.3,8.0
01/02/2019,france,wales,5.0,0.4,4.5
01/02/2019,wales,france,5.0,0.4,4.5
09/10/2019,wales,fiji,19.7,0.0,0.5
09/10/2019,fiji,wales,19.7,0.0,0.5
22/11/2024,france,argentina,1.2,0.0,9.9
22/11/2024,argentina,france,1.2,0.0,9.9
09/07/2022,australia,england,10.9,0.0,8.9
09/07/2022,england,australia,10.9,0.0,8.9
07/07/2021,australia,france,12.5,0.0,7.1
07/07/2021,france,australia,12.5,0.0,7.1
14/11/2020,new_zealand,argentina,21.9,0.0,11.2
14/11/2020,argentina,new_zealand,21.9,0.0,11.2
25/07/2015,south_africa,new_zealand,9.2,0.0,17.6
25/07/2015,new_zealand,south_africa,9.2,0.0,17.6
27/07/2019,australia,argentina,16.0,0.0,10.6
27/07/2019,argentina,australia,16.0,0.0,10.6
16/11/2024,scotland,portugal,7.7,0.1,19.0
16/11/2024,portugal,scotland,7.7,0.1,19.0
24/11/2018,wales,south_africa,7.9,0.1,21.7
24/11/2018,south_africa,wales,7.9,0.1,21.7
14/03/2026,france,england,5.7,0.0,5.4
14/03/2026,england,france,5.7,0.0,5.4
14/02/2026,ireland,italy,5.5,0.0,11.4
14/02/2026,italy,ireland,5.5,0.0,11.4
07/09/2019,randwick,argentina,16.7,0.0,29.1
07/09/2019,argentina,randwick,16.7,0.0,29.1
09/09/2023,italy,namibia,30.5,0.0,5.8
09/09/2023,namibia,italy,30.5,0.0,5.8
23/06/2018,south_africa,england,15.8,0.4,25.5
23/06/2018,england,south_africa,15.8,0.4,25.5
28/11/2020,argentina,new_zealand,28.7,0.0,16.4
28/11/2020,new_zealand,argentina,28.7,0.0,16.4
06/07/2024,argentina,france,8.4,0.0,16.2
06/07/2024,france,argentina,8.4,0.0,16.2
21/09/2019,france,argentina,23.1,0.0,11.7
21/09/2019,argentina,france,23.1,0.0,11.7
21/11/2020,argentina,australia,19.9,0.0,6.5
21/11/2020,australia,argentina,19.9,0.0,6.5
16/06/2017,new_zealand,samoa,13.2,0.0,7.1
16/06/2017,samoa,new_zealand,13.2,0.0,7.1
10/10/2015,england,uruguay,11.1,0.0,13.4
10/10/2015,uruguay,england,11.1,0.0,13.4
09/09/2017,australia,south_africa,16.9,0.0,9.4
09/09/2017,south_africa,australia,16.9,0.0,9.4
05/10/2023,new_zealand,uruguay,14.0,0.0,6.8
05/10/2023,uruguay,new_zealand,14.0,0.0,6.8
17/11/2018,ireland,new_zealand,10.6,0.0,20.1
17/11/2018,new_zealand,ireland,10.6,0.0,20.1
10/07/2021,england,canada,16.5,0.1,1.1
10/07/2021,canada,england,16.5,0.1,1.1
31/08/2024,argentina,australia,11.2,1.6,22.4
31/08/2024,australia,argentina,11.2,1.6,22.4
15/10/2023,england,fiji,19.6,0.0,34.8
15/10/2023,fiji,england,19.6,0.0,34.8
08/02/2025,england,france,26.4,0.0,17.3
08/02/2025,france,england,26.4,0.0,17.3
25/09/2021,australia,argentina,21.9,0.0,5.0
25/09/2021,argentina,australia,21.9,0.0,5.0
23/02/2025,italy,france,13.5,0.0,4.8
23/02/2025,france,italy,13.5,0.0,4.8
18/03/2017,france,wales,11.6,0.0,23.8
18/03/2017,wales,france,11.6,0.0,23.8
26/11/2022,wales,australia,11.2,1.4,24.2
26/11/2022,australia,wales,11.2,1.4,24.2
24/11/2018,ireland,usa,8.6,0.0,20.6
24/11/2018,usa,ireland,8.6,0.0,20.6
26/09/2015,south_africa,samoa,15.7,0.0,8.7
26/09/2015,samoa,south_africa,15.7,0.0,8.7
03/10/2019,ireland,russia,23.4,0.6,29.6
03/10/2019,russia,ireland,23.4,0.6,29.6
05/09/2015,england,ireland,13.5,0.0,12.6
05/09/2015,ireland,england,13.5,0.0,12.6
02/11/2019,england,south_africa,15.2,0.0,11.2
02/11/2019,south_africa,england,15.2,0.0,11.2
10/07/2022,georgia,italy,23.5,0.1,9.4
10/07/2022,italy,georgia,23.5,0.1,9.4
20/06/2025,british & irish lions,argentina,20.1,0.0,14.3
20/06/2025,argentina,british & irish lions,20.1,0.0,14.3
11/03/2017,england,scotland,15.2,0.0,10.6
11/03/2017,scotland,england,15.2,0.0,10.6
07/09/2024,argentina,australia,26.1,0.0,11.9
07/09/2024,australia,argentina,26.1,0.0,11.9
22/02/2025,england,scotland,24.8,0.0,20.1
22/02/2025,scotland,england,24.8,0.0,20.1
11/02/2024,ireland,italy,8.8,0.0,22.7
11/02/2024,italy,ireland,8.8,0.0,22.7
09/09/2023,england,argentina,22.2,0.0,5.1
09/09/2023,argentina,england,22.2,0.0,5.1
18/07/2026,fiji,scotland,19.3,0.0,7.7
18/07/2026,scotland,fiji,19.3,0.0,7.7
06/09/2025,australia,argentina,27.5,0.0,25.4
06/09/2025,argentina,australia,27.5,0.0,25.4
08/03/2025,ireland,france,12.5,0.0,12.8
08/03/2025,france,ireland,12.5,0.0,12.8
29/10/2022,japan,new_zealand,20.1,0.0,22.6
29/10/2022,new_zealand,japan,20.1,0.0,22.6
14/02/2015,ireland,france,7.5,0.0,8.7
14/02/2015,france,ireland,7.5,0.0,8.7
11/11/2017,england,argentina,8.4,0.1,7.2
11/11/2017,argentina,england,8.4,0.1,7.2
24/09/2022,south_africa,argentina,22.2,0.0,14.2
24/09/2022,argentina,south_africa,22.2,0.0,14.2
09/03/2019,england,italy,11.8,0.0,28.5
09/03/2019,italy,england,11.8,0.0,28.5
12/09/2021,south_africa,australia,18.3,0.0,8.7
12/09/2021,australia,south_africa,18.3,0.0,8.7
15/11/2025,italy,south_africa,24.0,0.0,20.4
15/11/2025,south_africa,italy,24.0,0.0,20.4
17/09/2016,australia,argentina,14.4,0.0,11.1
17/09/2016,argentina,australia,14.4,0.0,11.1
02/02/2019,ireland,england,5.0,0.0,13.7
02/02/2019,england,ireland,5.0,0.0,13.7
23/11/2025,scotland,tonga,3.2,0.4,0.5
23/11/2025,tonga,scotland,3.2,0.4,0.5
10/09/2016,new_zealand,argentina,10.0,0.0,10.5
10/09/2016,argentina,new_zealand,10.0,0.0,10.5
04/02/2017,scotland,ireland,4.6,0.1,23.7
04/02/2017,ireland,scotland,4.6,0.1,23.7
03/07/2021,ireland,japan,16.5,0.0,21.6
03/07/2021,japan,ireland,16.5,0.0,21.6
05/08/2023,scotland,france,13.6,0.1,12.4
05/08/2023,france,scotland,13.6,0.1,12.4
21/09/2019,australia,fiji,19.7,0.0,15.3
21/09/2019,fiji,australia,19.7,0.0,15.3
07/03/2026,scotland,france,8.5,0.0,16.0
07/03/2026,france,scotland,8.5,0.0,16.0
17/06/2017,japan,ireland,24.8,0.0,16.1
17/06/2017,ireland,japan,24.8,0.0,16.1
30/11/2024,ireland,australia,14.3,0.1,22.0
30/11/2024,australia,ireland,14.3,0.1,22.0
14/11/2020,england,georgia,13.6,0.8,29.2
14/11/2020,georgia,england,13.6,0.8,29.2
06/10/2018,argentina,australia,21.8,0.0,10.3
06/10/2018,australia,argentina,21.8,0.0,10.3
29/09/2019,australia,wales,25.9,0.0,20.3
29/09/2019,wales,australia,25.9,0.0,20.3
07/10/2023,england,samoa,21.5,0.0,20.1
07/10/2023,samoa,england,21.5,0.0,20.1
23/06/2018,argentina,scotland,25.5,0.1,15.4
23/06/2018,scotland,argentina,25.5,0.1,15.4
12/07/2024,usa,scotland,24.8,0.1,6.1
12/07/2024,scotland,usa,24.8,0.1,6.1
15/07/2023,new_zealand,south_africa,13.3,0.0,17.5
15/07/2023,south_africa,new_zealand,13.3,0.0,17.5
23/10/2021,japan,australia,19.1,0.0,16.2
23/10/2021,australia,japan,19.1,0.0,16.2
29/11/2020,ireland,georgia,11.1,0.0,6.1
29/11/2020,georgia,ireland,11.1,0.0,6.1
13/11/2020,ireland,wales,8.6,0.0,14.0
13/11/2020,wales,ireland,8.6,0.0,14.0
02/07/2022,new_zealand,ireland,9.9,0.0,8.4
02/07/2022,ireland,new_zealand,9.9,0.0,8.4
24/10/2020,france,wales,14.8,0.0,27.8
24/10/2020,wales,france,14.8,0.0,27.8
18/07/2026,new_zealand,ireland,12.6,0.0,11.3
18/07/2026,ireland,new_zealand,12.6,0.0,11.3
05/02/2022,scotland,england,6.1,1.6,34.0
05/02/2022,england,scotland,6.1,1.6,34.0
17/06/2017,south_africa,france,19.0,0.0,9.8
17/06/2017,france,south_africa,19.0,0.0,9.8
18/08/2018,australia,new_zealand,22.6,0.0,3.3
18/08/2018,new_zealand,australia,22.6,0.0,3.3
26/11/2016,wales,south_africa,5.2,0.0,15.8
26/11/2016,south_africa,wales,5.2,0.0,15.8
15/11/2024,ireland,argentina,12.1,0.0,16.0
15/11/2024,argentina,ireland,12.1,0.0,16.0
24/11/2018,france,fiji,4.4,0.0,7.3
24/11/2018,fiji,france,4.4,0.0,7.3
19/11/2022,wales,georgia,10.0,0.0,6.6
19/11/2022,georgia,wales,10.0,0.0,6.6
08/11/2024,ireland,new_zealand,11.8,0.0,18.6
08/11/2024,new_zealand,ireland,11.8,0.0,18.6
05/12/2020,ireland,scotland,7.4,0.2,19.6
05/12/2020,scotland,ireland,7.4,0.2,19.6
09/03/2024,italy,scotland,11.7,0.0,6.8
09/03/2024,scotland,italy,11.7,0.0,6.8
14/11/2021,france,georgia,12.1,0.0,10.2
14/11/2021,georgia,france,12.1,0.0,10.2
26/08/2017,argentina,south_africa,21.8,0.0,8.9
26/08/2017,south_africa,argentina,21.8,0.0,8.9
19/11/2016,italy,south_africa,14.8,0.2,8.2
19/11/2016,south_africa,italy,14.8,0.2,8.2
15/11/2025,wales,japan,11.4,0.0,15.5
15/11/2025,japan,wales,11.4,0.0,15.5
12/02/2022,france,ireland,7.8,0.0,12.2
12/02/2022,ireland,france,7.8,0.0,12.2
04/10/2015,argentina,tonga,15.0,0.0,8.6
04/10/2015,tonga,argentina,15.0,0.0,8.6
23/02/2020,england,ireland,13.5,0.1,30.4
23/02/2020,ireland,england,13.5,0.1,30.4
10/10/2015,australia,wales,14.8,0.0,14.7
10/10/2015,wales,australia,14.8,0.0,14.7
04/02/2017,england,france,8.0,0.0,4.5
04/02/2017,france,england,8.0,0.0,4.5
06/07/2024,south_africa,ireland,14.0,0.0,8.6
06/07/2024,ireland,south_africa,14.0,0.0,8.6
22/09/2019,england,tonga,15.7,0.0,6.1
22/09/2019,tonga,england,15.7,0.0,6.1
05/09/2015,france,scotland,15.1,0.0,10.7
05/09/2015,scotland,france,15.1,0.0,10.7
17/06/2017,australia,scotland,16.5,0.1,14.3
17/06/2017,scotland,australia,16.5,0.1,14.3
25/08/2018,argentina,south_africa,14.4,0.0,12.0
25/08/2018,south_africa,argentina,14.4,0.0,12.0
22/02/2020,wales,france,9.7,0.4,38.8
22/02/2020,france,wales,9.7,0.4,38.8
24/02/2018,ireland,wales,3.9,0.0,16.6
24/02/2018,wales,ireland,3.9,0.0,16.6
07/02/2026,england,wales,29.2,0.0,12.4
07/02/2026,wales,england,29.2,0.0,12.4
11/07/2026,fiji,england,29.6,0.0,10.0
11/07/2026,england,fiji,29.6,0.0,10.0
26/09/2019,italy,canada,24.1,0.3,5.7
26/09/2019,canada,italy,24.1,0.3,5.7
09/10/2019,scotland,russia,22.6,0.0,11.3
09/10/2019,russia,scotland,22.6,0.0,11.3
03/09/2022,new_zealand,argentina,12.9,1.7,19.6
03/09/2022,argentina,new_zealand,12.9,1.7,19.6
20/08/2016,australia,new_zealand,21.4,0.1,14.4
20/08/2016,new_zealand,australia,21.4,0.1,14.4
06/07/2024,new_zealand,england,7.7,0.0,29.3
06/07/2024,england,new_zealand,7.7,0.0,29.3
12/07/2025,portugal,ireland,8.5,0.0,0.6
12/07/2025,ireland,portugal,8.5,0.0,0.6
24/11/2024,scotland,australia,10.0,0.0,29.0
24/11/2024,australia,scotland,10.0,0.0,29.0
19/09/2015,france,italy,15.8,0.0,2.5
19/09/2015,italy,france,15.8,0.0,2.5
06/09/2019,scotland,georgia,13.7,0.0,19.1
06/09/2019,georgia,scotland,13.7,0.0,19.1
09/11/2024,england,australia,23.0,0.0,17.8
09/11/2024,australia,england,23.0,0.0,17.8
12/11/2016,ireland,canada,9.2,0.0,15.5
12/11/2016,canada,ireland,9.2,0.0,15.5
20/11/2021,wales,australia,10.5,0.0,9.5
20/11/2021,australia,wales,10.5,0.0,9.5
17/03/2018,wales,france,1.3,0.0,33.4
17/03/2018,france,wales,1.3,0.0,33.4
02/11/2024,england,new_zealand,19.1,0.4,19.7
02/11/2024,new_zealand,england,19.1,0.4,19.7
16/03/2024,ireland,scotland,11.1,0.1,28.9
16/03/2024,scotland,ireland,11.1,0.1,28.9
20/10/2023,argentina,new_zealand,13.3,0.0,5.1
20/10/2023,new_zealand,argentina,13.3,0.0,5.1
22/08/2015,italy,scotland,24.5,0.0,9.7
22/08/2015,scotland,italy,24.5,0.0,9.7
17/08/2019,new_zealand,australia,12.5,1.6,19.1
17/08/2019,australia,new_zealand,12.5,1.6,19.1
03/12/2016,england,australia,6.8,0.0,14.8
03/12/2016,australia,england,6.8,0.0,14.8
06/10/2023,france,italy,12.6,0.0,10.0
06/10/2023,italy,france,12.6,0.0,10.0
11/06/2016,argentina,italy,12.0,0.0,9.4
11/06/2016,italy,argentina,12.0,0.0,9.4
20/10/2019,japan,south_africa,19.2,0.0,10.6
20/10/2019,south_africa,japan,19.2,0.0,10.6
15/08/2015,argentina,south_africa,15.0,0.0,9.9
15/08/2015,south_africa,argentina,15.0,0.0,9.9
24/06/2017,japan,ireland,28.0,0.0,16.9
24/06/2017,ireland,japan,28.0,0.0,16.9
19/11/2016,ireland,new_zealand,4.6,0.0,4.3
19/11/2016,new_zealand,ireland,4.6,0.0,4.3
13/07/2024,argentina,france,11.8,0.0,3.4
13/07/2024,france,argentina,11.8,0.0,3.4
05/08/2023,new_zealand,australia,7.8,0.0,19.7
05/08/2023,australia,new_zealand,7.8,0.0,19.7
14/02/2021,ireland,france,12.3,0.8,29.9
14/02/2021,france,ireland,12.3,0.8,29.9
09/11/2024,italy,argentina,13.4,0.0,2.7
09/11/2024,argentina,italy,13.4,0.0,2.7
03/10/2015,south_africa,scotland,11.8,0.0,3.2
03/10/2015,scotland,south_africa,11.8,0.0,3.2
02/10/2015,new_zealand,georgia,12.8,0.0,7.7
02/10/2015,georgia,new_zealand,12.8,0.0,7.7
17/09/2022,argentina,south_africa,23.3,0.0,19.5
17/09/2022,south_africa,argentina,23.3,0.0,19.5
19/07/2024,queensland reds,wales,13.2,0.0,15.5
19/07/2024,wales,queensland reds,13.2,0.0,15.5
02/07/2022,australia,england,14.5,0.0,7.1
02/07/2022,england,australia,14.5,0.0,7.1
29/08/2015,ireland,wales,18.0,0.0,14.8
29/08/2015,wales,ireland,18.0,0.0,14.8
16/06/2017,tonga,wales,14.0,0.0,13.6
16/06/2017,wales,tonga,14.0,0.0,13.6
12/03/2022,italy,scotland,10.3,0.0,13.4
12/03/2022,scotland,italy,10.3,0.0,13.4
24/11/2018,scotland,argentina,5.8,0.2,12.0
24/11/2018,argentina,scotland,5.8,0.2,12.0
12/11/2016,england,south_africa,8.7,0.0,17.6
12/11/2016,south_africa,england,8.7,0.0,17.6
27/09/2015,scotland,usa,13.5,0.0,7.4
27/09/2015,usa,scotland,13.5,0.0,7.4
24/02/2024,scotland,england,6.4,0.0,5.0
24/02/2024,england,scotland,6.4,0.0,5.0
21/09/2019,new_zealand,south_africa,22.0,0.0,15.0
21/09/2019,south_africa,new_zealand,22.0,0.0,15.0
17/09/2016,new_zealand,south_africa,11.9,0.0,6.6
17/09/2016,south_africa,new_zealand,11.9,0.0,6.6
15/09/2018,australia,argentina,17.5,0.0,9.2
15/09/2018,argentina,australia,17.5,0.0,9.2
12/08/2023,france,scotland,27.5,0.0,10.6
12/08/2023,scotland,france,27.5,0.0,10.6
16/07/2022,south_africa,wales,22.7,0.0,9.6
16/07/2022,wales,south_africa,22.7,0.0,9.6
15/11/2025,ireland,australia,11.4,0.0,13.8
15/11/2025,australia,ireland,11.4,0.0,13.8
10/02/2018,ireland,italy,10.6,0.0,23.2
10/02/2018,italy,ireland,10.6,0.0,23.2
09/06/2018,south_africa,england,12.7,0.0,9.7
09/06/2018,england,south_africa,12.7,0.0,9.7
16/11/2024,france,new_zealand,6.9,0.0,5.4
16/11/2024,new_zealand,france,6.9,0.0,5.4
15/08/2026,australia,japan,24.9,0.0,17.9
15/08/2026,japan,australia,24.9,0.0,17.9
10/11/2018,france,south_africa,11.1,0.0,21.0
10/11/2018,south_africa,france,11.1,0.0,21.0
13/10/2019,japan,scotland,19.9,0.0,24.4
13/10/2019,scotland,japan,19.9,0.0,24.4
21/08/2021,argentina,south_africa,15.3,0.0,23.2
21/08/2021,south_africa,argentina,15.3,0.0,23.2
28/05/2017,england,barbarians,22.7,0.0,2.2
28/05/2017,barbarians,england,22.7,0.0,2.2
26/11/2016,italy,tonga,14.2,0.0,8.8
26/11/2016,tonga,italy,14.2,0.0,8.8
31/10/2015,new_zealand,australia,14.1,0.0,4.2
31/10/2015,australia,new_zealand,14.1,0.0,4.2
21/02/2026,england,ireland,30.5,0.0,12.3
21/02/2026,ireland,england,30.5,0.0,12.3
06/03/2026,ireland,wales,5.8,0.0,10.0
06/03/2026,wales,ireland,5.8,0.0,10.0
07/03/2020,england,wales,11.7,0.0,18.8
07/03/2020,wales,england,11.7,0.0,18.8
30/08/2019,france,italy,20.4,0.0,7.2
30/08/2019,italy,france,20.4,0.0,7.2
18/09/2015,england,fiji,14.2,0.0,6.5
18/09/2015,fiji,england,14.2,0.0,6.5
01/11/2025,england,australia,14.8,0.0,17.9
01/11/2025,australia,england,14.8,0.0,17.9
29/07/2023,australia,new_zealand,12.5,0.0,12.2
29/07/2023,new_zealand,australia,12.5,0.0,12.2
10/11/2024,scotland,south_africa,11.5,0.0,20.6
10/11/2024,south_africa,scotland,11.5,0.0,20.6
13/02/2016,france,ireland,10.3,0.1,20.7
13/02/2016,ireland,france,10.3,0.1,20.7
13/11/2021,scotland,south_africa,10.5,0.0,7.8
13/11/2021,south_africa,scotland,10.5,0.0,7.8
11/02/2017,wales,england,3.4,0.1,20.4
11/02/2017,england,wales,3.4,0.1,20.4
03/07/2021,new_zealand,tonga,8.8,0.0,7.0
03/07/2021,tonga,new_zealand,8.8,0.0,7.0
10/02/2024,scotland,france,4.7,0.0,9.0
10/02/2024,france,scotland,4.7,0.0,9.0
06/11/2021,wales,south_africa,12.3,0.3,32.4
06/11/2021,south_africa,wales,12.3,0.3,32.4
31/08/2019,georgia,scotland,19.5,0.0,9.9
31/08/2019,scotland,georgia,19.5,0.0,9.9
05/07/2025,south_africa,italy,14.4,0.0,4.6
05/07/2025,italy,south_africa,14.4,0.0,4.6
11/07/2015,south_africa,world xv,14.1,0.1,23.8
11/07/2015,world xv,south_africa,14.1,0.1,23.8
11/10/2015,argentina,namibia,12.5,0.0,18.2
11/10/2015,namibia,argentina,12.5,0.0,18.2
20/09/2023,italy,uruguay,21.1,0.5,3.8
20/09/2023,uruguay,italy,21.1,0.5,3.8
19/11/2016,wales,japan,6.5,0.0,15.6
19/11/2016,japan,wales,6.5,0.0,15.6
24/11/2024,england,japan,25.4,0.0,21.5
24/11/2024,japan,england,25.4,0.0,21.5
23/09/2015,france,romania,14.7,0.0,15.1
23/09/2015,romania,france,14.7,0.0,15.1
13/09/2025,new_zealand,south_africa,12.1,0.0,30.5
13/09/2025,south_africa,new_zealand,12.1,0.0,30.5
26/02/2023,france,scotland,5.0,0.0,30.1
26/02/2023,scotland,france,5.0,0.0,30.1
16/06/2018,south_africa,england,9.7,0.0,8.0
16/06/2018,england,south_africa,9.7,0.0,8.0
13/10/2019,wales,uruguay,23.3,0.0,11.6
13/10/2019,uruguay,wales,23.3,0.0,11.6
20/07/2024,south_africa,portugal,11.7,0.0,9.2
20/07/2024,portugal,south_africa,11.7,0.0,9.2
25/07/2015,argentina,australia,14.9,0.0,6.9
25/07/2015,australia,argentina,14.9,0.0,6.9
28/09/2019,japan,ireland,24.7,0.0,5.9
28/09/2019,ireland,japan,24.7,0.0,5.9
27/02/2022,ireland,italy,9.1,0.0,37.4
27/02/2022,italy,ireland,9.1,0.0,37.4
21/09/2023,france,namibia,21.6,0.2,23.0
21/09/2023,namibia,france,21.6,0.2,23.0
09/09/2023,australia,georgia,33.5,0.0,10.7
09/09/2023,georgia,australia,33.5,0.0,10.7
16/06/2018,australia,ireland,7.3,0.0,16.0
16/06/2018,ireland,australia,7.3,0.0,16.0
05/12/2020,wales,italy,5.4,0.0,16.8
05/12/2020,italy,wales,5.4,0.0,16.8
05/12/2020,australia,argentina,24.0,0.0,21.2
05/12/2020,argentina,australia,24.0,0.0,21.2
19/06/2022,england,barbarians,18.4,0.0,12.6
19/06/2022,barbarians,england,18.4,0.0,12.6
11/03/2022,wales,france,8.2,0.0,18.5
11/03/2022,france,wales,8.2,0.0,18.5
20/06/2026,south_africa,barbarians,19.4,0.0,15.4
20/06/2026,barbarians,south_africa,19.4,0.0,15.4
19/11/2022,england,new_zealand,8.1,0.0,7.9
19/11/2022,new_zealand,england,8.1,0.0,7.9
08/07/2023,argentina,new_zealand,10.6,0.0,6.9
08/07/2023,new_zealand,argentina,10.6,0.0,6.9
08/07/2015,samoa,new_zealand,28.4,0.0,20.9
08/07/2015,new_zealand,samoa,28.4,0.0,20.9
15/11/2025,england,new_zealand,13.2,0.0,7.9
15/11/2025,new_zealand,england,13.2,0.0,7.9
18/11/2017,france,south_africa,8.1,0.1,11.9
18/11/2017,south_africa,france,8.1,0.1,11.9
12/11/2016,wales,argentina,11.7,0.0,14.0
12/11/2016,argentina,wales,11.7,0.0,14.0
24/02/2024,ireland,wales,7.8,0.1,9.4
24/02/2024,wales,ireland,7.8,0.1,9.4
26/10/2019,england,new_zealand,19.5,0.0,6.7
26/10/2019,new_zealand,england,19.5,0.0,6.7
23/06/2018,new_zealand,france,3.2,0.0,12.2
23/06/2018,france,new_zealand,3.2,0.0,12.2
15/02/2026,wales,france,9.7,0.3,30.5
15/02/2026,france,wales,9.7,0.3,30.5
28/10/2017,australia,barbarians,23.6,0.0,17.7
28/10/2017,barbarians,australia,23.6,0.0,17.7
20/03/2021,scotland,italy,11.5,0.0,26.4
20/03/2021,italy,scotland,11.5,0.0,26.4
02/02/2020,france,england,15.1,0.0,21.4
02/02/2020,england,france,15.1,0.0,21.4
11/11/2017,france,new_zealand,12.7,0.0,19.5
11/11/2017,new_zealand,france,12.7,0.0,19.5
11/11/2017,wales,australia,10.5,0.1,1.9
11/11/2017,australia,wales,10.5,0.1,1.9
01/11/2025,scotland,usa,8.1,0.0,23.0
01/11/2025,usa,scotland,8.1,0.0,23.0
20/06/2015,argentina,french barbarians,15.4,0.0,11.5
20/06/2015,french barbarians,argentina,15.4,0.0,11.5
22/10/2016,new_zealand,australia,13.3,0.0,28.5
22/10/2016,australia,new_zealand,13.3,0.0,28.5
21/11/2015,barbarians,argentina,3.8,0.0,31.6
21/11/2015,argentina,barbarians,3.8,0.0,31.6
21/03/2015,england,france,7.5,0.0,23.7
21/03/2015,france,england,7.5,0.0,23.7
17/11/2018,france,argentina,5.7,0.0,15.5
17/11/2018,argentina,france,5.7,0.0,15.5
24/06/2017,new_zealand,british & irish lions,12.8,0.0,31.1
24/06/2017,british & irish lions,new_zealand,12.8,0.0,31.1
07/10/2023,wales,georgia,24.3,0.0,7.3
07/10/2023,georgia,wales,24.3,0.0,7.3
03/02/2024,wales,scotland,9.5,0.1,21.7
03/02/2024,scotland,wales,9.5,0.1,21.7
28/10/2023,new_zealand,south_africa,14.1,0.1,30.7
28/10/2023,south_africa,new_zealand,14.1,0.1,30.7
17/07/2015,new_zealand,argentina,6.1,0.0,9.6
17/07/2015,argentina,new_zealand,6.1,0.0,9.6
14/06/2016,chiefs,wales,11.9,0.0,11.2
14/06/2016,wales,chiefs,11.9,0.0,11.2
11/06/2016,new_zealand,wales,14.0,0.0,13.0
11/06/2016,wales,new_zealand,14.0,0.0,13.0
01/10/2015,wales,fiji,15.8,0.0,18.2
01/10/2015,fiji,wales,15.8,0.0,18.2
25/08/2018,new_zealand,australia,12.9,0.0,24.6
25/08/2018,australia,new_zealand,12.9,0.0,24.6
02/07/2022,argentina,scotland,12.9,0.1,2.4
02/07/2022,scotland,argentina,12.9,0.1,2.4
27/10/2023,argentina,england,10.9,0.1,16.1
27/10/2023,england,argentina,10.9,0.1,16.1
12/09/2021,new_zealand,argentina,20.8,0.0,15.5
12/09/2021,argentina,new_zealand,20.8,0.0,15.5
20/11/2021,scotland,japan,10.8,0.1,24.1
20/11/2021,japan,scotland,10.8,0.1,24.1
10/03/2017,wales,ireland,8.6,0.0,13.6
10/03/2017,ireland,wales,8.6,0.0,13.6
12/03/2016,england,wales,9.8,0.0,1.6
12/03/2016,wales,england,9.8,0.0,1.6
02/10/2021,south_africa,new_zealand,17.6,0.0,11.8
02/10/2021,new_zealand,south_africa,17.6,0.0,11.8
17/09/2023,south_africa,romania,24.3,0.0,13.5
17/09/2023,romania,south_africa,24.3,0.0,13.5
07/02/2026,italy,scotland,12.2,0.0,6.0
07/02/2026,scotland,italy,12.2,0.0,6.0
05/07/2025,maori all blacks,scotland,16.9,0.0,16.6
05/07/2025,scotland,maori all blacks,16.9,0.0,16.6
30/10/2015,south_africa,argentina,13.1,0.0,12.5
30/10/2015,argentina,south_africa,13.1,0.0,12.5
15/08/2015,ireland,scotland,15.6,0.0,10.9
15/08/2015,scotland,ireland,15.6,0.0,10.9
30/09/2023,argentina,chile,22.1,0.0,1.9
30/09/2023,chile,argentina,22.1,0.0,1.9
04/02/2023,england,scotland,9.2,0.0,9.4
04/02/2023,scotland,england,9.2,0.0,9.4
18/03/2023,france,wales,15.2,0.5,24.4
18/03/2023,wales,france,15.2,0.5,24.4
19/03/2022,france,england,10.5,0.0,20.9
19/03/2022,england,france,10.5,0.0,20.9
17/08/2019,france,scotland,23.5,0.0,2.9
17/08/2019,scotland,france,23.5,0.0,2.9
23/10/2020,scotland,georgia,6.7,0.0,15.0
23/10/2020,georgia,scotland,6.7,0.0,15.0
12/07/2025,argentina,england,17.0,0.0,6.5
12/07/2025,england,argentina,17.0,0.0,6.5
21/09/2024,australia,new_zealand,23.0,0.0,10.8
21/09/2024,new_zealand,australia,23.0,0.0,10.8
24/07/2021,south_africa,british & irish lions,11.4,0.0,4.6
24/07/2021,british & irish lions,south_africa,11.4,0.0,4.6
27/08/2016,argentina,south_africa,22.1,0.0,10.5
27/08/2016,south_africa,argentina,22.1,0.0,10.5
02/12/2017,wales,south_africa,8.0,0.0,8.8
02/12/2017,south_africa,wales,8.0,0.0,8.8
22/11/2025,italy,chile,6.4,0.0,11.4
22/11/2025,chile,italy,6.4,0.0,11.4
10/06/2017,argentina,england,25.9,0.0,8.8
10/06/2017,england,argentina,25.9,0.0,8.8
29/07/2023,south_africa,argentina,19.8,0.0,27.9
29/07/2023,argentina,south_africa,19.8,0.0,27.9
28/09/2019,argentina,tonga,27.7,0.0,14.7
28/09/2019,tonga,argentina,27.7,0.0,14.7
19/08/2023,france,fiji,20.8,0.0,9.4
19/08/2023,fiji,france,20.8,0.0,9.4
09/11/2025,wales,argentina,13.8,0.1,19.3
09/11/2025,argentina,wales,13.8,0.1,19.3
09/06/2018,australia,ireland,16.0,0.0,6.3
09/06/2018,ireland,australia,16.0,0.0,6.3
12/10/2019,ireland,samoa,18.9,0.1,28.8
12/10/2019,samoa,ireland,18.9,0.1,28.8
06/09/2025,new_zealand,south_africa,11.3,0.0,21.4
06/09/2025,south_africa,new_zealand,11.3,0.0,21.4
05/07/2025,argentina,england,11.1,0.0,13.6
05/07/2025,england,argentina,11.1,0.0,13.6
13/02/2021,england,italy,-0.8,0.0,19.9
13/02/2021,italy,england,-0.8,0.0,19.9
05/11/2016,barbarians,south_africa,8.4,0.0,23.2
05/11/2016,south_africa,barbarians,8.4,0.0,23.2
11/03/2018,wales,italy,10.0,0.8,20.3
11/03/2018,italy,wales,10.0,0.8,20.3
10/09/2023,south_africa,scotland,27.1,0.0,8.2
10/09/2023,scotland,south_africa,27.1,0.0,8.2
14/02/2026,scotland,england,2.2,0.0,6.5
14/02/2026,england,scotland,2.2,0.0,6.5
11/02/2017,italy,ireland,7.7,0.0,3.7
11/02/2017,ireland,italy,7.7,0.0,3.7
16/03/2024,france,england,10.9,0.0,6.9
16/03/2024,england,france,10.9,0.0,6.9
03/11/2018,ireland,italy,8.4,0.0,13.3
03/11/2018,italy,ireland,8.4,0.0,13.3
25/11/2017,scotland,australia,3.3,0.0,21.6
25/11/2017,australia,scotland,3.3,0.0,21.6
02/10/2021,argentina,australia,22.3,0.0,9.8
02/10/2021,australia,argentina,22.3,0.0,9.8
25/06/2016,new_zealand,wales,7.4,0.0,16.4
25/06/2016,wales,new_zealand,7.4,0.0,16.4
30/09/2019,scotland,samoa,25.1,0.0,10.9
30/09/2019,samoa,scotland,25.1,0.0,10.9
08/08/2026,argentina,south_africa,12.4,0.0,17.0
08/08/2026,south_africa,argentina,12.4,0.0,17.0
06/02/2016,scotland,england,5.1,0.4,18.1
06/02/2016,england,scotland,5.1,0.4,18.1
03/07/2021,wales,canada,19.6,0.2,14.2
03/07/2021,canada,wales,19.6,0.2,14.2
02/10/2019,france,usa,27.3,0.1,15.6
02/10/2019,usa,france,27.3,0.1,15.6
27/05/2018,england,barbarians,24.2,0.2,5.4
27/05/2018,barbarians,england,24.2,0.2,5.4
05/02/2017,italy,wales,6.5,0.9,20.0
05/02/2017,wales,italy,6.5,0.9,20.0
07/08/2021,new_zealand,australia,13.1,0.0,25.9
07/08/2021,australia,new_zealand,13.1,0.0,25.9
27/02/2021,wales,england,9.6,0.0,5.0
27/02/2021,england,wales,9.6,0.0,5.0
06/07/2024,canada,scotland,22.8,1.1,13.9
06/07/2024,scotland,canada,22.8,1.1,13.9
15/02/2015,scotland,wales,9.1,0.0,22.4
15/02/2015,wales,scotland,9.1,0.0,22.4
23/08/2025,argentina,new_zealand,12.6,0.0,13.5
23/08/2025,new_zealand,argentina,12.6,0.0,13.5
14/02/2016,italy,england,7.3,0.2,4.7
14/02/2016,england,italy,7.3,0.2,4.7
25/06/2016,argentina,france,8.1,0.6,4.7
25/06/2016,france,argentina,8.1,0.6,4.7
22/09/2023,argentina,samoa,17.7,0.0,19.3
22/09/2023,samoa,argentina,17.7,0.0,19.3
14/03/2015,england,scotland,7.3,0.0,21.5
14/03/2015,scotland,england,7.3,0.0,21.5
22/09/2019,ireland,scotland,24.6,0.0,23.2
22/09/2019,scotland,ireland,24.6,0.0,23.2
08/03/2025,scotland,wales,13.6,0.0,11.4
08/03/2025,wales,scotland,13.6,0.0,11.4
06/02/2021,italy,france,9.0,0.0,4.5
06/02/2021,france,italy,9.0,0.0,4.5
02/02/2024,france,ireland,9.2,0.0,7.2
02/02/2024,ireland,france,9.2,0.0,7.2
06/11/2021,ireland,japan,12.4,0.1,19.6
06/11/2021,japan,ireland,12.4,0.1,19.6
08/10/2016,south_africa,new_zealand,21.5,0.0,24.2
08/10/2016,new_zealand,south_africa,21.5,0.0,24.2
21/03/2015,italy,wales,12.7,0.0,9.2
21/03/2015,wales,italy,12.7,0.0,9.2
29/06/2022,maori all blacks,ireland,10.4,0.4,12.8
29/06/2022,ireland,maori all blacks,10.4,0.4,12.8
28/11/2020,wales,england,10.4,0.0,15.5
28/11/2020,england,wales,10.4,0.0,15.5
26/09/2015,england,wales,13.2,0.0,8.0
26/09/2015,wales,england,13.2,0.0,8.0
15/03/2025,france,scotland,5.3,0.0,17.2
15/03/2025,scotland,france,5.3,0.0,17.2
19/07/2025,argentina,uruguay,21.5,0.0,6.5
19/07/2025,uruguay,argentina,21.5,0.0,6.5
09/06/2018,argentina,wales,15.2,0.0,5.0
09/06/2018,wales,argentina,15.2,0.0,5.0
19/07/2024,new_zealand,fiji,22.5,0.0,12.5
19/07/2024,fiji,new_zealand,22.5,0.0,12.5
25/11/2017,italy,south_africa,14.0,0.0,21.1
25/11/2017,south_africa,italy,14.0,0.0,21.1
09/02/2019,scotland,ireland,8.0,0.0,36.3
09/02/2019,ireland,scotland,8.0,0.0,36.3
19/07/2025,usa,england,28.7,0.0,0.7
19/07/2025,england,usa,28.7,0.0,0.7
30/10/2021,wales,new_zealand,11.0,0.0,18.1
30/10/2021,new_zealand,wales,11.0,0.0,18.1
06/02/2016,france,italy,12.4,0.0,27.8
06/02/2016,italy,france,12.4,0.0,27.8
27/09/2015,australia,uruguay,13.6,0.0,8.6
27/09/2015,uruguay,australia,13.6,0.0,8.6
05/10/2019,england,argentina,25.4,0.0,17.3
05/10/2019,argentina,england,25.4,0.0,17.3
15/09/2023,new_zealand,namibia,21.9,0.0,25.5
15/09/2023,namibia,new_zealand,21.9,0.0,25.5
07/02/2021,wales,ireland,2.3,0.0,29.0
07/02/2021,ireland,wales,2.3,0.0,29.0
20/10/2019,wales,france,20.6,0.0,2.8
20/10/2019,france,wales,20.6,0.0,2.8
08/11/2025,ireland,japan,11.6,0.0,5.5
08/11/2025,japan,ireland,11.6,0.0,5.5
08/11/2025,france,south_africa,10.0,0.0,6.5
08/11/2025,south_africa,france,10.0,0.0,6.5
29/09/2018,south_africa,australia,17.1,0.0,22.1
29/09/2018,australia,south_africa,17.1,0.0,22.1
27/09/2025,south_africa,argentina,23.2,0.0,20.4
27/09/2025,argentina,south_africa,23.2,0.0,20.4
17/03/2018,italy,scotland,9.8,0.4,9.5
17/03/2018,scotland,italy,9.8,0.4,9.5
08/02/2020,scotland,england,7.0,0.0,34.2
08/02/2020,england,scotland,7.0,0.0,34.2
29/07/2023,scotland,italy,18.3,0.0,21.9
29/07/2023,italy,scotland,18.3,0.0,21.9
09/07/2022,south_africa,wales,14.8,0.0,9.5
09/07/2022,wales,south_africa,14.8,0.0,9.5
15/11/2025,france,fiji,12.2,0.4,6.4
15/11/2025,fiji,france,12.2,0.4,6.4
08/11/2025,england,fiji,13.4,0.0,7.4
08/11/2025,fiji,england,13.4,0.0,7.4
01/02/2020,ireland,scotland,9.6,0.0,31.0
01/02/2020,scotland,ireland,9.6,0.0,31.0
27/07/2024,uruguay,scotland,11.5,0.0,10.3
27/07/2024,scotland,uruguay,11.5,0.0,10.3
19/11/2016,england,fiji,7.6,0.0,14.7
19/11/2016,fiji,england,7.6,0.0,14.7
05/11/2016,wales,australia,8.5,0.0,21.0
05/11/2016,australia,wales,8.5,0.0,21.0
17/09/2023,england,japan,22.6,0.0,4.7
17/09/2023,japan,england,22.6,0.0,4.7
25/02/2023,wales,england,6.5,0.0,23.2
25/02/2023,england,wales,6.5,0.0,23.2
09/06/2018,new_zealand,france,13.4,0.0,5.1
09/06/2018,france,new_zealand,13.4,0.0,5.1
24/06/2017,australia,italy,22.9,0.0,4.5
24/06/2017,italy,australia,22.9,0.0,4.5
08/02/2025,italy,wales,7.5,0.0,11.1
08/02/2025,wales,italy,7.5,0.0,11.1
26/08/2023,ireland,samoa,19.3,0.4,11.2
26/08/2023,samoa,ireland,19.3,0.4,11.2
25/11/2017,france,japan,3.5,0.0,15.8
25/11/2017,japan,france,3.5,0.0,15.8
09/09/2023,ireland,romania,32.9,0.0,4.3
09/09/2023,romania,ireland,32.9,0.0,4.3
12/11/2016,france,samoa,13.1,0.0,3.4
12/11/2016,samoa,france,13.1,0.0,3.4
29/09/2023,new_zealand,italy,18.2,0.0,7.3
29/09/2023,italy,new_zealand,18.2,0.0,7.3
11/02/2023,scotland,wales,9.0,0.0,17.9
11/02/2023,wales,scotland,9.0,0.0,17.9
02/02/2019,scotland,italy,2.4,0.0,11.4
02/02/2019,italy,scotland,2.4,0.0,11.4
06/07/2025,australia,fiji,20.2,0.0,4.2
06/07/2025,fiji,australia,20.2,0.0,4.2
10/07/2021,wales,argentina,16.9,0.3,7.4
10/07/2021,argentina,wales,16.9,0.3,7.4
19/08/2017,australia,new_zealand,20.3,0.0,6.6
19/08/2017,new_zealand,australia,20.3,0.0,6.6
12/02/2017,france,scotland,7.3,0.2,14.4
12/02/2017,scotland,france,7.3,0.2,14.4
19/09/2015,ireland,canada,16.6,0.0,6.8
19/09/2015,canada,ireland,16.6,0.0,6.8
05/07/2025,new_zealand,france,6.9,0.1,3.6
05/07/2025,france,new_zealand,6.9,0.1,3.6
10/11/2018,england,new_zealand,12.5,0.0,16.6
10/11/2018,new_zealand,england,12.5,0.0,16.6
27/08/2022,australia,south_africa,16.6,0.0,13.5
27/08/2022,south_africa,australia,16.6,0.0,13.5
09/02/2019,italy,wales,12.2,0.0,3.3
09/02/2019,wales,italy,12.2,0.0,3.3
11/10/2020,new_zealand,australia,14.7,0.8,44.6
11/10/2020,australia,new_zealand,14.7,0.8,44.6
17/07/2021,wales,argentina,27.0,0.0,6.5
17/07/2021,argentina,wales,27.0,0.0,6.5
10/09/2016,australia,south_africa,17.9,1.8,4.5
10/09/2016,south_africa,australia,17.9,1.8,4.5
22/02/2026,france,italy,11.3,0.8,25.4
22/02/2026,italy,france,11.3,0.8,25.4
08/10/2023,japan,argentina,21.4,0.0,6.0
08/10/2023,argentina,japan,21.4,0.0,6.0
14/03/2026,wales,italy,10.2,0.0,10.1
14/03/2026,italy,wales,10.2,0.0,10.1
16/09/2023,wales,portugal,25.6,0.0,15.6
16/09/2023,portugal,wales,25.6,0.0,15.6
30/09/2023,scotland,romania,14.8,0.0,8.0
30/09/2023,romania,scotland,14.8,0.0,8.0
03/11/2018,wales,scotland,12.8,0.1,23.8
03/11/2018,scotland,wales,12.8,0.1,23.8
10/08/2019,australia,new_zealand,15.6,0.0,13.0
10/08/2019,new_zealand,australia,15.6,0.0,13.0
19/11/2022,italy,south_africa,13.1,0.0,11.2
19/11/2022,south_africa,italy,13.1,0.0,11.2
02/11/2024,scotland,fiji,12.0,0.0,15.2
02/11/2024,fiji,scotland,12.0,0.0,15.2
19/11/2022,ireland,australia,8.4,0.5,20.0
19/11/2022,australia,ireland,8.4,0.5,20.0
30/09/2017,argentina,new_zealand,17.3,0.1,16.2
30/09/2017,new_zealand,argentina,17.3,0.1,16.2
25/02/2017,ireland,france,12.2,0.1,23.6
25/02/2017,france,ireland,12.2,0.1,23.6
10/07/2021,ireland,usa,17.3,0.0,15.5
10/07/2021,usa,ireland,17.3,0.0,15.5
08/10/2019,south_africa,canada,19.4,0.0,12.0
08/10/2019,canada,south_africa,19.4,0.0,12.0
19/07/2025,south_africa,georgia,18.2,0.0,13.6
19/07/2025,georgia,south_africa,18.2,0.0,13.6
27/08/2023,france,australia,20.7,0.0,16.6
27/08/2023,australia,france,20.7,0.0,16.6
01/10/2023,australia,portugal,26.2,0.0,5.8
01/10/2023,portugal,australia,26.2,0.0,5.8
15/10/2023,france,south_africa,8.5,0.0,10.3
15/10/2023,south_africa,france,8.5,0.0,10.3
22/11/2020,scotland,france,6.2,0.0,21.1
22/11/2020,france,scotland,6.2,0.0,21.1
08/08/2026,japan,australia,30.5,0.0,10.3
08/08/2026,australia,japan,30.5,0.0,10.3
07/02/2015,france,scotland,3.9,0.0,16.3
07/02/2015,scotland,france,3.9,0.0,16.3
07/11/2020,australia,new_zealand,21.1,0.0,11.4
07/11/2020,new_zealand,australia,21.1,0.0,11.4
03/09/2022,australia,south_africa,14.6,0.0,27.6
03/09/2022,south_africa,australia,14.6,0.0,27.6
14/08/2021,south_africa,argentina,15.0,0.0,26.0
14/08/2021,argentina,south_africa,15.0,0.0,26.0
05/11/2016,japan,argentina,18.6,0.0,14.4
05/11/2016,argentina,japan,18.6,0.0,14.4
01/07/2017,new_zealand,british & irish lions,13.1,0.3,40.6
01/07/2017,british & irish lions,new_zealand,13.1,0.3,40.6
