date,year,coach,opposition,tournament,test,h / a,scotland irb,opp irb,irb difference,higher / lower,result,points scored ,points conceded,difference,1,2,3,4,5,6,7,8,9,10,11,12,13,14,15,16,17,18,19,20,21,22,23
02/02/2019,2019,gt,italy,6n,yes,h,7,15,8,,w,33,20,13,dell,mcinally,nel,toolis,gilchrist,skinner,ritchie,wilson,laidlaw,russell,kinghorn,"johnson, s",jones,seymour,hogg,kerr,bhatti,berghan,"graham, g",strauss,price,hastings,harris
09/02/2019,2019,gt,ireland,6n,yes,h,7,2,-5,,l,13,22,-9,dell,mcinally,berghan,gilchrist,"gray, j",wilson,ritchie,strauss,laidlaw,russell,maitland,"johnson, s",jones,seymour,hogg,"brown, f",bhatti,rae,toolis,harley,price,"horne, p",kinghorn
23/02/2019,2019,gt,france,6n,yes,a,7,10,3,,l,10,27,-17,dell,mcinally,berghan,gilchrist,"gray, j",bradbury,ritchie,strauss,laidlaw,"horne, p",maitland,"johnson, s",grigg,seymour,kinghorn,"brown, f",allan,"fagerson, z",toolis,"graham, g",price,hastings,"graham, d"
09/03/2019,2019,gt,wales,6n,yes,h,7,3,-4,,l,11,18,-7,dell,mcinally,nel,gilchrist,"gray, j",bradbury,ritchie,strauss,price,russell,"graham, d","horne, p",grigg,seymour,kinghorn,"brown, f",reid,berghan,toolis,watson,laidlaw,hastings,mcguigan
16/03/2019,2019,gt,england,6n,yes,a,7,4,-3,,d,38,38,0,dell,mcinally,nel,toolis,gilchrist,skinner,watson,bradbury,price,russell,mcguigan,"johnson, s",grigg,"graham, d",maitland,"brown, f",reid,berghan,"gray, j",strauss,laidlaw,hastings,harris
17/08/2019,2019,gt,france,friendly,yes,a,7,8,1,,l,3,32,-29,bhatti,mcinally,berghan,toolis,gilchrist,barclay,ritchie,strauss,price,hastings,mcguigan,taylor,jones,"graham, d",hogg,turner,reid,"fagerson, z",cummings,"fagerson, m","horne, g",hutchinson,kinghorn
24/08/2019,2019,gt,france,friendly,yes,h,8,7,-1,,w,17,14,3,reid,turner,nel,cummings,skinner,wilson,watson,thomson,laidlaw,russell,maitland,"horne, p",harris,seymour,hogg,stewart,dell,berghan,gilchrist,barclay,"horne, g",hutchinson,kinghorn
31/08/2019,2019,gt,georgia,friendly,yes,a,7,12,5,,w,44,10,34,dell,mcinally,nel,toolis,gilchrist,barclay,watson,"fagerson, m",laidlaw,russell,maitland,"johnson, s",hutchinson,"graham, d",kinghorn,stewart,bhatti,"fagerson, z",cummings,strauss,price,hastings,jones
06/09/2019,2019,gt,georgia,friendly,yes,h,7,12,5,,w,36,9,27,reid,turner,"fagerson, z",cummings,"gray, j",wilson,ritchie,thomson,price,hastings,"graham, d","johnson, s",taylor,seymour,kinghorn,stewart,dell,berghan,toolis,bradbury,"horne, g","horne, p",harris
22/09/2019,2019,gt,ireland,wc,yes,n,7,1,-6,,l,3,27,-24,dell,mcinally,nel,gilchrist,"gray, j",barclay,watson,wilson,laidlaw,russell,maitland,"johnson, s",taylor,seymour,hogg,"brown, f",reid,berghan,cummings,thomson,price,harris,"graham, d"
30/09/2019,2019,gt,samoa,wc,yes,n,8,16,8,,w,34,0,34,dell,mcinally,nel,gilchrist,"gray, j",bradbury,ritchie,thomson,laidlaw,russell,maitland,"johnson, s",harris,"graham, d",hogg,"brown, f",reid,"fagerson, z",cummings,wilson,"horne, g",hastings,taylor
09/10/2019,2019,gt,russia,wc,yes,n,9,20,11,,w,61,0,61,reid,turner,"fagerson, z",cummings,toolis,barclay,"brown, f",wilson,"horne, g",hastings,"graham, d","horne, p",taylor,seymour,kinghorn,mcinally,berghan,nel,gilchrist,bradbury,ritchie,pyrgos,harris
13/10/2019,2019,gt,japan,wc,yes,n,9,8,-1,,l,21,28,-7,dell,"brown, f",nel,gilchrist,"gray, j",bradbury,ritchie,thomson,laidlaw,russell,"graham, d","johnson, s",harris,seymour,hogg,mcinally,reid,"fagerson, z",cummings,wilson,"horne, g","horne, p",kinghorn
01/02/2020,2020,gt,ireland,6n,yes,a,9,5,-4,,l,12,19,-7,sutherland,"brown, f","fagerson, z",cummings,"gray, j",ritchie,watson,haining,price,hastings,kinghorn,"johnson, s",jones,maitland,hogg,mcinally,dell,nel,toolis,du preez,"horne, g",hutchinson,harris
08/02/2020,2020,gt,england,6n,yes,h,9,3,-6,,l,6,13,-7,sutherland,"brown, f","fagerson, z",cummings,"gray, j",ritchie,watson,bradbury,price,hastings,kinghorn,"johnson, s",jones,maitland,hogg,mcinally,dell,berghan,toolis,haining,"horne, g",hutchinson,harris
22/02/2020,2020,gt,italy,6n,yes,a,9,13,4,,w,17,0,17,sutherland,mcinally,"fagerson, z",toolis,cummings,ritchie,watson,bradbury,price,hastings,kinghorn,"johnson, s",harris,maitland,hogg,"brown, f",dell,nel,gilchrist,"fagerson, m","horne, g",hutchinson,mcguigan
08/03/2020,2020,gt,france,6n,yes,h,8,5,-3,,w,28,17,11,sutherland,"brown, f","fagerson, z",cummings,gilchrist,ritchie,watson,haining,price,hastings,kinghorn,"johnson, s",harris,maitland,hogg,mcinally,dell,nel,skinner,bradbury,"horne, g",weir,steyn
23/10/2020,2020,gt,georgia,friendly,yes,h,8,12,4,,w,48,7,41,sutherland,"brown, f","fagerson, z",toolis,cummings,ritchie,watson,"fagerson, m",price,hastings,van der merwe,lang,harris,"graham, d",kinghorn,mcinally,kebble,berghan,harley,haining,du preez,"horne, g",russell
31/10/2020,2020,gt,wales,6n,yes,a,8,7,-1,,w,14,10,4,sutherland,"brown, f","fagerson, z",cummings,"gray, j",ritchie,watson,thomson,price,russell,kinghorn,lang,harris,"graham, d",hogg,mcinally,kebble,berghan,toolis,du preez,steele,hastings,van der merwe
14/11/2020,2020,gt,italy,tour,yes,a,7,14,7,,w,28,17,11,sutherland,mcinally,"fagerson, z",cummings,"gray, j",ritchie,watson,thomson,price,weir,van der merwe,"johnson, s",harris,"graham, d",hogg,turner,kebble,nel,skinner,haining,hidalgo-clyne,lang,kinghorn
22/11/2020,2020,gt,france,eoyt,yes,h,7,4,-3,,l,15,22,-7,kebble,"brown, f",berghan,cummings,"gray, j",ritchie,watson,"fagerson, m",price,weir,van der merwe,"johnson, s",harris,kinghorn,hogg,turner,bhatti,"fagerson, z",skinner,thomson,hidalgo-clyne,taylor,maitland
05/12/2020,2020,gt,ireland,tour,yes,a,7,5,-2,,l,16,31,-15,sutherland,"brown, f","fagerson, z",cummings,"gray, j",thomson,ritchie,"fagerson, m",price,van der walt,van der merwe,taylor,harris,"graham, d",hogg,turner,kebble,nel,skinner,cowan,hidalgo-clyne,jones,maitland
06/02/2021,2021,gt,england,6n,yes,a,7,2,-5,,w,11,6,5,sutherland,turner,"fagerson, z",cummings,"gray, j",ritchie,watson,"fagerson, m",price,russell,van der merwe,redpath,harris,maitland,hogg,cherry,kebble,nel,"gray, r","graham, g",steele,van der walt,jones
13/02/2021,2021,gt,wales,6n,yes,h,7,8,1,,l,24,25,-1,sutherland,turner,"fagerson, z",cummings,"gray, j",thomson,watson,"fagerson, m",price,russell,van der merwe,lang,harris,"graham, d",hogg,cherry,kebble,nel,"gray, r","graham, g",steele,van der walt,jones
14/03/2021,2021,gt,ireland,6n,yes,h,8,7,-1,,l,24,27,-3,sutherland,turner,nel,cummings,"gray, j",ritchie,watson,"fagerson, m",price,russell,van der merwe,"johnson, s",harris,maitland,hogg,cherry,bhatti,berghan,gilchrist,haining,steele,jones,"graham, d"
20/03/2021,2021,gt,italy,6n,yes,h,9,15,6,,w,52,10,42,sutherland,cherry,"fagerson, z",skinner,gilchrist,ritchie,watson,"fagerson, m",steele,hogg,van der merwe,"johnson, s",jones,"graham, d",maitland,turner,bhatti,berghan,craig,haining,price,van der walt,harris
26/03/2021,2021,gt,france,6n,yes,a,9,3,-6,,w,27,23,4,sutherland,turner,"fagerson, z",skinner,gilchrist,ritchie,watson,haining,price,russell,van der merwe,"johnson, s",harris,"graham, d",hogg,cherry,kebble,berghan,craig,wilson,steele,hastings,jones
30/10/2021,2021,gt,tonga,eoyt,yes,h,7,15,8,,w,60,14,46,schoeman,turner,"fagerson, z",hodgson,harley,ritchie,watson,"fagerson, m",price,kinghorn,mclean,"johnson, s",tuipulotu,steyn,"graham, d",mcinally,bhatti,kebble,sykes,crosbie,haining,dobie,thompson
07/11/2021,2021,gt,australia,eoyt,yes,h,7,3,-4,,w,15,13,2,schoeman,turner,"fagerson, z",skinner,gilchrist,ritchie,watson,"fagerson, m",price,russell,van der merwe,"johnson, s",harris,"graham, d",hogg,ashman,bhatti,kebble,hodgson,bayliss,"horne, g",hastings,steyn
13/11/2021,2021,gt,sa,eoyt,yes,h,7,2,-5,,l,15,30,-15,schoeman,mcinally,"fagerson, z",skinner,gilchrist,haining,ritchie,"fagerson, m",price,russell,van der merwe,scott,harris,mclean,hogg,ashman,bhatti,kebble,hodgson,watson,"horne, g",hastings,kinghorn
20/11/2021,2021,gt,japan,eoyt,yes,h,7,10,3,,w,29,20,9,bhatti,turner,"fagerson, z",cummings,gilchrist,ritchie,watson,bayliss,price,russell,van der merwe,"johnson, s",harris,"graham, d",hogg,mcinally,schoeman,sebastian,skinner,"richardson, d","fagerson, m","horne, g",kinghorn
05/02/2022,2022,gt,england,6n,yes,h,7,3,-4,,w,20,17,3,sutherland,turner,"fagerson, z","gray, j",gilchrist,ritchie,watson,"fagerson, m",price,russell,van der merwe,"johnson, s",harris,"graham, d",hogg,mcinally,schoeman,nel,skinner,bradbury,white,kinghorn,tuipulotu
12/02/2022,2022,gt,wales,6n,yes,a,6,8,2,,l,17,20,-3,schoeman,mcinally,nel,"gray, j",gilchrist,skinner,watson,"fagerson, m",price,russell,van der merwe,tuipulotu,harris,"graham, d",hogg,turner,sutherland,"fagerson, z",bradbury,darge,white,kinghorn,redpath
26/02/2022,2022,gt,france,6n,yes,h,7,4,-3,,l,17,36,-19,schoeman,mcinally,"fagerson, z",skinner,gilchrist,darge,haining,bradbury,price,russell,van der merwe,tuipulotu,harris,"graham, d",hogg,turner,kebble,nel,hodgson,christie,white,kinghorn,bennett
12/03/2022,2022,gt,italy,6n,yes,a,8,14,6,,w,33,22,11,schoeman,turner,"fagerson, z",skinner,gilchrist,darge,watson,"fagerson, m",price,russell,steyn,"johnson, s",harris,"graham, d",hogg,mcinally,dell,nel,hodgson,bradbury,vellacott,hastings,tuipulotu
19/03/2022,2022,gt,ireland,6n,yes,a,7,4,-3,,l,5,26,-21,schoeman,turner,"fagerson, z","gray, j",gilchrist,darge,watson,"fagerson, m",price,kinghorn,steyn,"johnson, s",harris,"graham, d",hogg,"brown, f",dell,nel,skinner,bayliss,white,russell,bennett
02/07/2022,2022,gt,argentina,tour,yes,a,7,8,1,,l,18,26,-8,schoeman,turner,"fagerson, z",gilchrist,"gray, j",bradbury,crosbie,"fagerson, m",price,kinghorn,van der merwe,"johnson, s",bennett,"graham, d",hutchinson,ashman,sutherland,sebastian,skinner,darge,white,thompson,tuipulotu
09/07/2022,2022,gt,argentina,tour,yes,a,8,7,-1,,w,29,6,23,schoeman,cherry,"fagerson, z",skinner,gilchrist,darge,watson,"fagerson, m",white,kinghorn,van der merwe,"johnson, s",bennett,"graham, d",hutchinson,turner,bhatti,sebastian,cummings,christie,price,thompson,rowe
16/07/2022,2022,gt,argentina,tour,yes,a,7,9,2,,l,31,34,-3,sutherland,ashman,"fagerson, z",cummings,"gray, j",darge,watson,"fagerson, m",price,kinghorn,van der merwe,tuipulotu,bennett,mclean,"smith, o",cherry,schoeman,sebastian,young,christie,"horne, g",thompson,"johnson, s"
29/10/2022,2022,gt,australia,eoyt,yes,h,6,9,3,,l,15,16,-1,schoeman,cherry,"fagerson, z",skinner,gilchrist,ritchie,watson,"fagerson, m",price,kinghorn,van der merwe,tuipulotu,bennett,"graham, d","smith, o",turner,bhatti,nel,young,dempsey,"horne, g",thompson,hoyland
05/11/2022,2022,gt,fiji,eoyt,yes,h,9,12,3,,w,28,12,16,schoeman,turner,"fagerson, z","gray, r",gilchrist,ritchie,watson,"fagerson, m",price,hastings,van der merwe,redpath,harris,"graham, d",hogg,ashman,sutherland,walker,"gray, j",dempsey,white,kinghorn,tuipulotu
13/11/2022,2022,gt,nz,eoyt,yes,h,8,3,-5,,l,23,31,-8,schoeman,"brown, f","fagerson, z","gray, r",gilchrist,ritchie,watson,"fagerson, m",price,russell,van der merwe,tuipulotu,harris,"graham, d",hogg,ashman,sutherland,nel,"gray, j",dempsey,white,kinghorn,bennett
19/11/2022,2022,gt,argentina,eoyt,yes,h,9,6,-3,,w,52,29,23,schoeman,"brown, f","fagerson, z","gray, j",gilchrist,"fagerson, m",ritchie,dempsey,price,russell,van der merwe,tuipulotu,harris,"graham, d",hogg,turner,bhatti,walker,young,christie,white,kinghorn,redpath
04/02/2023,2023,gt,england,6n,yes,a,7,5,-2,,w,29,23,6,schoeman,turner,nel,"gray, r",gilchrist,ritchie,crosbie,"fagerson, m",white,russell,van der merwe,tuipulotu,jones,steyn,hogg,"brown, f",bhatti,berghan,"gray, j",dempsey,"horne, g",kinghorn,harris
11/02/2023,2023,gt,wales,6n,yes,h,5,9,4,,w,35,7,28,schoeman,turner,"fagerson, z","gray, r",gilchrist,ritchie,crosbie,"fagerson, m",white,russell,van der merwe,tuipulotu,jones,steyn,hogg,"brown, f",bhatti,nel,"gray, j",dempsey,"horne, g",kinghorn,harris
26/02/2023,2023,gt,france,6n,yes,a,5,2,-3,,l,21,32,-11,schoeman,turner,"fagerson, z","gray, r",gilchrist,ritchie,watson,"fagerson, m",white,russell,van der merwe,tuipulotu,jones,steyn,hogg,"brown, f",bhatti,nel,"gray, j",skinner,dempsey,price,kinghorn
12/03/2023,2023,gt,ireland,6n,yes,h,5,1,-4,,l,7,22,-15,schoeman,turner,"fagerson, z","gray, r","gray, j","fagerson, m",ritchie,dempsey,white,russell,van der merwe,tuipulotu,jones,steyn,hogg,"brown, f",bhatti,berghan,cummings,watson,price,kinghorn,harris
18/03/2023,2023,gt,italy,6n,yes,h,5,14,9,,w,26,14,12,schoeman,turner,"fagerson, z",skinner,"gray, j",ritchie,watson,dempsey,white,kinghorn,van der merwe,tuipulotu,jones,steyn,"smith, o",ashman,sutherland,nel,cummings,"fagerson, m",price,healy,redpath
29/07/2023,2023,gt,italy,tour,yes,h,5,14,9,,w,25,13,12,sutherland,turner,walker,skinner,cummings,crosbie,darge,"fagerson, m",price,healy,steyn,mcdowall,harris,"graham, d","smith, o",mcinally,bhatti,sebastian,henderson,bayliss,dobie,kinghorn,redpath
05/08/2023,2023,gt,france,friendly,yes,h,5,3,-2,,w,25,21,4,schoeman,ashman,"fagerson, z","gray, r",gilchrist,"fagerson, m",watson,dempsey,white,russell,van der merwe,tuipulotu,jones,"graham, d",kinghorn,cherry,bhatti,nel,cummings,darge,"horne, g",redpath,"smith, o"
12/08/2023,2023,gt,france,friendly,yes,a,5,3,-2,,l,27,30,-3,schoeman,turner,nel,"gray, r",gilchrist,ritchie,darge,dempsey,price,russell,van der merwe,tuipulotu,jones,steyn,kinghorn,mcinally,sutherland,sebastian,cummings,skinner,bayliss,"horne, g","smith, o"
26/08/2023,2023,gt,georgia,friendly,yes,h,5,11,6,,w,33,6,27,bhatti,cherry,nel,skinner,gilchrist,ritchie,darge,dempsey,white,russell,van der merwe,tuipulotu,jones,steyn,"smith, o",ashman,sutherland,sebastian,cummings,"fagerson, m","horne, g",healy,harris
10/09/2023,2023,gt,sa,wc,yes,n,5,2,-3,,l,3,18,-15,schoeman,turner,"fagerson, z","gray, r",gilchrist,ritchie,darge,dempsey,white,russell,van der merwe,tuipulotu,jones,"graham, d",kinghorn,cherry,bhatti,nel,cummings,"fagerson, m",price,redpath,"smith, o"
24/09/2023,2023,gt,tonga,wc,yes,n,5,15,10,,w,45,17,28,sutherland,turner,"fagerson, z","gray, r",cummings,ritchie,darge,dempsey,white,russell,van der merwe,tuipulotu,harris,steyn,kinghorn,ashman,schoeman,nel,skinner,"fagerson, m","horne, g",jones,"graham, d"
30/09/2023,2023,gt,romania,wc,yes,n,5,19,14,,w,84,0,84,bhatti,ashman,sebastian,skinner,gilchrist,crosbie,watson,"fagerson, m",price,healy,steyn,redpath,harris,"graham, d","smith, o",matthews,sutherland,nel,cummings,darge,"horne, g",kinghorn,jones
07/10/2023,2023,gt,ireland,wc,yes,n,5,1,-4,,l,14,36,-22,schoeman,turner,"fagerson, z","gray, r",gilchrist,ritchie,darge,dempsey,price,russell,van der merwe,tuipulotu,jones,"graham, d",kinghorn,ashman,sutherland,nel,cummings,"fagerson, m",crosbie,"horne, g","smith, o"
03/02/2024,2024,gt,wales,6n,yes,a,6,8,2,,w,27,26,1,schoeman,turner,"fagerson, z","gray, r",cummings,crosbie,ritchie,"fagerson, m",white,russell,van der merwe,tuipulotu,jones,steyn,rowe,ashman,hepburn,millar mills,skinner,dempsey,"horne, g",healy,redpath
10/02/2024,2024,gt,france,6n,yes,h,6,4,-2,,l,16,20,-4,schoeman,turner,"fagerson, z",gilchrist,cummings,"fagerson, m",darge,dempsey,white,russell,van der merwe,tuipulotu,jones,paterson,rowe,ashman,hepburn,millar mills,skinner,christie,"horne, g",healy,redpath
24/02/2024,2024,gt,england,6n,yes,h,6,5,-1,,w,30,21,9,schoeman,turner,"fagerson, z",gilchrist,cummings,ritchie,darge,dempsey,white,russell,van der merwe,tuipulotu,jones,steyn,kinghorn,ashman,hepburn,millar mills,skinner,christie,"horne, g",healy,redpath
09/03/2024,2024,gt,italy,6n,yes,a,6,10,4,,l,29,31,-2,schoeman,turner,"fagerson, z",gilchrist,cummings,christie,darge,dempsey,"horne, g",russell,van der merwe,redpath,jones,steyn,kinghorn,ashman,hepburn,millar mills,skinner,ritchie,"fagerson, m",price,rowe
16/03/2024,2024,gt,ireland,6n,yes,a,6,2,-4,,l,13,17,-4,schoeman,turner,"fagerson, z",gilchrist,cummings,christie,darge,dempsey,white,russell,van der merwe,mcdowall,jones,steyn,kinghorn,ashman,sutherland,sebastian,skinner,"fagerson, m","horne, g",redpath,rowe
06/07/2024,2024,gt,canada,tour,yes,a,6,21,15,,w,73,12,61,sutherland,"richardson, d",millar mills,williamson,young,"brown, g",crosbie,bayliss,warr,thompson,reed,mcdowall,currie,dobie,paterson,"smith, r",mcbeth,hurd,"johnson, e","fagerson, m",healy,steyn,mccann
12/07/2024,2024,gt,usa,tour,yes,a,6,18,12,,w,42,7,35,schoeman,ashman,walker,craig,cummings,ritchie,darge,"fagerson, m","horne, g",hastings,van der merwe,tuipulotu,jones,steyn,rowe,"smith, r",sutherland,millar mills,williamson,crosbie,dobie,thompson,currie
20/07/2024,2024,gt,chile,tour,yes,a,6,22,16,,w,52,11,41,mcbeth,"richardson, d",hurd,craig,"johnson, e","brown, g",ritchie,bayliss,warr,healy,reed,tuipulotu,steyn,dobie,rowe,harrison,schoeman,sebastian,williamson,darge,hastings,mcdowall,currie
27/07/2024,2024,gt,uruguay,tour,yes,a,6,17,11,,w,31,19,12,sutherland,ashman,sebastian,williamson,"brown, g",crosbie,darge,"fagerson, m","horne, g",healy,van der merwe,mcdowall,jones,rowe,paterson,harrison,schoeman,walker,"johnson, e",ritchie,dobie,hastings,steyn
02/11/2024,2024,gt,fiji,eoyt,yes,h,7,9,2,,w,57,17,40,schoeman,ashman,"fagerson, z",gilchrist,cummings,"fagerson, m",darge,dempsey,price,hastings,van der merwe,tuipulotu,jones,"graham, d",rowe,"richardson, d",sutherland,rae,williamson,"brown, g",dobie,jordan,mcdowall
10/11/2024,2024,gt,sa,eoyt,yes,h,7,2,-5,,l,15,32,-17,schoeman,ashman,"fagerson, z",gilchrist,cummings,"fagerson, m",darge,dempsey,white,russell,van der merwe,tuipulotu,jones,kinghorn,jordan,"richardson, d",sutherland,millar mills,williamson,bayliss,ritchie,dobie,mcdowall
16/11/2024,2024,gt,portugal,eoyt,yes,h,6,15,9,,w,59,21,38,bhatti,harrison,hurd,craig,samuel,crosbie,muncaster,bayliss,"horne, g",hastings,reed,mcdowall,hutchinson,"graham, d",jordan,matthews,sutherland,millar mills,"johnson, e",douglas,dobie,currie,rowe
24/11/2024,2024,gt,australia,eoyt,yes,h,6,8,2,,w,27,13,14,schoeman,ashman,"fagerson, z",gilchrist,cummings,ritchie,darge,"fagerson, m",white,russell,van der merwe,tuipulotu,jones,"graham, d",kinghorn,"richardson, d",sutherland,hurd,craig,bayliss,"horne, g",jordan,rowe
01/02/2025,2025,gt,italy,6n,yes,h,6,10,4,,w,31,19,12,schoeman,cherry,"fagerson, z","gray, j",gilchrist,ritchie,darge,"fagerson, m",white,russell,van der merwe,mcdowall,jones,"graham, d",kinghorn,ashman,sutherland,hurd,"brown, g",dempsey,"horne, g",jordan,rowe
09/02/2025,2025,gt,ireland,6n,yes,h,6,2,-4,,l,18,32,-14,sutherland,cherry,"fagerson, z","gray, j",gilchrist,"fagerson, m",darge,dempsey,white,russell,van der merwe,jordan,jones,"graham, d",kinghorn,ashman,schoeman,hurd,skinner,"brown, g",ritchie,dobie,mcdowall
22/02/2025,2025,gt,england,6n,yes,a,7,6,-1,,l,15,16,-1,schoeman,cherry,"fagerson, z","gray, j",gilchrist,ritchie,darge,dempsey,white,russell,van der merwe,jordan,jones,rowe,kinghorn,ashman,bhatti,hurd,skinner,"brown, g","fagerson, m",dobie,mcdowall
08/03/2025,2025,gt,wales,6n,yes,h,7,12,5,,w,35,29,6,schoeman,cherry,"fagerson, z","gray, j",gilchrist,ritchie,darge,dempsey,white,russell,van der merwe,jordan,jones,"graham, d",kinghorn,ashman,sutherland,hurd,"brown, g","fagerson, m","horne, g",mcdowall,rowe
15/03/2025,2025,gt,france,6n,yes,a,7,4,-3,,l,16,35,-19,schoeman,cherry,"fagerson, z","brown, g",gilchrist,ritchie,darge,"fagerson, m",white,russell,van der merwe,jordan,jones,"graham, d",kinghorn,ashman,sutherland,hurd,"johnson, e",sykes,muncaster,dobie,mcdowall
05/07/2025,2025,gt,maori abs,tour,no,a,n/a,n/a,n/a,,w,29,26,3,mcbeth,harrison,"richardson, f",sykes,henderson,bayliss,christie,muncaster,"horne, g",hastings,reed,mcdowall,hutchinson,paterson,"smith, o",turner,hepburn,hurd,williamson,"brown, g",masibaka,burke,dobie
12/07/2025,2025,gt,fiji,tour,yes,a,7,9,2,,l,14,29,-15,sutherland,ashman,millar mills,sykes,gilchrist,ritchie,darge,"fagerson, m",dobie,burke,steyn,jordan,redpath,"graham, d",rowe,turner,hepburn,hurd,williamson,bayliss,"horne, g",hastings,"smith, o"
18/07/2025,2025,gt,samoa,tour,yes,a,8,13,5,,w,41,12,29,sutherland,ashman,millar mills,"brown, g",gilchrist,christie,darge,"fagerson, m",dobie,burke,reed,mcdowall,hutchinson,steyn,rowe,turner,mcbeth,"richardson, f",henderson,sykes,muncaster,"horne, g",hastings
01/11/2025,2025,gt,usa,eoyt,yes,h,8,15,7,,w,85,0,85,sutherland,harrison,rae,cummings,sykes,mcconnell,"richardson, d",dempsey,dobie,hastings,van der merwe,mcdowall,"smith, o","graham, d",rowe,morris,mcbeth,walker,samuel,williamson,bradbury,"horne, g",thompson
08/11/2025,2025,gt,nz,eoyt,yes,h,8,2,-6,,l,17,25,-8,schoeman,ashman,rae,cummings,gilchrist,"brown, g","fagerson, m",dempsey,white,russell,steyn,tuipulotu,hutchinson,"graham, d",kinghorn,turner,sutherland,millar mills,sykes,darge,bayliss,dobie,jordan
16/11/2025,2025,gt,argentina,eoyt,yes,h,8,6,-2,,l,24,33,-9,schoeman,ashman,rae,cummings,gilchrist,"brown, g",darge,dempsey,,russell,steyn,tuipulotu,hutchinson,"graham, d",kinghorn,turner,mcbeth,millar mills,bayliss,"fagerson, m","horne, g",jordan,van der merwe
23/11/2025,2025,gt,tonga,eoyt,yes,h,9,19,10,,w,56,0,56,sutherland,turner,"fagerson, z",samuel,williamson,christie,ritchie,bradbury,white,burke,van der merwe,tuipulotu,"smith, o",rowe,jordan,ashman,mcbeth,hurd,sykes,bayliss,"horne, g",mcdowall,steyn
07/02/2026,2026,gt,italy,6n,yes,a,9,10,1,,l,15,18,-3,schoeman,ashman,"fagerson, z",cummings,gilchrist,"fagerson, m",darge,dempsey,white,russell,dobie,tuipulotu,jones,steyn,jordan,turner,mcbeth,millar mills,williamson,"brown, g","horne, g",hastings,"graham, d"
14/02/2026,2026,gt,england,6n,yes,h,10,3,-7,,w,31,20,11,mcbeth,turner,"fagerson, z","brown, g",cummings,ritchie,darge,dempsey,white,russell,dobie,tuipulotu,jones,steyn,jordan,cherry,schoeman,millar mills,williamson,"fagerson, m","horne, g",hastings,"graham, d"
21/02/2026,2026,gt,wales,6n,yes,a,9,11,2,,w,26,23,3,mcbeth,cherry,"fagerson, z",williamson,cummings,"brown, g",darge,"fagerson, m",white,russell,van der merwe,tuipulotu,jones,steyn,kinghorn,turner,schoeman,millar mills,gilchrist,bayliss,"horne, g",jordan,"graham, d"
07/03/2026,2026,gt,france,6n,yes,h,7,4,-3,,w,50,40,10,schoeman,turner,rae,"brown, g",cummings,"fagerson, m",darge,dempsey,white,russell,steyn,tuipulotu,jones,"graham, d",kinghorn,ashman,sutherland,"fagerson, z",gilchrist,douglas,bayliss,"horne, g",jordan
14/03/2026,2026,gt,ireland,6n,yes,a,7,3,-4,,l,21,43,-22,schoeman,turner,"fagerson, z",williamson,gilchrist,"fagerson, m",darge,dempsey,white,russell,steyn,tuipulotu,jones,"graham, d",kinghorn,ashman,sutherland,rae,craig,bradbury,"horne, g",rowe,jordan
04/07/2026,2026,gt,argentina,nc,yes,a,7,5,-2,,w,47,38,9,schoeman,ashman,millar mills,"gray, j",cummings,"fagerson, m",darge,dempsey,white,jordan,dobie,tuipulotu,hutchinson,steyn,rowe,hiddleston,sutherland,"fagerson, z",samuel,"brown, g","horne, g",burke,"graham, d"
11/07/2026,2026,gt,sa,nc,yes,a,5,1,-4,,l,28,42,-14,schoeman,ashman,"fagerson, z","brown, g",cummings,"fagerson, m",darge,dempsey,white,russell,dobie,tuipulotu,hutchinson,steyn,rowe,hiddleston,sutherland,hurd,williamson,bayliss,bradbury,jordan,mcdowall
18/07/2026,2026,gt,fiji,nc,yes,h,6,9,3,,w,33,17,16,sutherland,hiddleston,rae,"gray, j",williamson,bayliss,douglas,"brown, g","horne, g",burke,van der merwe,mcdowall,"smith, o","graham, d",jordan,stephen,schoeman,"fagerson, z",cummings,mcconnell,bradbury,dobie,tuipulotu
