match_url,match_id,competition,season,competition_name,match_date,round,home_team,away_team,team,home_away,home_score_FT,away_score_FT,home_score_HT,away_score_HT,possession_pct,territory_pct,Tries,Metres_Gained,Carries,Defenders_Beaten,Clean_Breaks,Passes,Offloads,Turnovers_Conceded,Tackles_Attempted,Missed_Tackles,Turnovers_Won,Kicks_In_Play,Kick_Metres,Conversions,Conversion_Accuracy,Penalty_Goals,Penalty_Goal_Accuracy,Drop_Goals,Rucks_Won,Rucks_Lost,Rucks_Won_Pct,Mauls_Won,Lineouts_Won,Lineouts_Lost,Lineouts_Won_Pct,Scrums_Won,Scrums_Lost,Scrums_Won_Pct,Penalties_Conceded,Red_Cards,Yellow_Cards
https://rugby-union-feeds.incrowdsports.com/v1/matches/282674,282674,1008,202401,Investec Champions Cup,2024-12-06,1,Bath Rugby,La Rochelle,Bath Rugby,home,20,24,6,21,55.9,51.8,2,285,83,13,1,56,0,10,63,15,5,38,1075,2,100.0,2,100.0,0,54,1,88.9,1,12,2,70.6,9,1,90.0,12,0,0
https://rugby-union-feeds.incrowdsports.com/v1/matches/282674,282674,1008,202401,Investec Champions Cup,2024-12-06,1,Bath Rugby,La Rochelle,La Rochelle,away,20,24,6,21,44.1,48.2,3,201,62,15,2,36,2,12,93,13,6,36,1231,3,100.0,1,50.0,0,32,0,86.8,6,12,2,75.0,5,0,100.0,9,0,0
https://rugby-union-feeds.incrowdsports.com/v1/matches/282675,282675,1008,202401,Investec Champions Cup,2024-12-07,1,Clermont Auvergne,Benetton Rugby,Clermont Auvergne,home,28,0,21,0,43.3,38.6,4,341,82,17,5,80,12,14,127,19,8,21,636,4,100.0,0,,0,43,1,94.0,7,11,0,91.7,7,1,87.5,13,0,1
https://rugby-union-feeds.incrowdsports.com/v1/matches/282675,282675,1008,202401,Investec Champions Cup,2024-12-07,1,Clermont Auvergne,Benetton Rugby,Benetton Rugby,away,28,0,21,0,56.7,61.4,0,266,116,19,4,127,6,18,81,17,7,16,516,0,,0,,0,77,2,95.3,2,12,6,66.7,8,0,100.0,12,0,1
https://rugby-union-feeds.incrowdsports.com/v1/matches/282676,282676,1008,202401,Investec Champions Cup,2024-12-07,1,Hollywoodbets Sharks,Exeter Chiefs,Hollywoodbets Sharks,home,39,21,26,14,44.6,40.3,5,530,100,33,18,113,12,12,118,14,4,18,512,4,80.0,2,100.0,0,47,1,94.4,2,13,0,100.0,6,0,100.0,19,0,3
https://rugby-union-feeds.incrowdsports.com/v1/matches/282676,282676,1008,202401,Investec Champions Cup,2024-12-07,1,Hollywoodbets Sharks,Exeter Chiefs,Exeter Chiefs,away,39,21,26,14,55.4,59.7,3,272,99,14,8,91,10,11,90,33,5,17,422,3,100.0,0,,0,70,0,97.3,5,14,1,82.3,7,0,100.0,11,0,2
https://rugby-union-feeds.incrowdsports.com/v1/matches/282677,282677,1008,202401,Investec Champions Cup,2024-12-07,1,Northampton Saints,Castres Olympique,Northampton Saints,home,38,8,14,3,44.7,43.9,6,417,120,46,7,115,6,15,203,24,9,41,1011,4,66.7,0,,0,82,1,95.5,2,8,4,61.5,7,0,100.0,11,0,0
https://rugby-union-feeds.incrowdsports.com/v1/matches/282677,282677,1008,202401,Investec Champions Cup,2024-12-07,1,Northampton Saints,Castres Olympique,Castres Olympique,away,38,8,14,3,55.3,56.1,1,422,146,24,7,123,8,18,130,46,4,39,961,0,0.0,1,50.0,0,109,1,96.5,2,10,0,90.9,8,0,100.0,9,0,0
https://rugby-union-feeds.incrowdsports.com/v1/matches/282678,282678,1008,202401,Investec Champions Cup,2024-12-07,1,DHL Stormers,Toulon,DHL Stormers,home,14,24,14,10,55.5,59.2,2,386,121,13,6,123,7,19,90,15,10,30,578,2,100.0,0,0.0,0,67,2,97.2,5,19,1,95.0,8,0,100.0,8,0,2
https://rugby-union-feeds.incrowdsports.com/v1/matches/282678,282678,1008,202401,Investec Champions Cup,2024-12-07,1,DHL Stormers,Toulon,Toulon,away,14,24,14,10,44.5,40.8,3,306,79,15,7,81,15,15,121,13,11,36,1038,3,100.0,1,100.0,0,45,1,92.0,5,13,1,92.9,6,0,100.0,14,1,1
https://rugby-union-feeds.incrowdsports.com/v1/matches/282679,282679,1008,202401,Investec Champions Cup,2024-12-07,1,Munster Rugby,Stade Francais Paris,Munster Rugby,home,33,7,14,0,57.2,49.4,5,397,157,18,10,172,9,10,153,16,11,27,721,4,80.0,0,,0,105,0,95.5,2,15,0,100.0,4,0,100.0,6,0,1
https://rugby-union-feeds.incrowdsports.com/v1/matches/282679,282679,1008,202401,Investec Champions Cup,2024-12-07,1,Munster Rugby,Stade Francais Paris,Stade Francais Paris,away,33,7,14,0,42.8,50.6,1,252,125,16,7,135,8,15,189,18,8,16,459,1,100.0,0,,0,79,2,96.4,6,15,2,88.2,4,1,80.0,10,2,0
https://rugby-union-feeds.incrowdsports.com/v1/matches/282680,282680,1008,202401,Investec Champions Cup,2024-12-07,1,Saracens,Vodacom Bulls,Saracens,home,27,5,8,5,41.7,44.9,4,212,92,18,1,76,10,9,205,40,11,21,554,2,50.0,1,50.0,0,56,1,96.8,6,9,1,81.8,7,3,70.0,9,0,0
https://rugby-union-feeds.incrowdsports.com/v1/matches/282680,282680,1008,202401,Investec Champions Cup,2024-12-07,1,Saracens,Vodacom Bulls,Vodacom Bulls,away,27,5,8,5,58.3,55.1,1,306,140,40,2,122,11,20,116,18,4,12,288,0,0.0,0,,0,111,1,96.6,2,12,1,85.7,4,1,80.0,15,0,2
https://rugby-union-feeds.incrowdsports.com/v1/matches/282681,282681,1008,202401,Investec Champions Cup,2024-12-07,1,Glasgow Warriors,Sale Sharks,Glasgow Warriors,home,38,19,33,12,50.6,43.5,6,356,126,29,9,130,12,13,152,13,13,23,625,4,66.7,0,,0,82,0,97.7,6,13,0,92.9,3,0,100.0,12,0,2
https://rugby-union-feeds.incrowdsports.com/v1/matches/282681,282681,1008,202401,Investec Champions Cup,2024-12-07,1,Glasgow Warriors,Sale Sharks,Sale Sharks,away,38,19,33,12,49.4,56.5,3,388,118,13,7,156,4,13,146,29,4,17,330,1,50.0,0,,0,78,4,92.0,7,16,2,88.9,4,2,66.7,7,0,0
https://rugby-union-feeds.incrowdsports.com/v1/matches/282682,282682,1008,202401,Investec Champions Cup,2024-12-07,1,Racing 92,Harlequins,Racing 92,home,23,12,12,5,45.7,44.0,3,241,87,22,10,74,2,17,114,13,9,23,794,1,33.3,2,100.0,0,60,0,96.8,6,14,2,82.3,6,0,100.0,11,0,2
https://rugby-union-feeds.incrowdsports.com/v1/matches/282682,282682,1008,202401,Investec Champions Cup,2024-12-07,1,Racing 92,Harlequins,Harlequins,away,23,12,12,5,54.3,56.0,2,280,108,13,6,112,2,13,111,22,5,27,805,1,50.0,0,,0,67,1,93.2,7,21,1,95.5,9,0,100.0,10,0,1
https://rugby-union-feeds.incrowdsports.com/v1/matches/282683,282683,1008,202401,Investec Champions Cup,2024-12-08,1,Bordeaux-Begles,Leicester Tigers,Bordeaux-Begles,home,42,28,14,21,35.3,39.0,6,479,108,15,16,127,15,14,205,29,14,40,1267,6,100.0,0,,0,42,3,87.8,4,8,0,100.0,5,0,100.0,15,0,0
https://rugby-union-feeds.incrowdsports.com/v1/matches/282683,282683,1008,202401,Investec Champions Cup,2024-12-08,1,Bordeaux-Begles,Leicester Tigers,Leicester Tigers,away,42,28,14,21,64.7,61.0,4,692,176,29,6,189,8,17,76,15,8,29,718,4,100.0,0,,0,117,5,93.1,4,15,4,71.4,7,0,100.0,6,0,0
https://rugby-union-feeds.incrowdsports.com/v1/matches/282684,282684,1008,202401,Investec Champions Cup,2024-12-08,1,Toulouse,Ulster Rugby,Toulouse,home,61,21,40,14,50.6,56.1,9,473,130,23,12,120,10,15,143,12,10,25,681,7,87.5,0,,0,69,1,94.6,8,13,0,92.9,7,0,100.0,12,0,0
https://rugby-union-feeds.incrowdsports.com/v1/matches/282684,282684,1008,202401,Investec Champions Cup,2024-12-08,1,Toulouse,Ulster Rugby,Ulster Rugby,away,61,21,40,14,49.4,43.9,3,232,111,12,2,98,4,12,130,23,6,16,512,3,100.0,0,,0,70,3,88.2,3,14,2,82.3,5,0,100.0,11,0,1
https://rugby-union-feeds.incrowdsports.com/v1/matches/282685,282685,1008,202401,Investec Champions Cup,2024-12-08,1,Bristol Bears,Leinster Rugby,Bristol Bears,home,12,35,7,7,56.4,47.8,2,324,150,20,5,143,15,25,107,27,7,14,414,1,50.0,0,,0,90,1,95.8,3,16,1,80.0,5,1,83.3,8,0,1
https://rugby-union-feeds.incrowdsports.com/v1/matches/282685,282685,1008,202401,Investec Champions Cup,2024-12-08,1,Bristol Bears,Leinster Rugby,Leinster Rugby,away,12,35,7,7,43.6,52.2,5,445,118,27,11,149,12,15,168,20,7,23,753,5,100.0,0,,0,64,0,95.6,4,12,1,92.3,8,4,66.7,17,0,3
https://rugby-union-feeds.incrowdsports.com/v1/matches/282686,282686,1008,202401,Investec Champions Cup,2024-12-13,2,Sale Sharks,Racing 92,Sale Sharks,home,29,7,12,7,42.9,45.5,4,451,119,18,8,128,7,15,198,24,7,23,639,3,75.0,1,100.0,0,67,2,92.3,4,12,3,66.7,3,0,100.0,12,0,0
https://rugby-union-feeds.incrowdsports.com/v1/matches/282686,282686,1008,202401,Investec Champions Cup,2024-12-13,2,Sale Sharks,Racing 92,Racing 92,away,29,7,12,7,57.1,54.5,1,258,148,24,3,138,10,15,126,18,4,30,684,1,100.0,0,0.0,0,108,1,96.5,4,12,0,92.3,5,0,100.0,15,0,1
https://rugby-union-feeds.incrowdsports.com/v1/matches/282687,282687,1008,202401,Investec Champions Cup,2024-12-13,2,Castres Olympique,Munster Rugby,Castres Olympique,home,16,14,10,7,41.4,46.1,2,288,95,17,1,89,14,9,133,15,6,35,968,0,0.0,2,66.7,0,46,1,94.4,4,18,3,85.7,8,0,100.0,16,0,3
https://rugby-union-feeds.incrowdsports.com/v1/matches/282687,282687,1008,202401,Investec Champions Cup,2024-12-13,2,Castres Olympique,Munster Rugby,Munster Rugby,away,16,14,10,7,58.6,53.9,2,322,154,15,2,207,7,16,92,17,4,26,739,2,100.0,0,0.0,0,96,1,97.0,4,12,1,92.3,3,0,100.0,17,0,0
https://rugby-union-feeds.incrowdsports.com/v1/matches/282688,282688,1008,202401,Investec Champions Cup,2024-12-14,2,Vodacom Bulls,Northampton Saints,Vodacom Bulls,home,21,30,7,12,60.8,68.9,3,613,149,38,12,178,20,17,68,18,6,10,290,3,100.0,0,,0,83,3,93.4,1,12,1,92.3,9,0,100.0,14,0,0
https://rugby-union-feeds.incrowdsports.com/v1/matches/282688,282688,1008,202401,Investec Champions Cup,2024-12-14,2,Vodacom Bulls,Northampton Saints,Northampton Saints,away,21,30,7,12,39.2,31.1,4,336,79,18,7,72,11,10,145,38,9,19,589,2,50.0,2,100.0,0,32,1,92.7,0,14,0,87.5,7,2,77.8,11,0,1
https://rugby-union-feeds.incrowdsports.com/v1/matches/282689,282689,1008,202401,Investec Champions Cup,2024-12-14,2,Ulster Rugby,Bordeaux-Begles,Ulster Rugby,home,19,40,19,14,57.4,59.7,3,517,165,29,6,181,11,15,133,23,9,15,396,2,66.7,0,,0,110,4,93.3,1,8,1,80.0,7,0,100.0,12,0,1
https://rugby-union-feeds.incrowdsports.com/v1/matches/282689,282689,1008,202401,Investec Champions Cup,2024-12-14,2,Ulster Rugby,Bordeaux-Begles,Bordeaux-Begles,away,19,40,19,14,42.6,40.3,6,406,121,23,9,133,10,12,181,29,12,18,529,4,80.0,0,,0,71,1,97.3,6,12,1,85.7,7,1,87.5,7,0,3
https://rugby-union-feeds.incrowdsports.com/v1/matches/282690,282690,1008,202401,Investec Champions Cup,2024-12-14,2,Leinster Rugby,Clermont Auvergne,Leinster Rugby,home,15,7,12,7,54.9,59.0,2,514,166,23,8,182,9,20,116,26,9,23,738,1,50.0,1,100.0,0,92,3,93.9,4,9,5,56.2,7,0,100.0,6,0,0
https://rugby-union-feeds.incrowdsports.com/v1/matches/282690,282690,1008,202401,Investec Champions Cup,2024-12-14,2,Leinster Rugby,Clermont Auvergne,Clermont Auvergne,away,15,7,12,7,45.1,41.0,1,312,96,26,7,78,8,16,164,23,11,35,1074,1,100.0,0,,0,66,2,94.3,3,7,0,100.0,10,1,90.9,15,0,1
https://rugby-union-feeds.incrowdsports.com/v1/matches/282691,282691,1008,202401,Investec Champions Cup,2024-12-14,2,Leicester Tigers,Hollywoodbets Sharks,Leicester Tigers,home,56,17,35,10,56.4,58.2,8,444,133,26,9,133,8,11,132,19,10,27,791,8,100.0,0,,0,96,1,96.0,4,8,1,88.9,10,1,90.9,8,0,0
https://rugby-union-feeds.incrowdsports.com/v1/matches/282691,282691,1008,202401,Investec Champions Cup,2024-12-14,2,Leicester Tigers,Hollywoodbets Sharks,Hollywoodbets Sharks,away,56,17,35,10,43.6,41.8,2,286,102,19,5,124,7,17,157,26,7,16,449,2,100.0,1,100.0,0,69,1,92.4,1,9,3,75.0,6,1,85.7,8,0,1
https://rugby-union-feeds.incrowdsports.com/v1/matches/282693,282693,1008,202401,Investec Champions Cup,2024-12-14,2,La Rochelle,Bristol Bears,La Rochelle,home,35,7,14,7,59.2,71.7,5,399,136,28,6,133,22,16,95,23,17,30,831,5,100.0,0,,0,73,0,96.1,7,19,0,100.0,10,0,100.0,8,0,0
https://rugby-union-feeds.incrowdsports.com/v1/matches/282693,282693,1008,202401,Investec Champions Cup,2024-12-14,2,La Rochelle,Bristol Bears,Bristol Bears,away,35,7,14,7,40.8,28.3,1,507,114,23,8,117,9,20,129,28,11,13,312,1,100.0,0,,0,45,2,85.5,0,13,1,86.7,7,0,100.0,16,0,1
https://rugby-union-feeds.incrowdsports.com/v1/matches/282692,282692,1008,202401,Investec Champions Cup,2024-12-14,2,Harlequins,DHL Stormers,Harlequins,home,53,16,19,6,51.8,50.5,8,483,117,21,21,112,6,21,129,13,8,25,528,5,62.5,1,100.0,0,65,1,94.5,4,16,0,94.1,5,0,100.0,4,0,1
https://rugby-union-feeds.incrowdsports.com/v1/matches/282692,282692,1008,202401,Investec Champions Cup,2024-12-14,2,Harlequins,DHL Stormers,DHL Stormers,away,53,16,19,6,48.2,49.5,1,335,104,13,8,123,8,14,122,21,7,15,378,1,100.0,2,100.0,1,74,2,93.7,3,6,1,85.7,7,0,100.0,16,0,3
https://rugby-union-feeds.incrowdsports.com/v1/matches/282695,282695,1008,202401,Investec Champions Cup,2024-12-15,2,Benetton Rugby,Bath Rugby,Benetton Rugby,home,22,21,17,7,51.5,52.3,4,531,141,33,11,146,7,16,145,33,11,27,726,1,25.0,0,,0,82,1,96.7,8,13,0,86.7,5,0,100.0,6,0,0
https://rugby-union-feeds.incrowdsports.com/v1/matches/282695,282695,1008,202401,Investec Champions Cup,2024-12-15,2,Benetton Rugby,Bath Rugby,Bath Rugby,away,22,21,17,7,48.5,47.7,3,447,124,33,5,119,5,18,148,33,9,24,611,3,100.0,0,,0,81,1,98.8,2,8,0,100.0,8,0,100.0,8,0,2
https://rugby-union-feeds.incrowdsports.com/v1/matches/282696,282696,1008,202401,Investec Champions Cup,2024-12-15,2,Stade Francais Paris,Saracens,Stade Francais Paris,home,17,28,10,13,51.4,55.1,2,226,105,12,3,95,3,18,105,17,7,27,764,2,100.0,1,100.0,0,67,1,97.1,5,13,2,81.2,12,0,100.0,13,1,2
https://rugby-union-feeds.incrowdsports.com/v1/matches/282696,282696,1008,202401,Investec Champions Cup,2024-12-15,2,Stade Francais Paris,Saracens,Saracens,away,17,28,10,13,48.6,44.9,3,388,118,17,2,86,9,14,131,12,7,28,605,2,66.7,3,75.0,0,57,1,96.7,5,12,1,92.3,6,2,75.0,11,0,1
https://rugby-union-feeds.incrowdsports.com/v1/matches/282694,282694,1008,202401,Investec Champions Cup,2024-12-15,2,Toulon,Glasgow Warriors,Toulon,home,30,29,13,12,44.0,40.7,3,263,112,14,4,95,12,12,172,12,8,19,586,3,100.0,3,100.0,0,66,1,91.8,8,14,0,87.5,3,0,100.0,11,0,3
https://rugby-union-feeds.incrowdsports.com/v1/matches/282694,282694,1008,202401,Investec Champions Cup,2024-12-15,2,Toulon,Glasgow Warriors,Glasgow Warriors,away,30,29,13,12,56.0,59.3,4,363,150,12,3,151,8,7,128,14,9,20,564,2,66.7,1,100.0,0,98,1,93.4,5,13,1,92.9,7,0,100.0,12,0,1
https://rugby-union-feeds.incrowdsports.com/v1/matches/282697,282697,1008,202401,Investec Champions Cup,2024-12-15,2,Exeter Chiefs,Toulouse,Exeter Chiefs,home,21,64,7,35,44.6,41.4,3,405,118,15,6,125,16,11,118,32,6,17,514,3,100.0,0,,0,55,1,90.8,1,6,4,54.5,6,1,85.7,16,0,1
https://rugby-union-feeds.incrowdsports.com/v1/matches/282697,282697,1008,202401,Investec Champions Cup,2024-12-15,2,Exeter Chiefs,Toulouse,Toulouse,away,21,64,7,35,55.4,58.6,10,520,137,32,17,130,21,14,100,15,8,24,825,7,70.0,0,,0,68,0,98.5,10,15,0,93.8,4,0,100.0,9,0,0
https://rugby-union-feeds.incrowdsports.com/v1/matches/282698,282698,1008,202401,Investec Champions Cup,2025-01-10,3,Glasgow Warriors,Racing 92,Glasgow Warriors,home,29,19,22,7,44.1,46.6,5,702,164,39,21,186,7,16,226,28,11,15,355,2,40.0,0,,0,91,0,97.8,5,13,3,81.2,8,0,100.0,10,0,1
https://rugby-union-feeds.incrowdsports.com/v1/matches/282698,282698,1008,202401,Investec Champions Cup,2025-01-10,3,Glasgow Warriors,Racing 92,Racing 92,away,29,19,22,7,55.9,53.4,3,503,166,28,10,171,6,17,141,39,7,24,504,2,66.7,0,,0,121,3,96.2,3,15,2,88.2,2,0,100.0,6,0,0
https://rugby-union-feeds.incrowdsports.com/v1/matches/282699,282699,1008,202401,Investec Champions Cup,2025-01-11,3,DHL Stormers,Sale Sharks,DHL Stormers,home,40,0,14,0,52.6,47.9,6,494,100,24,15,96,13,14,95,13,8,32,982,5,83.3,0,,0,53,0,98.2,4,12,1,92.3,12,1,92.3,10,0,1
https://rugby-union-feeds.incrowdsports.com/v1/matches/282699,282699,1008,202401,Investec Champions Cup,2025-01-11,3,DHL Stormers,Sale Sharks,Sale Sharks,away,40,0,14,0,47.4,52.1,0,298,94,13,6,94,11,20,87,24,3,19,588,0,,0,,0,51,0,98.2,5,13,1,92.9,6,0,100.0,13,0,3
https://rugby-union-feeds.incrowdsports.com/v1/matches/282700,282700,1008,202401,Investec Champions Cup,2025-01-11,3,Exeter Chiefs,Bordeaux-Begles,Exeter Chiefs,home,17,69,5,31,61.6,58.5,3,588,190,29,4,210,11,19,87,32,7,17,349,1,33.3,0,,0,119,4,93.8,1,5,6,41.7,8,0,100.0,10,0,0
https://rugby-union-feeds.incrowdsports.com/v1/matches/282700,282700,1008,202401,Investec Champions Cup,2025-01-11,3,Exeter Chiefs,Bordeaux-Begles,Bordeaux-Begles,away,17,69,5,31,38.4,41.5,11,733,131,32,22,117,21,16,184,29,12,22,727,7,63.6,0,,0,45,4,88.7,6,8,0,88.9,9,0,100.0,6,1,0
https://rugby-union-feeds.incrowdsports.com/v1/matches/282701,282701,1008,202401,Investec Champions Cup,2025-01-11,3,Hollywoodbets Sharks,Toulouse,Hollywoodbets Sharks,home,8,20,3,13,51.4,38.9,1,446,138,22,5,163,15,23,122,23,10,32,865,0,0.0,1,100.0,0,69,5,92.4,1,13,3,76.5,6,2,75.0,7,0,0
https://rugby-union-feeds.incrowdsports.com/v1/matches/282701,282701,1008,202401,Investec Champions Cup,2025-01-11,3,Hollywoodbets Sharks,Toulouse,Toulouse,away,8,20,3,13,48.6,61.1,2,529,141,23,15,154,27,23,134,22,10,31,1024,2,100.0,2,100.0,0,66,0,94.3,4,13,4,76.5,4,1,80.0,13,0,0
https://rugby-union-feeds.incrowdsports.com/v1/matches/282702,282702,1008,202401,Investec Champions Cup,2025-01-11,3,Munster Rugby,Saracens,Munster Rugby,home,17,12,3,6,52.7,51.8,2,325,113,13,5,120,4,24,128,17,6,33,787,2,100.0,1,50.0,0,88,0,100.0,1,13,0,100.0,6,1,85.7,8,0,0
https://rugby-union-feeds.incrowdsports.com/v1/matches/282702,282702,1008,202401,Investec Champions Cup,2025-01-11,3,Munster Rugby,Saracens,Saracens,away,17,12,3,6,47.3,48.2,0,278,115,17,2,124,9,18,156,13,7,36,1058,0,,4,100.0,0,74,1,95.1,2,9,0,100.0,10,0,100.0,8,0,0
https://rugby-union-feeds.incrowdsports.com/v1/matches/282703,282703,1008,202401,Investec Champions Cup,2025-01-11,3,Stade Francais Paris,Northampton Saints,Stade Francais Paris,home,45,35,19,21,53.9,53.1,7,368,111,19,5,110,4,14,113,19,11,22,766,4,66.7,0,,0,79,0,96.5,10,14,1,93.3,4,3,57.1,10,0,0
https://rugby-union-feeds.incrowdsports.com/v1/matches/282703,282703,1008,202401,Investec Champions Cup,2025-01-11,3,Stade Francais Paris,Northampton Saints,Northampton Saints,away,45,35,19,21,46.1,46.9,5,549,125,19,7,123,3,13,163,19,9,19,552,5,100.0,0,,0,66,1,89.5,2,6,6,42.9,7,0,100.0,14,0,2
https://rugby-union-feeds.incrowdsports.com/v1/matches/282704,282704,1008,202401,Investec Champions Cup,2025-01-11,3,Leicester Tigers,Ulster Rugby,Leicester Tigers,home,38,10,12,10,57.0,59.3,6,505,156,27,11,171,5,17,118,12,6,28,714,4,66.7,0,,0,99,1,96.1,5,10,4,66.7,8,1,88.9,5,0,0
https://rugby-union-feeds.incrowdsports.com/v1/matches/282704,282704,1008,202401,Investec Champions Cup,2025-01-11,3,Leicester Tigers,Ulster Rugby,Ulster Rugby,away,38,10,12,10,43.0,40.7,1,217,95,12,5,119,4,18,172,27,10,31,900,1,100.0,1,100.0,0,70,1,94.6,2,11,0,100.0,9,1,90.0,10,0,0
https://rugby-union-feeds.incrowdsports.com/v1/matches/282705,282705,1008,202401,Investec Champions Cup,2025-01-11,3,Castres Olympique,Vodacom Bulls,Castres Olympique,home,49,10,10,7,48.9,52.0,6,469,129,24,17,138,14,13,116,17,2,34,1078,5,83.3,3,100.0,0,52,2,94.9,2,12,3,80.0,7,0,100.0,9,0,0
https://rugby-union-feeds.incrowdsports.com/v1/matches/282705,282705,1008,202401,Investec Champions Cup,2025-01-11,3,Castres Olympique,Vodacom Bulls,Vodacom Bulls,away,49,10,10,7,51.1,48.0,1,305,113,17,5,126,11,15,92,24,8,29,672,1,100.0,1,100.0,0,70,0,94.7,3,12,3,75.0,4,1,80.0,12,0,0
https://rugby-union-feeds.incrowdsports.com/v1/matches/282706,282706,1008,202401,Investec Champions Cup,2025-01-12,3,Toulon,Harlequins,Toulon,home,33,21,26,0,55.1,57.1,5,527,172,30,10,184,12,17,141,34,10,30,787,4,80.0,0,,0,106,2,96.4,5,14,0,100.0,8,0,100.0,8,0,0
https://rugby-union-feeds.incrowdsports.com/v1/matches/282706,282706,1008,202401,Investec Champions Cup,2025-01-12,3,Toulon,Harlequins,Harlequins,away,33,21,26,0,44.9,42.9,3,662,164,34,12,196,9,15,183,30,9,19,436,3,100.0,0,,0,82,1,94.4,6,17,2,81.0,5,0,100.0,12,0,1
https://rugby-union-feeds.incrowdsports.com/v1/matches/282707,282707,1008,202401,Investec Champions Cup,2025-01-12,3,La Rochelle,Leinster Rugby,La Rochelle,home,14,16,6,10,59.2,59.7,1,393,153,33,8,180,14,17,110,12,11,34,1109,0,0.0,3,60.0,0,98,2,96.2,2,12,0,100.0,8,1,88.9,10,0,0
https://rugby-union-feeds.incrowdsports.com/v1/matches/282707,282707,1008,202401,Investec Champions Cup,2025-01-12,3,La Rochelle,Leinster Rugby,Leinster Rugby,away,14,16,6,10,40.8,40.3,1,323,104,12,5,128,10,20,194,33,10,33,1030,1,100.0,3,60.0,0,58,4,92.2,2,12,2,85.7,4,1,80.0,11,0,0
https://rugby-union-feeds.incrowdsports.com/v1/matches/282708,282708,1008,202401,Investec Champions Cup,2025-01-12,3,Bristol Bears,Benetton Rugby,Bristol Bears,home,35,29,14,17,42.5,35.9,5,387,127,34,10,136,11,18,164,32,4,8,239,5,100.0,0,,0,62,0,97.0,7,14,1,82.3,3,0,100.0,11,0,1
https://rugby-union-feeds.incrowdsports.com/v1/matches/282708,282708,1008,202401,Investec Champions Cup,2025-01-12,3,Bristol Bears,Benetton Rugby,Benetton Rugby,away,35,29,14,17,57.5,64.1,5,494,161,32,6,185,5,9,117,34,8,15,325,2,40.0,0,,0,89,1,96.8,8,13,0,100.0,10,0,100.0,9,0,0
https://rugby-union-feeds.incrowdsports.com/v1/matches/282709,282709,1008,202401,Investec Champions Cup,2025-01-12,3,Bath Rugby,Clermont Auvergne,Bath Rugby,home,40,21,21,14,46.6,52.3,6,378,107,18,12,98,10,19,128,23,5,18,552,5,83.3,0,,0,58,3,92.3,1,15,3,83.3,9,0,100.0,7,0,0
https://rugby-union-feeds.incrowdsports.com/v1/matches/282709,282709,1008,202401,Investec Champions Cup,2025-01-12,3,Bath Rugby,Clermont Auvergne,Clermont Auvergne,away,40,21,21,14,53.4,47.7,3,283,109,23,3,91,9,16,105,18,9,23,643,3,100.0,0,,0,75,1,96.2,4,8,1,88.9,6,1,85.7,7,1,0
https://rugby-union-feeds.incrowdsports.com/v1/matches/282710,282710,1008,202401,Investec Champions Cup,2025-01-17,4,Ulster Rugby,Exeter Chiefs,Ulster Rugby,home,52,24,17,17,56.6,54.9,8,521,158,35,17,174,15,15,130,17,6,30,754,6,75.0,0,,0,103,1,98.1,6,11,0,100.0,5,0,100.0,2,0,0
https://rugby-union-feeds.incrowdsports.com/v1/matches/282710,282710,1008,202401,Investec Champions Cup,2025-01-17,4,Ulster Rugby,Exeter Chiefs,Exeter Chiefs,away,52,24,17,17,43.4,45.1,4,375,118,17,7,148,7,13,178,35,5,22,630,2,50.0,0,,0,77,1,94.0,0,11,1,78.6,4,1,80.0,8,0,0
https://rugby-union-feeds.incrowdsports.com/v1/matches/282711,282711,1008,202401,Investec Champions Cup,2025-01-18,4,Vodacom Bulls,Stade Francais Paris,Vodacom Bulls,home,48,7,36,7,46.7,45.7,7,455,101,10,11,97,14,26,109,17,13,26,750,4,66.7,1,100.0,0,36,1,90.7,2,12,1,75.0,6,0,100.0,6,0,0
https://rugby-union-feeds.incrowdsports.com/v1/matches/282711,282711,1008,202401,Investec Champions Cup,2025-01-18,4,Vodacom Bulls,Stade Francais Paris,Stade Francais Paris,away,48,7,36,7,53.3,54.3,1,279,102,17,5,106,7,16,65,10,8,28,719,1,100.0,0,,0,55,3,90.6,1,14,4,77.8,10,2,83.3,12,0,1
https://rugby-union-feeds.incrowdsports.com/v1/matches/282712,282712,1008,202401,Investec Champions Cup,2025-01-18,4,Northampton Saints,Munster Rugby,Northampton Saints,home,34,32,12,15,52.6,54.1,5,513,162,26,10,170,8,8,178,23,7,24,563,3,60.0,1,100.0,0,107,0,95.7,2,12,2,85.7,5,0,100.0,12,0,0
https://rugby-union-feeds.incrowdsports.com/v1/matches/282712,282712,1008,202401,Investec Champions Cup,2025-01-18,4,Northampton Saints,Munster Rugby,Munster Rugby,away,34,32,12,15,47.4,45.9,4,388,149,23,12,189,16,15,182,26,7,21,600,3,75.0,2,100.0,0,96,3,95.1,3,9,1,81.8,6,0,100.0,9,0,1
https://rugby-union-feeds.incrowdsports.com/v1/matches/282713,282713,1008,202401,Investec Champions Cup,2025-01-18,4,Clermont Auvergne,Bristol Bears,Clermont Auvergne,home,33,26,12,0,61.6,65.0,5,368,180,42,5,206,19,12,114,27,7,19,484,3,75.0,0,0.0,0,124,1,98.4,3,12,0,92.3,10,0,100.0,10,0,1
https://rugby-union-feeds.incrowdsports.com/v1/matches/282713,282713,1008,202401,Investec Champions Cup,2025-01-18,4,Clermont Auvergne,Bristol Bears,Bristol Bears,away,33,26,12,0,38.4,35.0,4,448,130,27,6,165,18,17,223,42,4,12,403,2,66.7,0,,0,66,3,95.8,4,15,3,79.0,4,0,100.0,12,0,2
https://rugby-union-feeds.incrowdsports.com/v1/matches/282715,282715,1008,202401,Investec Champions Cup,2025-01-18,4,Benetton Rugby,La Rochelle,Benetton Rugby,home,32,25,13,11,43.1,39.1,2,420,123,25,6,134,8,10,211,33,7,31,930,2,100.0,6,75.0,0,75,4,93.8,2,11,3,73.3,4,0,100.0,9,0,1
https://rugby-union-feeds.incrowdsports.com/v1/matches/282715,282715,1008,202401,Investec Champions Cup,2025-01-18,4,Benetton Rugby,La Rochelle,La Rochelle,away,32,25,13,11,56.9,60.9,3,430,174,33,3,144,16,10,119,25,7,31,1001,2,66.7,2,100.0,0,108,2,92.5,3,5,2,71.4,4,0,100.0,16,0,1
https://rugby-union-feeds.incrowdsports.com/v1/matches/282714,282714,1008,202401,Investec Champions Cup,2025-01-18,4,Leinster Rugby,Bath Rugby,Leinster Rugby,home,47,21,19,21,65.5,71.6,7,614,185,41,21,213,20,13,75,19,5,23,697,6,85.7,0,,0,96,0,95.2,4,19,1,90.5,10,1,90.9,8,0,0
https://rugby-union-feeds.incrowdsports.com/v1/matches/282714,282714,1008,202401,Investec Champions Cup,2025-01-18,4,Leinster Rugby,Bath Rugby,Bath Rugby,away,47,21,19,21,34.5,28.4,3,166,71,19,4,71,1,11,179,41,9,24,685,3,100.0,0,,0,41,1,87.5,2,10,2,76.9,3,1,75.0,16,1,1
https://rugby-union-feeds.incrowdsports.com/v1/matches/282716,282716,1008,202401,Investec Champions Cup,2025-01-18,4,Harlequins,Glasgow Warriors,Harlequins,home,24,7,17,7,52.9,65.1,3,555,151,22,9,160,12,16,131,17,7,33,964,3,100.0,1,100.0,0,80,0,98.8,1,10,1,76.9,13,0,100.0,7,0,0
https://rugby-union-feeds.incrowdsports.com/v1/matches/282716,282716,1008,202401,Investec Champions Cup,2025-01-18,4,Harlequins,Glasgow Warriors,Glasgow Warriors,away,24,7,17,7,47.1,34.9,1,542,141,17,15,171,16,21,151,22,6,32,777,1,100.0,0,,0,78,1,96.3,1,12,2,63.2,6,0,100.0,10,0,0
https://rugby-union-feeds.incrowdsports.com/v1/matches/282717,282717,1008,202401,Investec Champions Cup,2025-01-18,4,Racing 92,DHL Stormers,Racing 92,home,31,22,19,10,50.9,55.9,5,542,145,43,19,124,18,17,133,25,9,31,899,3,60.0,0,,0,83,4,94.5,3,15,2,88.2,2,0,100.0,9,0,1
https://rugby-union-feeds.incrowdsports.com/v1/matches/282717,282717,1008,202401,Investec Champions Cup,2025-01-18,4,Racing 92,DHL Stormers,DHL Stormers,away,31,22,19,10,49.1,44.1,3,487,125,25,5,126,12,12,151,43,7,30,913,2,66.7,1,50.0,0,83,1,94.5,2,10,5,62.5,7,1,87.5,7,0,0
https://rugby-union-feeds.incrowdsports.com/v1/matches/282718,282718,1008,202401,Investec Champions Cup,2025-01-19,4,Bordeaux-Begles,Hollywoodbets Sharks,Bordeaux-Begles,home,66,12,19,12,47.5,50.8,10,608,119,28,16,128,24,14,131,24,14,31,945,8,80.0,0,,0,50,1,94.5,7,14,1,93.3,8,0,100.0,6,0,1
https://rugby-union-feeds.incrowdsports.com/v1/matches/282718,282718,1008,202401,Investec Champions Cup,2025-01-19,4,Bordeaux-Begles,Hollywoodbets Sharks,Hollywoodbets Sharks,away,66,12,19,12,52.5,49.2,2,464,133,24,6,133,20,19,79,28,6,18,415,1,50.0,0,,0,71,5,87.8,5,11,1,91.7,4,1,80.0,11,0,1
https://rugby-union-feeds.incrowdsports.com/v1/matches/282719,282719,1008,202401,Investec Champions Cup,2025-01-19,4,Saracens,Castres Olympique,Saracens,home,24,32,19,14,50.7,58.6,4,356,145,30,3,173,9,15,142,32,8,24,616,2,50.0,0,,0,83,1,91.4,8,18,4,81.8,7,1,87.5,7,0,0
https://rugby-union-feeds.incrowdsports.com/v1/matches/282719,282719,1008,202401,Investec Champions Cup,2025-01-19,4,Saracens,Castres Olympique,Castres Olympique,away,24,32,19,14,49.2,41.4,4,444,122,32,10,102,8,11,146,30,8,30,774,3,75.0,2,100.0,0,83,0,97.7,2,7,1,77.8,7,0,100.0,14,0,0
https://rugby-union-feeds.incrowdsports.com/v1/matches/282720,282720,1008,202401,Investec Champions Cup,2025-01-19,4,Toulouse,Leicester Tigers,Toulouse,home,80,12,42,0,48.7,36.9,12,788,154,38,20,176,26,12,166,18,12,27,781,10,83.3,0,,0,70,1,94.8,2,10,0,100.0,6,0,100.0,15,0,0
https://rugby-union-feeds.incrowdsports.com/v1/matches/282720,282720,1008,202401,Investec Champions Cup,2025-01-19,4,Toulouse,Leicester Tigers,Leicester Tigers,away,80,12,42,0,51.3,63.1,2,419,139,18,6,166,6,19,128,38,6,16,426,1,50.0,0,,0,85,4,93.8,4,16,1,88.9,6,0,100.0,9,0,1
https://rugby-union-feeds.incrowdsports.com/v1/matches/282721,282721,1008,202401,Investec Champions Cup,2025-01-19,4,Sale Sharks,Toulon,Sale Sharks,home,33,7,7,0,50.9,52.6,5,509,118,23,12,134,5,16,121,19,5,30,763,4,80.0,0,,0,66,0,95.7,7,14,2,82.3,5,0,100.0,10,0,1
https://rugby-union-feeds.incrowdsports.com/v1/matches/282721,282721,1008,202401,Investec Champions Cup,2025-01-19,4,Sale Sharks,Toulon,Toulon,away,33,7,7,0,49.1,47.4,1,276,113,19,5,125,12,13,112,23,5,35,927,1,100.0,0,,0,64,1,98.5,8,17,3,85.0,8,2,80.0,11,0,0
https://rugby-union-feeds.incrowdsports.com/v1/matches/282724,282724,1008,202401,Investec Champions Cup,2025-04-04,5,Northampton Saints,Clermont Auvergne,Northampton Saints,home,46,24,27,10,58.0,62.1,7,654,150,34,16,149,16,18,109,19,10,26,670,4,57.1,1,100.0,0,82,3,91.3,2,11,2,84.6,8,0,100.0,8,0,0
https://rugby-union-feeds.incrowdsports.com/v1/matches/282724,282724,1008,202401,Investec Champions Cup,2025-04-04,5,Northampton Saints,Clermont Auvergne,Clermont Auvergne,away,46,24,27,10,42.0,37.9,3,337,95,19,5,98,11,18,152,34,10,20,562,3,100.0,1,50.0,0,57,2,90.6,3,9,2,81.8,7,3,70.0,12,0,2
https://rugby-union-feeds.incrowdsports.com/v1/matches/282725,282725,1008,202401,Investec Champions Cup,2025-04-05,5,Toulon,Saracens,Toulon,home,72,42,27,35,50.0,49.5,10,595,130,35,16,144,15,12,139,21,6,18,646,8,80.0,2,100.0,0,70,0,97.3,6,13,1,92.9,5,0,100.0,2,0,0
https://rugby-union-feeds.incrowdsports.com/v1/matches/282725,282725,1008,202401,Investec Champions Cup,2025-04-05,5,Toulon,Saracens,Saracens,away,72,42,27,35,50.0,50.5,6,387,120,21,8,107,10,11,127,35,3,26,662,6,100.0,0,,0,81,2,94.2,1,6,1,66.7,4,0,100.0,9,0,0
https://rugby-union-feeds.incrowdsports.com/v1/matches/282723,282723,1008,202401,Investec Champions Cup,2025-04-05,5,Leinster Rugby,Harlequins,Leinster Rugby,home,62,0,19,0,56.0,64.2,10,869,184,33,27,244,28,18,118,22,4,21,620,5,55.6,0,,0,94,0,99.0,5,14,0,93.3,2,0,100.0,7,0,0
https://rugby-union-feeds.incrowdsports.com/v1/matches/282723,282723,1008,202401,Investec Champions Cup,2025-04-05,5,Leinster Rugby,Harlequins,Harlequins,away,62,0,19,0,44.0,35.8,0,235,110,22,1,142,11,13,157,33,4,23,549,0,,0,0.0,0,76,2,97.5,1,12,1,92.3,9,2,81.8,9,0,2
https://rugby-union-feeds.incrowdsports.com/v1/matches/282727,282727,1008,202401,Investec Champions Cup,2025-04-05,5,Castres Olympique,Benetton Rugby,Castres Olympique,home,39,37,24,22,56.7,61.0,6,518,155,31,11,132,16,13,108,24,9,25,829,3,50.0,1,50.0,0,107,4,93.0,3,8,0,100.0,7,0,100.0,13,1,1
https://rugby-union-feeds.incrowdsports.com/v1/matches/282727,282727,1008,202401,Investec Champions Cup,2025-04-05,5,Castres Olympique,Benetton Rugby,Benetton Rugby,away,39,37,24,22,43.3,39.0,5,636,119,24,15,109,13,12,177,31,9,25,754,3,60.0,2,66.7,0,66,3,93.3,6,9,1,90.0,4,0,100.0,11,0,2
https://rugby-union-feeds.incrowdsports.com/v1/matches/282729,282729,1008,202401,Investec Champions Cup,2025-04-05,5,La Rochelle,Munster Rugby,La Rochelle,home,24,25,10,7,54.0,57.7,3,406,128,24,9,145,6,14,99,12,5,20,604,2,100.0,1,100.0,0,72,1,90.4,7,17,1,94.4,9,0,100.0,10,0,2
https://rugby-union-feeds.incrowdsports.com/v1/matches/282729,282729,1008,202401,Investec Champions Cup,2025-04-05,5,La Rochelle,Munster Rugby,Munster Rugby,away,24,25,10,7,46.0,42.3,3,300,86,12,5,100,8,13,146,24,15,28,653,2,66.7,1,100.0,1,61,1,93.8,4,14,0,82.3,5,2,71.4,11,0,2
https://rugby-union-feeds.incrowdsports.com/v1/matches/282728,282728,1008,202401,Investec Champions Cup,2025-04-05,5,Glasgow Warriors,Leicester Tigers,Glasgow Warriors,home,43,19,17,5,62.5,63.5,6,686,192,42,20,221,13,20,131,12,9,16,326,5,83.3,1,100.0,0,117,1,98.3,8,17,0,94.4,8,0,100.0,7,0,0
https://rugby-union-feeds.incrowdsports.com/v1/matches/282728,282728,1008,202401,Investec Champions Cup,2025-04-05,5,Glasgow Warriors,Leicester Tigers,Leicester Tigers,away,43,19,17,5,37.5,36.5,3,264,90,12,4,93,2,13,219,42,12,15,471,2,66.7,0,,0,65,0,95.7,1,9,0,90.0,5,3,62.5,15,0,2
https://rugby-union-feeds.incrowdsports.com/v1/matches/282722,282722,1008,202401,Investec Champions Cup,2025-04-06,5,Bordeaux-Begles,Ulster Rugby,Bordeaux-Begles,home,43,31,28,14,43.3,40.1,6,657,133,29,19,133,23,14,173,31,6,28,1068,5,83.3,1,100.0,0,65,3,91.7,5,12,0,100.0,6,0,100.0,8,0,0
https://rugby-union-feeds.incrowdsports.com/v1/matches/282722,282722,1008,202401,Investec Champions Cup,2025-04-06,5,Bordeaux-Begles,Ulster Rugby,Ulster Rugby,away,43,31,28,14,56.7,59.9,5,744,165,31,11,204,18,14,114,29,6,32,872,3,60.0,0,,0,102,2,96.3,1,11,3,73.3,5,0,100.0,6,0,0
https://rugby-union-feeds.incrowdsports.com/v1/matches/282726,282726,1008,202401,Investec Champions Cup,2025-04-06,5,Toulouse,Sale Sharks,Toulouse,home,38,15,10,15,56.9,57.1,5,489,152,34,13,163,26,14,97,8,7,33,936,5,100.0,1,100.0,0,88,1,96.8,5,16,0,100.0,5,1,83.3,8,0,0
https://rugby-union-feeds.incrowdsports.com/v1/matches/282726,282726,1008,202401,Investec Champions Cup,2025-04-06,5,Toulouse,Sale Sharks,Sale Sharks,away,38,15,10,15,43.1,42.9,2,306,98,8,2,113,6,17,153,34,7,30,813,1,50.0,1,100.0,0,62,4,92.7,1,13,1,86.7,3,0,100.0,7,0,0
https://rugby-union-feeds.incrowdsports.com/v1/matches/282731,282731,1008,202401,Investec Champions Cup,2025-04-11,6,Leinster Rugby,Glasgow Warriors,Leinster Rugby,home,52,0,33,0,52.0,55.3,8,538,147,29,11,208,20,18,146,37,11,25,812,5,71.4,0,,0,90,1,97.9,4,18,1,94.7,3,0,100.0,9,0,0
https://rugby-union-feeds.incrowdsports.com/v1/matches/282731,282731,1008,202401,Investec Champions Cup,2025-04-11,6,Leinster Rugby,Glasgow Warriors,Glasgow Warriors,away,52,0,33,0,48.0,44.7,0,321,125,37,5,153,16,17,158,29,7,24,655,0,,0,,0,82,5,92.4,2,17,2,89.5,8,0,100.0,10,0,1
https://rugby-union-feeds.incrowdsports.com/v1/matches/282730,282730,1008,202401,Investec Champions Cup,2025-04-12,6,Bordeaux-Begles,Munster Rugby,Bordeaux-Begles,home,47,29,29,10,47.0,53.5,6,370,103,30,12,113,14,5,127,24,8,33,1008,4,66.7,3,60.0,0,51,0,93.1,6,11,1,91.7,8,0,100.0,14,1,2
https://rugby-union-feeds.incrowdsports.com/v1/matches/282730,282730,1008,202401,Investec Champions Cup,2025-04-12,6,Bordeaux-Begles,Munster Rugby,Munster Rugby,away,47,29,29,10,53.0,46.5,4,522,130,24,12,192,9,20,81,30,2,12,238,2,66.7,1,100.0,0,76,1,93.9,2,12,7,57.1,2,0,100.0,11,0,2
https://rugby-union-feeds.incrowdsports.com/v1/matches/282733,282733,1008,202401,Investec Champions Cup,2025-04-12,6,Northampton Saints,Castres Olympique,Northampton Saints,home,51,16,20,13,65.6,68.9,7,611,206,33,19,213,14,12,89,20,10,24,807,5,71.4,2,100.0,0,106,1,93.2,3,17,0,100.0,5,0,100.0,15,0,1
https://rugby-union-feeds.incrowdsports.com/v1/matches/282733,282733,1008,202401,Investec Champions Cup,2025-04-12,6,Northampton Saints,Castres Olympique,Castres Olympique,away,51,16,20,13,34.4,31.1,1,349,93,20,6,87,9,15,190,33,10,20,643,1,100.0,3,100.0,0,43,5,84.2,8,12,4,75.0,2,2,50.0,18,0,3
https://rugby-union-feeds.incrowdsports.com/v1/matches/282732,282732,1008,202401,Investec Champions Cup,2025-04-13,6,Toulon,Toulouse,Toulon,home,18,21,12,6,36.2,30.5,0,327,79,15,0,81,7,18,176,21,7,24,742,0,,6,100.0,0,41,1,91.5,2,14,4,77.8,4,0,100.0,11,0,1
https://rugby-union-feeds.incrowdsports.com/v1/matches/282732,282732,1008,202401,Investec Champions Cup,2025-04-13,6,Toulon,Toulouse,Toulouse,away,18,21,12,6,63.8,69.5,2,373,155,21,4,160,11,12,72,15,9,31,863,1,50.0,3,60.0,0,97,0,96.2,3,9,2,75.0,9,0,100.0,14,0,1
https://rugby-union-feeds.incrowdsports.com/v1/matches/282735,282735,1008,202401,Investec Champions Cup,2025-05-03,7,Leinster Rugby,Northampton Saints,Leinster Rugby,home,34,37,15,27,58.0,64.4,5,397,154,23,8,178,15,16,103,37,10,37,1384,3,60.0,1,100.0,0,86,1,96.8,4,13,1,86.7,4,0,100.0,8,0,0
https://rugby-union-feeds.incrowdsports.com/v1/matches/282735,282735,1008,202401,Investec Champions Cup,2025-05-03,7,Leinster Rugby,Northampton Saints,Northampton Saints,away,34,37,15,27,42.0,35.6,5,540,102,37,10,87,6,11,172,23,8,37,1122,3,60.0,2,100.0,0,57,2,90.6,2,6,0,75.0,7,0,100.0,14,0,3
https://rugby-union-feeds.incrowdsports.com/v1/matches/282734,282734,1008,202401,Investec Champions Cup,2025-05-04,7,Bordeaux-Begles,Toulouse,Bordeaux-Begles,home,35,18,18,11,42.9,46.1,5,552,100,24,8,96,10,14,160,24,9,29,1020,2,40.0,2,100.0,0,59,2,92.5,2,14,2,82.3,6,0,100.0,9,0,1
https://rugby-union-feeds.incrowdsports.com/v1/matches/282734,282734,1008,202401,Investec Champions Cup,2025-05-04,7,Bordeaux-Begles,Toulouse,Toulouse,away,35,18,18,11,57.1,53.9,2,611,154,24,10,140,14,13,91,24,7,27,939,1,50.0,2,100.0,0,92,3,89.7,4,9,0,90.0,8,1,88.9,9,0,0
https://rugby-union-feeds.incrowdsports.com/v1/matches/282736,282736,1008,202401,Investec Champions Cup,2025-05-24,8,Northampton Saints,Bordeaux-Begles,Northampton Saints,home,20,28,20,20,55.1,48.7,2,555,154,18,6,155,10,13,109,14,8,29,867,2,100.0,2,100.0,0,87,1,94.6,0,13,1,86.7,10,1,90.9,14,0,2
https://rugby-union-feeds.incrowdsports.com/v1/matches/282736,282736,1008,202401,Investec Champions Cup,2025-05-24,8,Northampton Saints,Bordeaux-Begles,Bordeaux-Begles,away,20,28,20,20,44.9,51.3,4,378,111,14,12,110,11,18,139,18,8,39,1097,1,25.0,2,100.0,0,60,2,95.4,4,18,0,94.7,5,0,100.0,11,0,1
https://rugby-union-feeds.incrowdsports.com/v1/matches/288361,288361,1008,202501,Investec Champions Cup,2025-12-05,1,Sale Sharks,Glasgow Warriors,Sale Sharks,home,21,26,14,12,34.8,30.8,3,267,93,12,4,64,5,11,279,37,7,25,713,3,100.0,0,,0,67,2,93.2,5,8,1,88.9,5,2,71.4,9,0,0
https://rugby-union-feeds.incrowdsports.com/v1/matches/288361,288361,1008,202501,Investec Champions Cup,2025-12-05,1,Sale Sharks,Glasgow Warriors,Glasgow Warriors,away,21,26,14,12,65.2,69.2,4,438,199,37,8,216,7,13,128,12,8,28,660,3,75.0,0,,0,157,3,97.0,8,13,0,100.0,3,1,75.0,7,0,0
https://rugby-union-feeds.incrowdsports.com/v1/matches/288368,288368,1008,202501,Investec Champions Cup,2025-12-05,1,Bayonne,DHL Stormers,Bayonne,home,17,26,5,16,,,,,,,,,,,,,,,,,,,,,,,,,,,,,,,,,
https://rugby-union-feeds.incrowdsports.com/v1/matches/288368,288368,1008,202501,Investec Champions Cup,2025-12-05,1,Bayonne,DHL Stormers,DHL Stormers,away,17,26,5,16,,,,,,,,,,,,,,,,,,,,,,,,,,,,,,,,,
https://rugby-union-feeds.incrowdsports.com/v1/matches/288362,288362,1008,202501,Investec Champions Cup,2025-12-06,1,Saracens,Clermont Auvergne,Saracens,home,47,10,26,0,53.1,59.4,7,497,141,27,13,143,16,14,129,27,5,25,667,6,85.7,0,,0,80,1,97.7,2,15,1,93.8,12,1,92.3,9,0,0
https://rugby-union-feeds.incrowdsports.com/v1/matches/288362,288362,1008,202501,Investec Champions Cup,2025-12-06,1,Saracens,Clermont Auvergne,Clermont Auvergne,away,47,10,26,0,46.9,40.6,2,342,110,27,5,115,13,23,154,27,5,18,487,0,0.0,0,,0,77,1,96.3,4,13,1,81.2,4,0,100.0,13,0,1
https://rugby-union-feeds.incrowdsports.com/v1/matches/288363,288363,1008,202501,Investec Champions Cup,2025-12-06,1,Vodacom Bulls,Bordeaux-Begles,Vodacom Bulls,home,33,46,33,22,41.7,40.7,5,402,71,7,10,79,4,13,109,30,6,19,463,4,80.0,0,0.0,0,46,1,92.2,1,9,4,69.2,9,0,100.0,11,0,2
https://rugby-union-feeds.incrowdsports.com/v1/matches/288363,288363,1008,202501,Investec Champions Cup,2025-12-06,1,Vodacom Bulls,Bordeaux-Begles,Bordeaux-Begles,away,33,46,33,22,58.3,59.3,7,490,121,30,17,138,18,15,77,7,5,25,819,4,57.1,1,100.0,0,60,0,95.4,8,12,1,92.3,5,0,100.0,4,0,0
https://rugby-union-feeds.incrowdsports.com/v1/matches/288365,288365,1008,202501,Investec Champions Cup,2025-12-06,1,La Rochelle,Leicester Tigers,La Rochelle,home,39,20,17,13,55.5,54.3,6,365,111,19,15,120,10,15,81,24,7,18,518,3,50.0,1,100.0,0,70,0,97.3,9,17,0,89.5,9,0,100.0,10,0,0
https://rugby-union-feeds.incrowdsports.com/v1/matches/288365,288365,1008,202501,Investec Champions Cup,2025-12-06,1,La Rochelle,Leicester Tigers,Leicester Tigers,away,39,20,17,13,44.5,45.7,2,275,75,24,6,88,4,13,123,19,6,20,545,2,100.0,2,100.0,0,48,4,86.2,3,13,1,72.2,4,1,80.0,15,0,2
https://rugby-union-feeds.incrowdsports.com/v1/matches/288364,288364,1008,202501,Investec Champions Cup,2025-12-06,1,Leinster Rugby,Harlequins,Leinster Rugby,home,45,28,24,14,67.8,73.8,7,477,140,32,8,164,5,15,58,15,3,16,336,5,71.4,0,,0,94,2,93.3,5,14,0,100.0,8,1,88.9,8,0,1
https://rugby-union-feeds.incrowdsports.com/v1/matches/288364,288364,1008,202501,Investec Champions Cup,2025-12-06,1,Leinster Rugby,Harlequins,Harlequins,away,45,28,24,14,32.2,26.2,4,223,55,15,4,58,6,10,153,32,8,17,596,3,100.0,0,,0,36,0,92.3,1,8,1,88.9,6,2,75.0,12,0,1
https://rugby-union-feeds.incrowdsports.com/v1/matches/288367,288367,1008,202501,Investec Champions Cup,2025-12-06,1,Scarlets,Bristol Bears,Scarlets,home,16,17,10,12,52.4,47.7,1,374,113,25,7,121,10,11,120,24,6,31,850,1,100.0,3,100.0,0,78,1,96.3,2,8,2,72.7,9,0,100.0,8,0,0
https://rugby-union-feeds.incrowdsports.com/v1/matches/288367,288367,1008,202501,Investec Champions Cup,2025-12-06,1,Scarlets,Bristol Bears,Bristol Bears,away,16,17,10,12,47.6,52.3,3,393,107,24,8,111,6,13,134,25,4,26,777,1,33.3,0,,0,62,2,91.3,4,9,1,81.8,7,1,87.5,11,0,1
https://rugby-union-feeds.incrowdsports.com/v1/matches/288366,288366,1008,202501,Investec Champions Cup,2025-12-06,1,Bath Rugby,Munster Rugby,Bath Rugby,home,40,14,35,14,37.2,33.3,6,216,63,19,6,48,5,12,150,22,7,38,1020,4,80.0,0,,0,39,1,90.7,2,8,1,80.0,8,0,100.0,16,0,1
https://rugby-union-feeds.incrowdsports.com/v1/matches/288366,288366,1008,202501,Investec Champions Cup,2025-12-06,1,Bath Rugby,Munster Rugby,Munster Rugby,away,40,14,35,14,62.8,66.7,2,238,123,22,2,165,15,19,67,19,5,26,635,2,100.0,0,,0,87,2,94.9,3,20,4,76.9,5,0,100.0,6,0,1
https://rugby-union-feeds.incrowdsports.com/v1/matches/288369,288369,1008,202501,Investec Champions Cup,2025-12-07,1,Pau,Northampton Saints,Pau,home,27,35,14,12,48.8,45.4,3,276,108,15,6,93,6,6,129,21,7,32,937,3,100.0,2,100.0,0,76,2,93.8,5,12,1,92.3,5,5,50.0,14,0,0
https://rugby-union-feeds.incrowdsports.com/v1/matches/288369,288369,1008,202501,Investec Champions Cup,2025-12-07,1,Pau,Northampton Saints,Northampton Saints,away,27,35,14,12,51.2,54.6,5,519,121,21,15,124,9,20,138,15,5,24,653,2,40.0,2,100.0,0,74,0,97.5,2,15,1,93.8,4,0,100.0,6,1,0
https://rugby-union-feeds.incrowdsports.com/v1/matches/288371,288371,1008,202501,Investec Champions Cup,2025-12-07,1,Toulouse,Hollywoodbets Sharks,Toulouse,home,56,19,28,5,51.7,49.1,8,469,120,29,10,134,15,17,116,21,3,26,680,8,100.0,0,,0,64,1,97.1,7,16,0,100.0,4,0,100.0,5,0,0
https://rugby-union-feeds.incrowdsports.com/v1/matches/288371,288371,1008,202501,Investec Champions Cup,2025-12-07,1,Toulouse,Hollywoodbets Sharks,Hollywoodbets Sharks,away,56,19,28,5,48.3,50.9,3,383,113,21,7,141,18,12,118,29,8,27,558,2,66.7,0,,0,72,0,94.8,2,14,3,73.7,5,0,100.0,16,0,0
https://rugby-union-feeds.incrowdsports.com/v1/matches/288370,288370,1008,202501,Investec Champions Cup,2025-12-07,1,Gloucester Rugby,Castres Olympique,Gloucester Rugby,home,34,14,14,14,53.0,62.0,4,348,110,26,7,141,7,10,132,19,7,27,853,4,100.0,2,100.0,0,70,3,94.8,2,15,8,60.0,11,0,100.0,5,0,1
https://rugby-union-feeds.incrowdsports.com/v1/matches/288370,288370,1008,202501,Investec Champions Cup,2025-12-07,1,Gloucester Rugby,Castres Olympique,Castres Olympique,away,34,14,14,14,47.0,38.0,2,391,86,19,7,73,5,16,120,26,7,24,883,2,100.0,0,,0,63,0,94.2,3,10,0,100.0,4,0,100.0,19,0,2
https://rugby-union-feeds.incrowdsports.com/v1/matches/288372,288372,1008,202501,Investec Champions Cup,2025-12-07,1,Edinburgh Rugby,Toulon,Edinburgh Rugby,home,33,20,18,17,49.4,52.4,4,367,103,23,9,82,9,12,139,15,4,39,1072,1,33.3,3,75.0,0,71,2,94.8,3,6,3,66.7,9,0,100.0,2,0,0
https://rugby-union-feeds.incrowdsports.com/v1/matches/288372,288372,1008,202501,Investec Champions Cup,2025-12-07,1,Edinburgh Rugby,Toulon,Toulon,away,33,20,18,17,50.6,47.6,2,212,106,15,2,87,8,18,104,23,4,35,999,2,100.0,1,100.0,1,79,1,97.5,2,9,2,75.0,7,0,100.0,10,0,1
https://rugby-union-feeds.incrowdsports.com/v1/matches/288373,288373,1008,202501,Investec Champions Cup,2025-12-12,2,Leicester Tigers,Leinster Rugby,Leicester Tigers,home,15,23,15,6,38.0,31.1,2,111,64,9,2,79,2,12,151,26,9,33,889,1,50.0,1,50.0,0,45,2,92.2,6,19,0,95.0,6,2,75.0,12,0,0
https://rugby-union-feeds.incrowdsports.com/v1/matches/288373,288373,1008,202501,Investec Champions Cup,2025-12-12,2,Leicester Tigers,Leinster Rugby,Leinster Rugby,away,15,23,15,6,62.0,68.9,2,470,132,26,8,169,12,20,86,9,5,34,731,2,100.0,3,100.0,0,95,1,97.0,4,16,0,100.0,5,1,83.3,9,0,0
https://rugby-union-feeds.incrowdsports.com/v1/matches/288374,288374,1008,202501,Investec Champions Cup,2025-12-13,2,DHL Stormers,La Rochelle,DHL Stormers,home,42,21,16,7,47.4,47.1,6,553,108,32,18,84,12,16,145,20,8,22,623,3,50.0,2,100.0,0,52,1,93.2,3,8,1,88.9,7,2,77.8,13,0,1
https://rugby-union-feeds.incrowdsports.com/v1/matches/288374,288374,1008,202501,Investec Champions Cup,2025-12-13,2,DHL Stormers,La Rochelle,La Rochelle,away,42,21,16,7,52.6,52.9,3,382,118,20,11,121,11,17,93,32,5,18,379,3,100.0,0,,0,70,4,93.7,7,15,4,79.0,6,1,85.7,10,0,0
https://rugby-union-feeds.incrowdsports.com/v1/matches/288376,288376,1008,202501,Investec Champions Cup,2025-12-13,2,Hollywoodbets Sharks,Saracens,Hollywoodbets Sharks,home,28,23,21,15,44.3,42.6,4,230,72,13,7,70,3,16,130,16,4,29,702,4,100.0,0,,0,50,2,90.9,8,16,0,100.0,5,1,83.3,11,0,1
https://rugby-union-feeds.incrowdsports.com/v1/matches/288376,288376,1008,202501,Investec Champions Cup,2025-12-13,2,Hollywoodbets Sharks,Saracens,Saracens,away,28,23,21,15,55.7,57.4,3,196,102,16,4,80,7,14,98,13,7,35,805,1,33.3,2,100.0,0,74,0,100.0,5,12,1,80.0,8,1,88.9,9,0,1
https://rugby-union-feeds.incrowdsports.com/v1/matches/288375,288375,1008,202501,Investec Champions Cup,2025-12-13,2,Clermont Auvergne,Sale Sharks,Clermont Auvergne,home,14,35,7,20,63.3,65.3,2,522,162,25,14,153,22,18,83,18,4,14,418,2,100.0,0,,0,108,0,96.5,3,10,3,76.9,12,0,100.0,11,0,0
https://rugby-union-feeds.incrowdsports.com/v1/matches/288375,288375,1008,202501,Investec Champions Cup,2025-12-13,2,Clermont Auvergne,Sale Sharks,Sale Sharks,away,14,35,7,20,36.7,34.7,5,402,96,18,15,101,9,10,208,25,6,16,615,2,40.0,2,100.0,0,47,1,92.3,3,12,0,70.6,3,1,75.0,10,0,1
https://rugby-union-feeds.incrowdsports.com/v1/matches/288378,288378,1008,202501,Investec Champions Cup,2025-12-13,2,Bordeaux-Begles,Scarlets,Bordeaux-Begles,home,50,21,31,14,47.8,46.2,8,575,137,27,20,143,21,19,142,16,7,24,680,5,62.5,0,,0,65,2,94.5,3,11,0,100.0,5,0,100.0,12,0,0
https://rugby-union-feeds.incrowdsports.com/v1/matches/288378,288378,1008,202501,Investec Champions Cup,2025-12-13,2,Bordeaux-Begles,Scarlets,Scarlets,away,50,21,31,14,52.2,53.8,3,296,116,16,6,122,3,14,117,27,9,22,507,3,100.0,0,,0,81,1,96.6,2,12,1,92.3,6,2,75.0,13,0,1
https://rugby-union-feeds.incrowdsports.com/v1/matches/288377,288377,1008,202501,Investec Champions Cup,2025-12-13,2,Munster Rugby,Gloucester Rugby,Munster Rugby,home,31,3,7,3,66.3,66.7,5,578,163,30,12,195,11,17,90,8,7,30,858,3,60.0,0,0.0,0,120,0,97.6,4,10,0,83.3,4,1,80.0,7,0,0
https://rugby-union-feeds.incrowdsports.com/v1/matches/288377,288377,1008,202501,Investec Champions Cup,2025-12-13,2,Munster Rugby,Gloucester Rugby,Gloucester Rugby,away,31,3,7,3,33.7,33.3,0,157,75,8,1,83,4,12,194,30,4,26,730,0,,1,100.0,0,49,1,90.7,0,13,4,76.5,6,3,66.7,13,0,2
https://rugby-union-feeds.incrowdsports.com/v1/matches/288379,288379,1008,202501,Investec Champions Cup,2025-12-13,2,Glasgow Warriors,Toulouse,Glasgow Warriors,home,28,21,0,21,58.5,54.0,4,489,162,23,5,177,7,9,150,16,13,20,506,4,100.0,0,,0,126,3,95.6,4,12,0,92.3,4,3,57.1,10,0,0
https://rugby-union-feeds.incrowdsports.com/v1/matches/288379,288379,1008,202501,Investec Champions Cup,2025-12-13,2,Glasgow Warriors,Toulouse,Toulouse,away,28,21,0,21,41.5,46.0,3,422,135,16,11,140,7,23,216,23,8,22,579,3,100.0,0,,0,75,4,91.8,7,15,1,88.2,3,0,100.0,7,0,0
https://rugby-union-feeds.incrowdsports.com/v1/matches/288380,288380,1008,202501,Investec Champions Cup,2025-12-14,2,Harlequins,Bayonne,Harlequins,home,68,14,28,7,58.0,68.0,10,689,144,41,18,164,10,12,102,10,1,31,663,9,90.0,0,,0,79,2,93.3,6,21,1,95.5,7,0,100.0,8,0,1
https://rugby-union-feeds.incrowdsports.com/v1/matches/288380,288380,1008,202501,Investec Champions Cup,2025-12-14,2,Harlequins,Bayonne,Bayonne,away,68,14,28,7,42.0,32.0,2,162,84,10,4,84,3,17,137,41,8,26,636,2,100.0,0,,0,66,0,98.5,3,8,3,72.7,6,0,100.0,13,0,2
https://rugby-union-feeds.incrowdsports.com/v1/matches/288381,288381,1008,202501,Investec Champions Cup,2025-12-14,2,Castres Olympique,Edinburgh Rugby,Castres Olympique,home,33,0,5,0,48.4,60.9,5,568,134,40,15,169,14,20,132,18,6,19,564,4,80.0,0,,0,68,3,90.8,4,15,0,93.8,10,1,90.9,8,0,0
https://rugby-union-feeds.incrowdsports.com/v1/matches/288381,288381,1008,202501,Investec Champions Cup,2025-12-14,2,Castres Olympique,Edinburgh Rugby,Edinburgh Rugby,away,33,0,5,0,51.6,39.1,0,252,115,18,0,156,5,14,130,40,11,27,673,0,,0,,0,86,2,95.6,2,11,1,91.7,12,1,92.3,8,0,1
https://rugby-union-feeds.incrowdsports.com/v1/matches/288383,288383,1008,202501,Investec Champions Cup,2025-12-14,2,Toulon,Bath Rugby,Toulon,home,45,34,18,13,53.9,54.4,5,298,108,18,5,83,5,12,114,21,4,28,850,4,80.0,4,100.0,0,74,0,98.7,4,13,1,92.9,9,0,100.0,5,0,0
https://rugby-union-feeds.incrowdsports.com/v1/matches/288383,288383,1008,202501,Investec Champions Cup,2025-12-14,2,Toulon,Bath Rugby,Bath Rugby,away,45,34,18,13,46.0,45.6,4,338,94,21,9,77,5,14,126,18,4,28,708,4,100.0,2,100.0,0,62,1,98.4,2,9,1,75.0,4,0,100.0,8,0,0
https://rugby-union-feeds.incrowdsports.com/v1/matches/288382,288382,1008,202501,Investec Champions Cup,2025-12-14,2,Northampton Saints,Vodacom Bulls,Northampton Saints,home,50,5,14,5,58.4,69.7,8,618,143,21,17,185,12,19,111,11,10,40,1128,5,62.5,0,,0,82,1,96.5,3,17,1,94.4,6,0,100.0,7,0,0
https://rugby-union-feeds.incrowdsports.com/v1/matches/288382,288382,1008,202501,Investec Champions Cup,2025-12-14,2,Northampton Saints,Vodacom Bulls,Vodacom Bulls,away,50,5,14,5,41.6,30.3,1,252,88,11,5,89,5,22,136,21,8,33,938,0,0.0,0,0.0,0,61,2,96.9,1,11,2,78.6,7,0,100.0,10,0,1
https://rugby-union-feeds.incrowdsports.com/v1/matches/288384,288384,1008,202501,Investec Champions Cup,2025-12-14,2,Bristol Bears,Pau,Bristol Bears,home,61,12,33,0,48.0,42.2,9,611,115,24,16,126,9,19,129,21,10,13,489,8,88.9,0,,0,51,0,94.5,2,13,1,92.9,10,1,90.9,9,0,0
https://rugby-union-feeds.incrowdsports.com/v1/matches/288384,288384,1008,202501,Investec Champions Cup,2025-12-14,2,Bristol Bears,Pau,Pau,away,61,12,33,0,52.0,57.8,2,371,114,21,9,101,10,20,93,24,10,16,350,1,50.0,0,,0,66,1,93.1,4,9,1,90.0,8,0,100.0,8,0,0
https://rugby-union-feeds.incrowdsports.com/v1/matches/288386,288386,1008,202501,Investec Champions Cup,2026-01-09,3,Castres Olympique,Bath Rugby,Castres Olympique,home,20,43,17,21,47.1,44.8,2,241,71,25,5,75,2,10,97,26,5,19,507,2,100.0,2,100.0,0,52,0,94.7,4,12,1,92.3,3,3,50.0,16,0,2
https://rugby-union-feeds.incrowdsports.com/v1/matches/288386,288386,1008,202501,Investec Champions Cup,2026-01-09,3,Castres Olympique,Bath Rugby,Bath Rugby,away,20,43,17,21,52.9,55.2,6,261,91,26,6,80,3,14,92,25,5,22,548,5,83.3,1,100.0,0,57,2,93.8,6,14,1,87.5,6,1,85.7,9,0,2
https://rugby-union-feeds.incrowdsports.com/v1/matches/288385,288385,1008,202501,Investec Champions Cup,2026-01-09,3,Edinburgh Rugby,Gloucester Rugby,Edinburgh Rugby,home,26,24,5,18,59.9,69.4,4,365,141,36,9,177,6,14,86,18,9,29,617,2,66.7,0,,0,94,1,95.0,4,13,2,76.5,2,1,66.7,8,0,0
https://rugby-union-feeds.incrowdsports.com/v1/matches/288385,288385,1008,202501,Investec Champions Cup,2026-01-09,3,Edinburgh Rugby,Gloucester Rugby,Gloucester Rugby,away,26,24,5,18,40.1,30.6,2,215,76,18,6,70,0,9,178,36,6,23,689,1,50.0,4,100.0,0,52,0,88.3,0,7,3,70.0,9,2,81.8,15,0,1
https://rugby-union-feeds.incrowdsports.com/v1/matches/288387,288387,1008,202501,Investec Champions Cup,2026-01-10,3,Vodacom Bulls,Bristol Bears,Vodacom Bulls,home,49,61,28,47,53.8,48.1,7,781,140,51,17,177,20,17,100,30,2,22,568,6,100.0,0,,0,83,2,96.5,0,10,0,90.9,6,1,85.7,9,0,1
https://rugby-union-feeds.incrowdsports.com/v1/matches/288387,288387,1008,202501,Investec Champions Cup,2026-01-10,3,Vodacom Bulls,Bristol Bears,Bristol Bears,away,49,61,28,47,46.1,51.9,9,562,106,30,17,132,7,12,136,51,7,26,870,8,88.9,0,,0,59,2,95.5,1,15,0,93.8,4,1,80.0,9,0,1
https://rugby-union-feeds.incrowdsports.com/v1/matches/288388,288388,1008,202501,Investec Champions Cup,2026-01-10,3,Clermont Auvergne,Glasgow Warriors,Clermont Auvergne,home,21,33,7,26,50.4,55.7,3,314,137,21,5,127,8,14,165,24,4,14,449,2,100.0,0,,0,101,0,99.0,8,14,0,100.0,5,3,62.5,14,0,1
https://rugby-union-feeds.incrowdsports.com/v1/matches/288388,288388,1008,202501,Investec Champions Cup,2026-01-10,3,Clermont Auvergne,Glasgow Warriors,Glasgow Warriors,away,21,33,7,26,49.6,44.3,5,459,134,24,10,177,8,9,188,21,5,24,538,4,80.0,0,0.0,0,97,1,97.1,5,10,1,83.3,6,2,75.0,11,0,2
https://rugby-union-feeds.incrowdsports.com/v1/matches/288390,288390,1008,202501,Investec Champions Cup,2026-01-10,3,Leinster Rugby,La Rochelle,Leinster Rugby,home,25,24,12,7,45.4,41.9,4,476,116,25,11,126,4,15,152,38,8,29,827,1,25.0,1,100.0,0,69,2,94.7,0,10,1,83.3,5,0,100.0,11,0,2
https://rugby-union-feeds.incrowdsports.com/v1/matches/288390,288390,1008,202501,Investec Champions Cup,2026-01-10,3,Leinster Rugby,La Rochelle,La Rochelle,away,25,24,12,7,54.6,58.1,3,582,143,38,15,171,23,16,109,25,9,27,808,3,100.0,1,100.0,0,80,2,94.4,3,15,2,88.2,8,1,88.9,7,0,0
https://rugby-union-feeds.incrowdsports.com/v1/matches/288389,288389,1008,202501,Investec Champions Cup,2026-01-10,3,Sale Sharks,Hollywoodbets Sharks,Sale Sharks,home,26,10,7,3,48.3,49.4,4,423,125,22,10,152,18,23,166,22,9,31,897,3,75.0,0,,0,70,1,93.4,8,17,2,89.5,3,0,100.0,9,0,0
https://rugby-union-feeds.incrowdsports.com/v1/matches/288389,288389,1008,202501,Investec Champions Cup,2026-01-10,3,Sale Sharks,Hollywoodbets Sharks,Hollywoodbets Sharks,away,26,10,7,3,51.7,50.6,1,393,118,22,4,126,6,19,116,22,6,37,781,1,100.0,1,50.0,0,86,1,97.7,4,14,0,77.8,6,0,100.0,8,0,0
https://rugby-union-feeds.incrowdsports.com/v1/matches/288392,288392,1008,202501,Investec Champions Cup,2026-01-10,3,Scarlets,Pau,Scarlets,home,38,47,24,26,56.0,59.0,5,305,117,14,6,126,7,10,116,23,3,20,438,5,100.0,1,100.0,0,76,0,98.8,9,16,0,100.0,7,1,87.5,8,0,0
https://rugby-union-feeds.incrowdsports.com/v1/matches/288392,288392,1008,202501,Investec Champions Cup,2026-01-10,3,Scarlets,Pau,Pau,away,38,47,24,26,44.0,41.0,7,331,91,23,12,90,6,14,141,14,5,19,502,6,85.7,0,,0,61,1,96.9,6,10,0,90.9,4,0,100.0,10,0,2
https://rugby-union-feeds.incrowdsports.com/v1/matches/288391,288391,1008,202501,Investec Champions Cup,2026-01-10,3,Leicester Tigers,Bayonne,Leicester Tigers,home,57,14,24,0,58.1,59.4,9,713,142,42,22,157,6,15,122,17,7,36,911,6,66.7,0,,0,96,2,97.0,4,13,0,92.9,3,1,75.0,7,0,0
https://rugby-union-feeds.incrowdsports.com/v1/matches/288391,288391,1008,202501,Investec Champions Cup,2026-01-10,3,Leicester Tigers,Bayonne,Bayonne,away,57,14,24,0,41.9,40.6,2,382,107,17,14,97,8,12,157,42,3,25,657,2,100.0,0,,0,66,1,97.1,2,9,4,69.2,5,3,62.5,12,0,1
https://rugby-union-feeds.incrowdsports.com/v1/matches/288393,288393,1008,202501,Investec Champions Cup,2026-01-11,3,Harlequins,DHL Stormers,Harlequins,home,61,10,33,0,44.2,50.8,9,674,116,44,33,159,10,11,160,24,13,30,757,8,88.9,0,,0,56,0,98.3,0,12,1,85.7,3,0,100.0,11,0,0
https://rugby-union-feeds.incrowdsports.com/v1/matches/288393,288393,1008,202501,Investec Champions Cup,2026-01-11,3,Harlequins,DHL Stormers,DHL Stormers,away,61,10,33,0,55.8,49.2,2,409,138,24,9,159,15,17,92,44,4,17,542,0,0.0,0,,0,83,3,90.3,5,15,1,93.8,7,0,100.0,9,0,0
https://rugby-union-feeds.incrowdsports.com/v1/matches/288394,288394,1008,202501,Investec Champions Cup,2026-01-11,3,Toulon,Munster Rugby,Toulon,home,27,25,7,6,65.1,77.8,3,322,152,19,4,168,12,18,76,9,7,26,733,3,100.0,2,100.0,0,100,1,96.4,7,15,0,93.8,4,0,100.0,7,0,2
https://rugby-union-feeds.incrowdsports.com/v1/matches/288394,288394,1008,202501,Investec Champions Cup,2026-01-11,3,Toulon,Munster Rugby,Munster Rugby,away,27,25,7,6,34.9,22.2,3,242,76,9,6,97,5,15,200,19,11,30,813,2,66.7,2,100.0,0,46,3,90.4,0,7,3,63.6,9,1,90.0,14,0,2
https://rugby-union-feeds.incrowdsports.com/v1/matches/288395,288395,1008,202501,Investec Champions Cup,2026-01-11,3,Bordeaux-Begles,Northampton Saints,Bordeaux-Begles,home,50,28,24,7,44.4,48.4,8,577,118,46,19,125,8,13,174,34,10,19,674,5,62.5,0,,0,62,1,96.9,1,9,1,81.8,11,1,91.7,8,0,1
https://rugby-union-feeds.incrowdsports.com/v1/matches/288395,288395,1008,202501,Investec Champions Cup,2026-01-11,3,Bordeaux-Begles,Northampton Saints,Northampton Saints,away,50,28,24,7,55.6,51.6,4,552,145,34,7,153,11,20,115,46,7,19,521,4,100.0,0,,0,91,3,95.9,0,6,2,75.0,3,0,100.0,8,0,2
https://rugby-union-feeds.incrowdsports.com/v1/matches/288396,288396,1008,202501,Investec Champions Cup,2026-01-11,3,Saracens,Toulouse,Saracens,home,20,14,17,7,53.6,47.5,3,323,109,25,4,122,5,12,142,31,11,25,510,1,33.3,1,100.0,0,83,2,92.4,4,13,1,86.7,11,0,100.0,12,0,0
https://rugby-union-feeds.incrowdsports.com/v1/matches/288396,288396,1008,202501,Investec Champions Cup,2026-01-11,3,Saracens,Toulouse,Toulouse,away,20,14,17,7,46.4,52.5,2,239,121,31,4,126,9,23,144,25,6,17,460,2,100.0,0,,0,72,2,93.6,8,15,3,79.0,6,0,100.0,9,0,0
https://rugby-union-feeds.incrowdsports.com/v1/matches/288398,288398,1008,202501,Investec Champions Cup,2026-01-16,4,Pau,Vodacom Bulls,Pau,home,24,26,21,12,69.3,72.5,3,363,183,33,6,161,8,14,77,10,5,24,713,3,100.0,1,100.0,0,144,0,98.7,8,17,0,100.0,4,0,100.0,10,0,1
https://rugby-union-feeds.incrowdsports.com/v1/matches/288398,288398,1008,202501,Investec Champions Cup,2026-01-16,4,Pau,Vodacom Bulls,Vodacom Bulls,away,24,26,21,12,30.7,27.5,4,344,72,10,5,66,3,7,247,33,8,29,777,3,75.0,0,,0,42,0,93.5,6,14,2,87.5,6,0,100.0,13,0,1
https://rugby-union-feeds.incrowdsports.com/v1/matches/288397,288397,1008,202501,Investec Champions Cup,2026-01-16,4,Bath Rugby,Edinburgh Rugby,Bath Rugby,home,63,10,28,10,54.4,69.3,9,622,121,41,11,125,9,18,89,21,8,34,876,8,100.0,0,,0,70,2,94.8,3,13,0,92.9,9,0,100.0,3,0,0
https://rugby-union-feeds.incrowdsports.com/v1/matches/288397,288397,1008,202501,Investec Champions Cup,2026-01-16,4,Bath Rugby,Edinburgh Rugby,Edinburgh Rugby,away,63,10,28,10,45.6,30.7,1,336,87,21,4,93,5,17,121,41,6,32,842,1,100.0,1,100.0,0,60,0,95.3,0,8,0,80.0,7,0,100.0,10,0,0
https://rugby-union-feeds.incrowdsports.com/v1/matches/288399,288399,1008,202501,Investec Champions Cup,2026-01-17,4,Hollywoodbets Sharks,Clermont Auvergne,Hollywoodbets Sharks,home,50,12,14,12,54.0,55.0,8,711,124,17,18,124,10,17,98,9,4,33,1156,5,62.5,0,,0,64,2,93.2,4,18,0,94.7,5,0,100.0,10,0,0
https://rugby-union-feeds.incrowdsports.com/v1/matches/288399,288399,1008,202501,Investec Champions Cup,2026-01-17,4,Hollywoodbets Sharks,Clermont Auvergne,Clermont Auvergne,away,50,12,14,12,46.0,45.0,2,210,84,9,2,76,3,14,130,17,8,28,901,1,50.0,0,,0,53,2,96.6,4,11,0,100.0,10,1,90.9,12,1,2
https://rugby-union-feeds.incrowdsports.com/v1/matches/288400,288400,1008,202501,Investec Champions Cup,2026-01-17,4,Bayonne,Leinster Rugby,Bayonne,home,13,22,10,3,35.7,38.0,1,221,65,12,2,76,4,12,173,24,7,32,1170,1,100.0,2,66.7,0,38,2,92.7,5,17,3,85.0,3,3,50.0,8,0,1
https://rugby-union-feeds.incrowdsports.com/v1/matches/288400,288400,1008,202501,Investec Champions Cup,2026-01-17,4,Bayonne,Leinster Rugby,Leinster Rugby,away,13,22,10,3,64.3,62.0,3,498,137,24,15,149,8,16,63,12,6,33,1023,2,66.7,1,100.0,0,92,0,97.9,7,19,0,95.0,4,0,100.0,9,0,0
https://rugby-union-feeds.incrowdsports.com/v1/matches/288401,288401,1008,202501,Investec Champions Cup,2026-01-17,4,DHL Stormers,Leicester Tigers,DHL Stormers,home,39,26,15,14,46.9,48.1,5,382,97,26,15,79,13,17,119,11,9,38,974,4,80.0,2,100.0,0,49,2,96.4,4,10,0,71.4,10,2,83.3,7,0,1
https://rugby-union-feeds.incrowdsports.com/v1/matches/288401,288401,1008,202501,Investec Champions Cup,2026-01-17,4,DHL Stormers,Leicester Tigers,Leicester Tigers,away,39,26,15,14,53.1,51.8,4,348,105,11,8,122,6,18,90,26,8,37,1081,3,75.0,0,0.0,0,69,2,94.6,2,10,3,66.7,2,0,100.0,12,0,1
https://rugby-union-feeds.incrowdsports.com/v1/matches/288403,288403,1008,202501,Investec Champions Cup,2026-01-17,4,Toulouse,Sale Sharks,Toulouse,home,77,7,28,0,55.3,50.3,11,820,143,44,32,155,22,15,101,18,10,21,576,11,100.0,0,,0,63,1,97.0,8,18,1,90.0,2,0,100.0,7,0,0
https://rugby-union-feeds.incrowdsports.com/v1/matches/288403,288403,1008,202501,Investec Champions Cup,2026-01-17,4,Toulouse,Sale Sharks,Sale Sharks,away,77,7,28,0,44.7,49.7,1,273,98,18,6,93,8,11,115,44,6,23,540,1,100.0,0,,0,54,2,84.4,2,8,2,61.5,6,0,100.0,18,0,3
https://rugby-union-feeds.incrowdsports.com/v1/matches/288402,288402,1008,202501,Investec Champions Cup,2026-01-17,4,Munster Rugby,Castres Olympique,Munster Rugby,home,29,31,12,17,56.4,54.3,5,577,155,42,18,233,17,15,100,25,7,28,815,2,40.0,0,,0,88,0,97.9,2,13,4,76.5,3,0,100.0,9,0,1
https://rugby-union-feeds.incrowdsports.com/v1/matches/288402,288402,1008,202501,Investec Champions Cup,2026-01-17,4,Munster Rugby,Castres Olympique,Castres Olympique,away,29,31,12,17,43.6,45.7,4,436,102,25,6,88,2,11,161,42,7,37,928,4,100.0,1,100.0,0,64,0,94.2,2,8,1,88.9,5,0,100.0,13,0,1
https://rugby-union-feeds.incrowdsports.com/v1/matches/288404,288404,1008,202501,Investec Champions Cup,2026-01-17,4,Gloucester Rugby,Toulon,Gloucester Rugby,home,14,31,7,21,38.6,33.3,2,249,89,12,3,120,3,19,178,42,10,21,619,2,100.0,0,,0,58,1,95.2,1,9,2,75.0,4,1,80.0,10,0,0
https://rugby-union-feeds.incrowdsports.com/v1/matches/288404,288404,1008,202501,Investec Champions Cup,2026-01-17,4,Gloucester Rugby,Toulon,Toulon,away,14,31,7,21,61.4,66.7,4,646,178,42,9,176,20,18,92,12,6,23,491,4,100.0,1,100.0,0,96,0,98.1,5,10,1,90.9,10,0,100.0,9,0,0
https://rugby-union-feeds.incrowdsports.com/v1/matches/288405,288405,1008,202501,Investec Champions Cup,2026-01-18,4,Bristol Bears,Bordeaux-Begles,Bristol Bears,home,15,27,5,17,55.7,54.4,2,591,138,19,2,142,10,24,93,29,3,30,842,1,50.0,1,100.0,0,83,2,93.3,1,5,4,50.0,6,0,100.0,7,0,0
https://rugby-union-feeds.incrowdsports.com/v1/matches/288405,288405,1008,202501,Investec Champions Cup,2026-01-18,4,Bristol Bears,Bordeaux-Begles,Bordeaux-Begles,away,15,27,5,17,44.3,45.6,4,389,99,29,5,82,3,17,158,19,6,42,1143,2,50.0,1,50.0,0,55,1,94.8,1,13,1,86.7,8,0,100.0,7,0,0
https://rugby-union-feeds.incrowdsports.com/v1/matches/288406,288406,1008,202501,Investec Champions Cup,2026-01-18,4,Northampton Saints,Scarlets,Northampton Saints,home,43,28,19,14,53.9,46.9,6,494,122,29,8,136,3,17,132,25,10,19,517,5,83.3,1,100.0,0,81,0,96.6,3,17,2,89.5,3,0,100.0,7,0,0
https://rugby-union-feeds.incrowdsports.com/v1/matches/288406,288406,1008,202501,Investec Champions Cup,2026-01-18,4,Northampton Saints,Scarlets,Scarlets,away,43,28,19,14,46.1,53.1,4,314,101,25,10,102,5,14,143,29,7,26,617,4,100.0,0,,0,69,2,94.6,3,14,1,93.3,5,5,50.0,15,0,1
https://rugby-union-feeds.incrowdsports.com/v1/matches/288407,288407,1008,202501,Investec Champions Cup,2026-01-18,4,La Rochelle,Harlequins,La Rochelle,home,17,27,7,10,50.2,52.6,3,334,111,23,12,126,14,10,105,30,4,32,915,1,33.3,0,,0,66,2,93.2,4,15,2,88.2,6,3,66.7,12,0,1
https://rugby-union-feeds.incrowdsports.com/v1/matches/288407,288407,1008,202501,Investec Champions Cup,2026-01-18,4,La Rochelle,Harlequins,Harlequins,away,17,27,7,10,49.8,47.4,3,486,103,30,10,128,7,13,115,23,8,29,812,3,100.0,2,100.0,0,63,1,97.1,1,14,2,77.8,5,0,100.0,8,0,1
https://rugby-union-feeds.incrowdsports.com/v1/matches/288408,288408,1008,202501,Investec Champions Cup,2026-01-18,4,Glasgow Warriors,Saracens,Glasgow Warriors,home,28,3,21,3,45.3,38.2,4,338,105,30,8,133,3,19,204,23,13,20,473,4,100.0,0,,0,77,2,96.3,4,15,1,93.8,8,2,80.0,8,0,1
https://rugby-union-feeds.incrowdsports.com/v1/matches/288408,288408,1008,202501,Investec Champions Cup,2026-01-18,4,Glasgow Warriors,Saracens,Saracens,away,28,3,21,3,54.7,61.8,0,414,148,23,7,177,8,20,134,30,9,14,318,0,,1,100.0,0,108,1,94.0,2,15,1,93.8,5,2,71.4,16,0,2
https://rugby-union-feeds.incrowdsports.com/v1/matches/288413,288413,1008,202501,Investec Champions Cup,2026-04-03,5,Northampton Saints,Castres Olympique,Northampton Saints,home,49,41,14,15,44.9,46.2,7,617,107,30,17,117,11,22,164,32,11,19,607,6,100.0,0,,0,66,1,95.7,2,16,4,76.2,5,0,100.0,6,0,0
https://rugby-union-feeds.incrowdsports.com/v1/matches/288413,288413,1008,202501,Investec Champions Cup,2026-04-03,5,Northampton Saints,Castres Olympique,Castres Olympique,away,49,41,14,15,55.1,53.8,6,606,141,32,15,129,2,18,119,30,10,27,817,4,66.7,1,100.0,0,86,1,93.5,5,6,1,85.7,8,1,88.9,12,0,3
https://rugby-union-feeds.incrowdsports.com/v1/matches/288412,288412,1008,202501,Investec Champions Cup,2026-04-04,5,Bath Rugby,Saracens,Bath Rugby,home,31,22,0,10,49.8,55.1,5,453,95,29,12,91,7,17,105,27,4,23,434,3,60.0,0,,0,58,1,96.7,1,16,2,88.9,9,1,90.0,10,0,2
https://rugby-union-feeds.incrowdsports.com/v1/matches/288412,288412,1008,202501,Investec Champions Cup,2026-04-04,5,Bath Rugby,Saracens,Saracens,away,31,22,0,10,50.2,44.9,3,372,100,27,10,110,10,15,110,29,8,19,499,2,66.7,1,100.0,0,64,1,95.8,5,13,1,76.5,8,0,100.0,12,0,1
https://rugby-union-feeds.incrowdsports.com/v1/matches/288415,288415,1008,202501,Investec Champions Cup,2026-04-04,5,Toulon,DHL Stormers,Toulon,home,28,27,14,13,54.8,61.6,4,281,121,18,10,143,6,11,114,17,5,24,635,4,100.0,0,0.0,0,93,1,98.0,3,10,1,90.9,7,1,87.5,8,0,2
https://rugby-union-feeds.incrowdsports.com/v1/matches/288415,288415,1008,202501,Investec Champions Cup,2026-04-04,5,Toulon,DHL Stormers,DHL Stormers,away,28,27,14,13,45.2,38.4,3,464,122,17,13,107,12,13,155,18,4,20,510,3,100.0,2,100.0,0,69,0,96.0,4,12,2,85.7,3,0,100.0,6,0,0
https://rugby-union-feeds.incrowdsports.com/v1/matches/288410,288410,1008,202501,Investec Champions Cup,2026-04-04,5,Glasgow Warriors,Vodacom Bulls,Glasgow Warriors,home,25,21,12,14,55.8,48.2,4,352,131,24,5,136,4,16,118,11,5,15,500,1,25.0,1,100.0,0,92,1,97.1,4,9,0,75.0,5,1,83.3,9,0,0
https://rugby-union-feeds.incrowdsports.com/v1/matches/288410,288410,1008,202501,Investec Champions Cup,2026-04-04,5,Glasgow Warriors,Vodacom Bulls,Vodacom Bulls,away,25,21,12,14,44.2,51.8,2,209,97,11,1,72,4,12,167,24,4,26,754,1,50.0,3,100.0,0,68,1,96.0,4,9,0,90.0,9,1,90.0,15,0,1
https://rugby-union-feeds.incrowdsports.com/v1/matches/288416,288416,1008,202501,Investec Champions Cup,2026-04-04,5,Toulouse,Bristol Bears,Toulouse,home,59,26,40,7,54.3,68.0,9,597,112,37,14,138,12,15,89,14,10,21,631,7,77.8,0,,0,52,1,96.4,8,12,1,92.3,8,0,100.0,7,0,1
https://rugby-union-feeds.incrowdsports.com/v1/matches/288416,288416,1008,202501,Investec Champions Cup,2026-04-04,5,Toulouse,Bristol Bears,Bristol Bears,away,59,26,40,7,45.7,32.0,4,498,85,14,7,98,4,23,98,37,6,11,370,3,75.0,0,,0,49,2,92.6,0,7,0,87.5,5,0,100.0,9,0,0
https://rugby-union-feeds.incrowdsports.com/v1/matches/288414,288414,1008,202501,Investec Champions Cup,2026-04-04,5,Harlequins,Sale Sharks,Harlequins,home,17,26,0,16,46.4,39.8,3,461,108,17,11,137,8,14,137,30,7,21,446,1,33.3,0,,0,75,2,97.4,0,9,1,81.8,6,0,100.0,12,0,2
https://rugby-union-feeds.incrowdsports.com/v1/matches/288414,288414,1008,202501,Investec Champions Cup,2026-04-04,5,Harlequins,Sale Sharks,Sale Sharks,away,17,26,0,16,53.6,60.2,2,445,122,30,7,131,3,16,123,17,4,18,450,2,100.0,4,80.0,0,82,0,98.8,7,9,1,90.0,9,0,100.0,6,0,0
https://rugby-union-feeds.incrowdsports.com/v1/matches/288409,288409,1008,202501,Investec Champions Cup,2026-04-05,5,Bordeaux-Begles,Leicester Tigers,Bordeaux-Begles,home,64,14,36,0,63.7,62.6,9,749,167,47,28,208,27,14,72,11,9,32,893,8,88.9,1,100.0,0,77,0,95.1,3,11,0,100.0,12,0,100.0,7,0,0
https://rugby-union-feeds.incrowdsports.com/v1/matches/288409,288409,1008,202501,Investec Champions Cup,2026-04-05,5,Bordeaux-Begles,Leicester Tigers,Leicester Tigers,away,64,14,36,0,36.3,37.4,2,460,72,11,8,84,2,17,118,47,5,13,402,2,100.0,0,,0,37,0,90.7,0,9,4,64.3,6,1,85.7,11,0,0
https://rugby-union-feeds.incrowdsports.com/v1/matches/288411,288411,1008,202501,Investec Champions Cup,2026-04-05,5,Leinster Rugby,Edinburgh Rugby,Leinster Rugby,home,49,31,28,26,61.8,67.8,7,649,138,21,17,196,8,14,73,17,4,23,624,7,100.0,0,,0,89,0,98.9,3,15,3,83.3,5,0,100.0,3,0,0
https://rugby-union-feeds.incrowdsports.com/v1/matches/288411,288411,1008,202501,Investec Champions Cup,2026-04-05,5,Leinster Rugby,Edinburgh Rugby,Edinburgh Rugby,away,49,31,28,26,38.2,32.2,5,412,74,17,10,92,6,9,159,21,4,28,785,3,60.0,0,,0,41,2,93.2,3,10,1,90.9,8,0,100.0,7,0,0
https://rugby-union-feeds.incrowdsports.com/v1/matches/288420,288420,1008,202501,Investec Champions Cup,2026-04-10,6,Bath Rugby,Northampton Saints,Bath Rugby,home,43,41,26,35,51.9,57.4,6,381,119,28,8,119,4,9,136,25,9,19,396,5,83.3,1,100.0,0,76,0,97.6,8,12,4,75.0,6,1,85.7,9,0,1
https://rugby-union-feeds.incrowdsports.com/v1/matches/288420,288420,1008,202501,Investec Champions Cup,2026-04-10,6,Bath Rugby,Northampton Saints,Northampton Saints,away,43,41,26,35,48.1,42.6,5,468,114,25,12,116,2,18,146,28,4,21,371,5,100.0,2,100.0,0,70,1,94.8,3,10,0,100.0,4,1,80.0,14,0,2
https://rugby-union-feeds.incrowdsports.com/v1/matches/288418,288418,1008,202501,Investec Champions Cup,2026-04-11,6,Glasgow Warriors,Toulon,Glasgow Warriors,home,19,22,12,17,53.4,52.1,3,363,181,30,4,214,3,14,202,21,7,12,254,2,66.7,0,,0,128,3,96.3,6,20,1,95.2,5,0,100.0,5,0,0
https://rugby-union-feeds.incrowdsports.com/v1/matches/288418,288418,1008,202501,Investec Champions Cup,2026-04-11,6,Glasgow Warriors,Toulon,Toulon,away,19,22,12,17,46.6,47.9,4,337,150,21,6,162,8,10,227,30,10,14,346,1,25.0,0,,0,120,1,96.8,1,3,2,60.0,7,0,100.0,13,0,1
https://rugby-union-feeds.incrowdsports.com/v1/matches/288419,288419,1008,202501,Investec Champions Cup,2026-04-11,6,Leinster Rugby,Sale Sharks,Leinster Rugby,home,43,13,7,3,62.5,65.6,6,517,164,23,20,177,7,14,84,18,5,40,1005,5,83.3,1,100.0,0,112,1,97.4,4,12,0,92.3,2,1,66.7,9,0,0
https://rugby-union-feeds.incrowdsports.com/v1/matches/288419,288419,1008,202501,Investec Champions Cup,2026-04-11,6,Leinster Rugby,Sale Sharks,Sale Sharks,away,43,13,7,3,37.5,34.4,1,238,75,18,4,103,7,11,186,23,3,29,874,1,100.0,2,100.0,0,56,3,91.9,3,14,6,66.7,5,2,71.4,7,0,2
https://rugby-union-feeds.incrowdsports.com/v1/matches/288417,288417,1008,202501,Investec Champions Cup,2026-04-12,6,Bordeaux-Begles,Toulouse,Bordeaux-Begles,home,30,15,5,12,45.6,46.7,4,508,125,26,11,115,10,16,159,28,13,33,1052,2,50.0,2,100.0,0,70,4,91.2,7,16,1,94.1,3,0,100.0,5,0,0
https://rugby-union-feeds.incrowdsports.com/v1/matches/288417,288417,1008,202501,Investec Champions Cup,2026-04-12,6,Bordeaux-Begles,Toulouse,Toulouse,away,30,15,5,12,54.4,53.3,2,478,150,28,8,146,18,15,124,26,11,30,1126,1,50.0,1,100.0,0,96,5,91.6,3,9,2,81.8,6,0,100.0,11,1,1
https://rugby-union-feeds.incrowdsports.com/v1/matches/288422,288422,1008,202501,Investec Champions Cup,2026-05-02,7,Leinster Rugby,Toulon,Leinster Rugby,home,29,25,14,11,51.7,55.5,4,295,122,20,2,138,4,8,131,37,4,31,884,3,75.0,1,33.3,0,90,0,100.0,2,12,0,100.0,6,1,85.7,7,0,2
https://rugby-union-feeds.incrowdsports.com/v1/matches/288422,288422,1008,202501,Investec Champions Cup,2026-05-02,7,Leinster Rugby,Toulon,Toulon,away,29,25,14,11,48.3,44.5,3,354,124,37,8,149,8,13,160,20,2,29,930,2,66.7,2,66.7,0,84,1,98.8,2,16,0,100.0,3,1,75.0,13,0,1
https://rugby-union-feeds.incrowdsports.com/v1/matches/288421,288421,1008,202501,Investec Champions Cup,2026-05-03,7,Bordeaux-Begles,Bath Rugby,Bordeaux-Begles,home,38,26,24,12,38.4,39.4,5,474,109,35,18,93,18,14,198,21,7,26,908,5,100.0,1,100.0,0,53,0,96.4,8,12,1,92.3,6,0,100.0,7,0,0
https://rugby-union-feeds.incrowdsports.com/v1/matches/288421,288421,1008,202501,Investec Champions Cup,2026-05-03,7,Bordeaux-Begles,Bath Rugby,Bath Rugby,away,38,26,24,12,61.6,60.6,4,420,159,21,5,119,7,12,80,35,7,36,1052,3,75.0,0,,0,117,0,97.5,1,8,1,72.7,6,0,100.0,10,0,1
