player_name,slug,url,position,caps,age,height_cm,weight_kg,career_mins,avg_mins_per_game,england_wins,england_draws,england_losses,status
Ollie Chessum,ollie-chessum,https://www.englandrugby.com/follow/england-men/senior-men/ollie-chessum,Lock,35,25,201,118,2002,57.2,21,0,14,ok
Arthur Clark,arthur-clark,https://www.englandrugby.com/follow/england-men/senior-men/arthur-clark,Lock,1,24,,,80,80,1,0,0,ok
Alex Coles,alex-coles,https://www.englandrugby.com/follow/england-men/senior-men/alex-coles,Lock,19,26,203,120.5,916,48.21,11,0,8,ok
Luke Cowan-Dickie,luke-cowan-dickie,https://www.englandrugby.com/follow/england-men/senior-men/luke-cowan-dickie,Hooker,58,32,183,111,1900,32.76,36,2,20,ok
Chandler Cunningham South,chandler-cunningham-south,https://www.englandrugby.com/follow/england-men/senior-men/chandler-cunningham-south,Back Row,22,23,196,120,825,37.5,13,0,9,ok
Tom Curry,tom-curry,https://www.englandrugby.com/follow/england-men/senior-men/tom-curry,Back Row,68,27,185,109,4442,65.32,45,2,21,ok
Theo Dan,theo-dan,https://www.englandrugby.com/follow/england-men/senior-men/theo-dan,Hooker,20,25,180,100,492,24.6,11,0,9,ok
Trevor Davison,trevor-davison,https://www.englandrugby.com/follow/england-men/senior-men/trevor-davison,Prop,8,33,,,92,11.5,4,0,4,ok
Ben Earl,ben-earl,https://www.englandrugby.com/follow/england-men/senior-men/ben-earl,Back Row,51,28,184,107,3018,59.18,32,0,19,ok
Ellis Genge,ellis-genge,https://www.englandrugby.com/follow/england-men/senior-men/ellis-genge,Prop,80,31,187,116,3763,47.04,49,2,29,ok
Jamie George,jamie-george,https://www.englandrugby.com/follow/england-men/senior-men/jamie-george,Hooker,110,35,183,107,5558,50.53,72,2,36,ok
Joe Heyes,joe-heyes,https://www.englandrugby.com/follow/england-men/senior-men/joe-heyes,Prop,22,27,189,126,773,35.14,15,0,7,ok
Maro Itoje,maro-itoje,https://www.englandrugby.com/follow/england-men/senior-men/maro-itoje,Lock,102,31,195,118,7828,76.75,64,1,37,ok
Guy Pepper,guy-pepper,https://www.englandrugby.com/follow/england-men/senior-men/guy-pepper,Back Row,12,23,,,665,55.42,8,0,4,ok
Bevan Rodd,bevan-rodd,https://www.englandrugby.com/follow/england-men/senior-men/bevan-rodd,Prop,15,25,,117,574,38.27,9,0,6,ok
Sam Underhill,sam-underhill,https://www.englandrugby.com/follow/england-men/senior-men/sam-underhill,Back Row,50,29,186,103,2731,54.62,36,0,14,ok
Henry Arundell,henry-arundell,https://www.englandrugby.com/follow/england-men/senior-men/henry-arundell,Winger,14,23,183,98,530,37.86,9,0,5,ok
Seb Atkinson,seb-atkinson,https://www.englandrugby.com/follow/england-men/senior-men/seb-atkinson,Centre,4,23,190,91.5,300,75,2,0,2,ok
Elliot Daly,elliot-daly,https://www.englandrugby.com/follow/england-men/senior-men/elliot-daly,Full Back,76,33,185,98,5231,68.83,53,1,22,ok
Fraser Dingwall,fraser-dingwall,https://www.englandrugby.com/follow/england-men/senior-men/fraser-dingwall,Centre,10,27,183,95.7,793,79.3,8,0,2,ok
Immanuel Feyi Waboso,immanuel-feyi-waboso,https://www.englandrugby.com/follow/england-men/senior-men/immanuel-feyi-waboso,Winger,13,23,180,94,826,63.54,8,0,5,ok
George Ford,george-ford,https://www.englandrugby.com/follow/england-men/senior-men/george-ford,Fly Half,108,33,178,84,6251,57.88,75,1,32,ok
Tommy Freeman,tommy-freeman,https://www.englandrugby.com/follow/england-men/senior-men/tommy-freeman,Full Back,27,25,188,92,2118,78.44,14,0,13,ok
George Furbank,george-furbank,https://www.englandrugby.com/follow/england-men/senior-men/george-furbank,Full Back,14,29,182,87,892,63.71,7,0,7,ok
Alex Mitchell,alex-mitchell,https://www.englandrugby.com/follow/england-men/senior-men/alex-mitchell,Scrum Half,30,28,180,81,1622,54.07,20,0,10,ok
Cadan Murley,cadan-murley,https://www.englandrugby.com/follow/england-men/senior-men/cadan-murley,Winger,6,26,177,92,358,59.67,3,0,3,ok
Max Ojomoh,max-ojomoh,https://www.englandrugby.com/follow/england-men/senior-men/max-ojomoh,Centre,2,25,181,98,160,80,2,0,0,ok
Henry Slade,henry-slade,https://www.englandrugby.com/follow/england-men/senior-men/henry-slade,Centre,74,33,191,96,4609,62.28,49,2,23,ok
Marcus Smith,marcus-smith,https://www.englandrugby.com/follow/england-men/senior-men/marcus-smith,Fly Half,50,27,176,82,3063,61.26,28,1,21,ok
Ben Spencer,ben-spencer,https://www.englandrugby.com/follow/england-men/senior-men/ben-spencer,Scrum Half,18,33,178,83,547,30.39,7,1,10,ok
Freddie Steward,freddie-steward,https://www.englandrugby.com/follow/england-men/senior-men/freddie-steward,Full Back,44,25,196,104,3121,70.93,25,1,18,ok
Jack Van Poortvliet,jack-van-poortvliet,https://www.englandrugby.com/follow/england-men/senior-men/jack-van-poortvliet,Scrum Half,24,24,184,89,1026,42.75,12,1,11,ok
Steve Borthwick,steve-borthwick,https://www.englandrugby.com/follow/england-men/senior-men/steve-borthwick,Head Coach,,,,,,,,,,ok
Richard Wigglesworth,richard-wigglesworth,https://www.englandrugby.com/follow/england-men/senior-men/richard-wigglesworth,,,,,,,,,,,ok
Kevin Sinfield,kevin-sinfield,https://www.englandrugby.com/follow/england-men/senior-men/kevin-sinfield,,,,,,,,,,,ok
Tom Harrison,tom-harrison,https://www.englandrugby.com/follow/england-men/senior-men/tom-harrison,,,,,,,,,,,ok
van Poortvliet,van-poortvliet,https://www.englandrugby.com/follow/england-men/senior-men/van-poortvliet,,,,,,,,,,,not_found
Ben Moon,ben-moon,https://www.englandrugby.com/follow/england-men/senior-men/ben-moon,,,,,,,,,,,not_found
Kyle Sinckler,kyle-sinckler,https://www.englandrugby.com/follow/england-men/senior-men/kyle-sinckler,,,,,,,,,,,error_403
Joe Launchbury,joe-launchbury,https://www.englandrugby.com/follow/england-men/senior-men/joe-launchbury,,,,,,,,,,,not_found
George Kruis,george-kruis,https://www.englandrugby.com/follow/england-men/senior-men/george-kruis,,,,,,,,,,,not_found
Mark Wilson,mark-wilson,https://www.englandrugby.com/follow/england-men/senior-men/mark-wilson,,,,,,,,,,,not_found
Billy Vunipola,billy-vunipola,https://www.englandrugby.com/follow/england-men/senior-men/billy-vunipola,,,,,,,,,,,error_403
Ben Youngs,ben-youngs,https://www.englandrugby.com/follow/england-men/senior-men/ben-youngs,,,,,,,,,,,error_403
Owen Farrell,owen-farrell,https://www.englandrugby.com/follow/england-men/senior-men/owen-farrell,,,,,,,,,,,error_403
Jonny May,jonny-may,https://www.englandrugby.com/follow/england-men/senior-men/jonny-may,,,,,,,,,,,error_403
Manu Tuilagi,manu-tuilagi,https://www.englandrugby.com/follow/england-men/senior-men/manu-tuilagi,,,,,,,,,,,error_403
Jack Nowell,jack-nowell,https://www.englandrugby.com/follow/england-men/senior-men/jack-nowell,,,,,,,,,,,error_403
Dan Cole,dan-cole,https://www.englandrugby.com/follow/england-men/senior-men/dan-cole,,,,,,,,,,,error_403
Brad Shields,brad-shields,https://www.englandrugby.com/follow/england-men/senior-men/brad-shields,,,,,,,,,,,not_found
Nathan Hughes,nathan-hughes,https://www.englandrugby.com/follow/england-men/senior-men/nathan-hughes,,,,,,,,,,,not_found
Ben Te'o,ben-teo,https://www.englandrugby.com/follow/england-men/senior-men/ben-teo,,,,,,,,,,,not_found
Joe Cokanasiga,joe-cokanasiga,https://www.englandrugby.com/follow/england-men/senior-men/joe-cokanasiga,,,,,,,,,,,error_403
Dan Robson,dan-robson,https://www.englandrugby.com/follow/england-men/senior-men/dan-robson,,,,,,,,,,,not_found
Courtney Lawes,courtney-lawes,https://www.englandrugby.com/follow/england-men/senior-men/courtney-lawes,,,,,,,,,,,error_403
Harry Williams,harry-williams,https://www.englandrugby.com/follow/england-men/senior-men/harry-williams,,,,,,,,,,,not_found
Mako Vunipola,mako-vunipola,https://www.englandrugby.com/follow/england-men/senior-men/mako-vunipola,,,,,,,,,,,not_found
Chris Ashton,chris-ashton,https://www.englandrugby.com/follow/england-men/senior-men/chris-ashton,,,,,,,,,,,not_found
Dylan Hartley,dylan-hartley,https://www.englandrugby.com/follow/england-men/senior-men/dylan-hartley,,,,,,,,,,,not_found
Alec Hepburn,alec-hepburn,https://www.englandrugby.com/follow/england-men/senior-men/alec-hepburn,,,,,,,,,,,not_found
Charlie Ewels,charlie-ewels,https://www.englandrugby.com/follow/england-men/senior-men/charlie-ewels,,,,,,,,,,,error_403
Zach Mercer,zach-mercer,https://www.englandrugby.com/follow/england-men/senior-men/zach-mercer,,,,,,,,,,,not_found
Danny Care,danny-care,https://www.englandrugby.com/follow/england-men/senior-men/danny-care,,,,,,,,,,,not_found
Alex Lozowski,alex-lozowski,https://www.englandrugby.com/follow/england-men/senior-men/alex-lozowski,,,,,,,,,,,not_found
Ted Hill,ted-hill,https://www.englandrugby.com/follow/england-men/senior-men/ted-hill,,,,,,,,,,,not_found
Joe Marler,joe-marler,https://www.englandrugby.com/follow/england-men/senior-men/joe-marler,,,,,,,,,,,not_found
Chris Robshaw,chris-robshaw,https://www.englandrugby.com/follow/england-men/senior-men/chris-robshaw,,,,,,,,,,,not_found
Danny Cipriani,danny-cipriani,https://www.englandrugby.com/follow/england-men/senior-men/danny-cipriani,,,,,,,,,,,not_found
Mike Brown,mike-brown,https://www.englandrugby.com/follow/england-men/senior-men/mike-brown,,,,,,,,,,,not_found
Jonny Hill,jonny-hill,https://www.englandrugby.com/follow/england-men/senior-men/jonny-hill,,,,,,,,,,,not_found
Sam Simmonds,sam-simmonds,https://www.englandrugby.com/follow/england-men/senior-men/sam-simmonds,,,,,,,,,,,not_found
Denny Solomona,denny-solomona,https://www.englandrugby.com/follow/england-men/senior-men/denny-solomona,,,,,,,,,,,not_found
Nick Isiekwe,nick-isiekwe,https://www.englandrugby.com/follow/england-men/senior-men/nick-isiekwe,,,,,,,,,,,not_found
Piers Francis,piers-francis,https://www.englandrugby.com/follow/england-men/senior-men/piers-francis,,,,,,,,,,,not_found
Jack Singleton,jack-singleton,https://www.englandrugby.com/follow/england-men/senior-men/jack-singleton,,,,,,,,,,,not_found
Elliott Stooke,elliott-stooke,https://www.englandrugby.com/follow/england-men/senior-men/elliott-stooke,,,,,,,,,,,not_found
Henry Trinder,henry-trinder,https://www.englandrugby.com/follow/england-men/senior-men/henry-trinder,,,,,,,,,,,not_found
George McGuigan,george-mcguigan,https://www.englandrugby.com/follow/england-men/senior-men/george-mcguigan,,,,,,,,,,,not_found
Nic Schonert,nic-schonert,https://www.englandrugby.com/follow/england-men/senior-men/nic-schonert,,,,,,,,,,,not_found
Josh Beaumont,josh-beaumont,https://www.englandrugby.com/follow/england-men/senior-men/josh-beaumont,,,,,,,,,,,not_found
James Haskell,james-haskell,https://www.englandrugby.com/follow/england-men/senior-men/james-haskell,,,,,,,,,,,not_found
Jonathan Joseph,jonathan-joseph,https://www.englandrugby.com/follow/england-men/senior-men/jonathan-joseph,,,,,,,,,,,not_found
Anthony Watson,anthony-watson,https://www.englandrugby.com/follow/england-men/senior-men/anthony-watson,,,,,,,,,,,not_found
Don Armand,don-armand,https://www.englandrugby.com/follow/england-men/senior-men/don-armand,,,,,,,,,,,not_found
Semesa Rokoduguni,semesa-rokoduguni,https://www.englandrugby.com/follow/england-men/senior-men/semesa-rokoduguni,,,,,,,,,,,not_found
Marland Yarde,marland-yarde,https://www.englandrugby.com/follow/england-men/senior-men/marland-yarde,,,,,,,,,,,not_found
Matt Mullan,matt-mullan,https://www.englandrugby.com/follow/england-men/senior-men/matt-mullan,,,,,,,,,,,not_found
Will Collier,will-collier,https://www.englandrugby.com/follow/england-men/senior-men/will-collier,,,,,,,,,,,not_found
Jack Maunder,jack-maunder,https://www.englandrugby.com/follow/england-men/senior-men/jack-maunder,,,,,,,,,,,not_found
Sam James,sam-james,https://www.englandrugby.com/follow/england-men/senior-men/sam-james,,,,,,,,,,,not_found
Nathan Earle,nathan-earle,https://www.englandrugby.com/follow/england-men/senior-men/nathan-earle,,,,,,,,,,,not_found
Ross Harrison,ross-harrison,https://www.englandrugby.com/follow/england-men/senior-men/ross-harrison,,,,,,,,,,,not_found
Jamal Ford-Robinson,jamal-ford-robinson,https://www.englandrugby.com/follow/england-men/senior-men/jamal-ford-robinson,,,,,,,,,,,not_found
Will Spencer,will-spencer,https://www.englandrugby.com/follow/england-men/senior-men/will-spencer,,,,,,,,,,,not_found
Mike Haley,mike-haley,https://www.englandrugby.com/follow/england-men/senior-men/mike-haley,,,,,,,,,,,not_found
Tom Wood,tom-wood,https://www.englandrugby.com/follow/england-men/senior-men/tom-wood,,,,,,,,,,,not_found
Jack Clifford,jack-clifford,https://www.englandrugby.com/follow/england-men/senior-men/jack-clifford,,,,,,,,,,,not_found
Teimana Harrison,teimana-harrison,https://www.englandrugby.com/follow/england-men/senior-men/teimana-harrison,,,,,,,,,,,not_found
Alex Goode,alex-goode,https://www.englandrugby.com/follow/england-men/senior-men/alex-goode,,,,,,,,,,,not_found
Dave Attwood,dave-attwood,https://www.englandrugby.com/follow/england-men/senior-men/dave-attwood,,,,,,,,,,,not_found
Paul Hill,paul-hill,https://www.englandrugby.com/follow/england-men/senior-men/paul-hill,,,,,,,,,,,not_found
Luther Burrell,luther-burrell,https://www.englandrugby.com/follow/england-men/senior-men/luther-burrell,,,,,,,,,,,not_found
Tommy Taylor,tommy-taylor,https://www.englandrugby.com/follow/england-men/senior-men/tommy-taylor,,,,,,,,,,,not_found
Matt Kvesic,matt-kvesic,https://www.englandrugby.com/follow/england-men/senior-men/matt-kvesic,,,,,,,,,,,not_found
Ollie Devoto,ollie-devoto,https://www.englandrugby.com/follow/england-men/senior-men/ollie-devoto,,,,,,,,,,,not_found
Kieran Brookes,kieran-brookes,https://www.englandrugby.com/follow/england-men/senior-men/kieran-brookes,,,,,,,,,,,not_found
Tom Youngs,tom-youngs,https://www.englandrugby.com/follow/england-men/senior-men/tom-youngs,,,,,,,,,,,not_found
Geoff Parling,geoff-parling,https://www.englandrugby.com/follow/england-men/senior-men/geoff-parling,,,,,,,,,,,not_found
Nick Easter,nick-easter,https://www.englandrugby.com/follow/england-men/senior-men/nick-easter,,,,,,,,,,,not_found
David Wilson,david-wilson,https://www.englandrugby.com/follow/england-men/senior-men/david-wilson,,,,,,,,,,,not_found
Ben Morgan,ben-morgan,https://www.englandrugby.com/follow/england-men/senior-men/ben-morgan,,,,,,,,,,,not_found
Brad Barritt,brad-barritt,https://www.englandrugby.com/follow/england-men/senior-men/brad-barritt,,,,,,,,,,,not_found
Rob Webber,rob-webber,https://www.englandrugby.com/follow/england-men/senior-men/rob-webber,,,,,,,,,,,not_found
Sam Burgess,sam-burgess,https://www.englandrugby.com/follow/england-men/senior-men/sam-burgess,,,,,,,,,,,not_found
Billy Twelvetrees,billy-twelvetrees,https://www.englandrugby.com/follow/england-men/senior-men/billy-twelvetrees,,,,,,,,,,,not_found
Calum Clark,calum-clark,https://www.englandrugby.com/follow/england-men/senior-men/calum-clark,,,,,,,,,,,not_found
Alex Corbisiero,alex-corbisiero,https://www.englandrugby.com/follow/england-men/senior-men/alex-corbisiero,,,,,,,,,,,not_found
Henry Thomas,henry-thomas,https://www.englandrugby.com/follow/england-men/senior-men/henry-thomas,,,,,,,,,,,not_found
Tom Croft,tom-croft,https://www.englandrugby.com/follow/england-men/senior-men/tom-croft,,,,,,,,,,,not_found
Dave Wilson,dave-wilson,https://www.englandrugby.com/follow/england-men/senior-men/dave-wilson,,,,,,,,,,,not_found
Kyle Eastmond,kyle-eastmond,https://www.englandrugby.com/follow/england-men/senior-men/kyle-eastmond,,,,,,,,,,,not_found
Freddie Burns,freddie-burns,https://www.englandrugby.com/follow/england-men/senior-men/freddie-burns,,,,,,,,,,,not_found
Robert Webber,robert-webber,https://www.englandrugby.com/follow/england-men/senior-men/robert-webber,,,,,,,,,,,not_found
Lee Dickson,lee-dickson,https://www.englandrugby.com/follow/england-men/senior-men/lee-dickson,,,,,,,,,,,not_found
Daniel Cipriani,daniel-cipriani,https://www.englandrugby.com/follow/england-men/senior-men/daniel-cipriani,,,,,,,,,,,not_found
Tom Johnson,tom-johnson,https://www.englandrugby.com/follow/england-men/senior-men/tom-johnson,,,,,,,,,,,not_found
Ben Foden,ben-foden,https://www.englandrugby.com/follow/england-men/senior-men/ben-foden,,,,,,,,,,,not_found
Joel Tomkins,joel-tomkins,https://www.englandrugby.com/follow/england-men/senior-men/joel-tomkins,,,,,,,,,,,not_found
Toby Flood,toby-flood,https://www.englandrugby.com/follow/england-men/senior-men/toby-flood,,,,,,,,,,,not_found
David Paice,david-paice,https://www.englandrugby.com/follow/england-men/senior-men/david-paice,,,,,,,,,,,not_found
Paul Doran-Jones,paul-doran-jones,https://www.englandrugby.com/follow/england-men/senior-men/paul-doran-jones,,,,,,,,,,,not_found
Stephen Myler,stephen-myler,https://www.englandrugby.com/follow/england-men/senior-men/stephen-myler,,,,,,,,,,,not_found
Thomas Waldrom,thomas-waldrom,https://www.englandrugby.com/follow/england-men/senior-men/thomas-waldrom,,,,,,,,,,,not_found
David Strettle,david-strettle,https://www.englandrugby.com/follow/england-men/senior-men/david-strettle,,,,,,,,,,,not_found
Tom Palmer,tom-palmer,https://www.englandrugby.com/follow/england-men/senior-men/tom-palmer,,,,,,,,,,,not_found
Daniel Care,daniel-care,https://www.englandrugby.com/follow/england-men/senior-men/daniel-care,,,,,,,,,,,not_found
Charlie Sharples,charlie-sharples,https://www.englandrugby.com/follow/england-men/senior-men/charlie-sharples,,,,,,,,,,,not_found
Bradley Barritt,bradley-barritt,https://www.englandrugby.com/follow/england-men/senior-men/bradley-barritt,,,,,,,,,,,not_found
Joe Gray,joe-gray,https://www.englandrugby.com/follow/england-men/senior-men/joe-gray,,,,,,,,,,,not_found
Chris Pennell,chris-pennell,https://www.englandrugby.com/follow/england-men/senior-men/chris-pennell,,,,,,,,,,,not_found
Christian Wade,christian-wade,https://www.englandrugby.com/follow/england-men/senior-men/christian-wade,,,,,,,,,,,not_found
Mouritz Botha,mouritz-botha,https://www.englandrugby.com/follow/england-men/senior-men/mouritz-botha,,,,,,,,,,,not_found
