url,match_id,competition,season,team,home_away,player,Tries,Metres_Gained,Carries,Defenders_Beaten,Clean_Breaks,Passes,Offloads,Turnovers_Conceded,Try_Assists,Points_Scored,Tackles_Attempted,Missed_Tackles,Turnovers_Won,Kicks_In_Play,Conversions,Penalty_Goals,Drop_Goals,Throws_Won,Lineouts_Won,Lineout_Steals,Penalties_Conceded,Red_Cards,Yellow_Cards
https://www.englandrugby.com/fixtures-and-results/match-centre/six-nations-2026-france-v-england-match-centre#stats,947118,209,2026,France,home,Ramos,0,21,11,2,0,10,1,3,1,16,1,2,0,3,5,2,0,0,0,0,0,0,0
https://www.englandrugby.com/fixtures-and-results/match-centre/six-nations-2026-france-v-england-match-centre#stats,947118,209,2026,France,home,Attissogbe,1,47,7,3,4,6,1,1,0,5,9,0,0,0,0,0,0,0,0,0,0,0,0
https://www.englandrugby.com/fixtures-and-results/match-centre/six-nations-2026-france-v-england-match-centre#stats,947118,209,2026,France,home,Barassi,0,12,4,1,0,5,1,0,0,0,7,3,0,0,0,0,0,0,0,0,1,0,0
https://www.englandrugby.com/fixtures-and-results/match-centre/six-nations-2026-france-v-england-match-centre#stats,947118,209,2026,France,home,Moefana,0,34,9,1,1,5,2,0,0,0,6,2,0,0,0,0,0,0,0,0,0,0,0
https://www.englandrugby.com/fixtures-and-results/match-centre/six-nations-2026-france-v-england-match-centre#stats,947118,209,2026,France,home,Bielle-Biarrey,4,42,6,4,4,2,0,0,0,20,2,3,0,4,0,0,0,0,0,0,0,0,0
https://www.englandrugby.com/fixtures-and-results/match-centre/six-nations-2026-france-v-england-match-centre#stats,947118,209,2026,France,home,Jalibert,0,55,8,9,1,25,3,2,1,0,7,1,0,4,0,0,0,0,0,0,0,0,0
https://www.englandrugby.com/fixtures-and-results/match-centre/six-nations-2026-france-v-england-match-centre#stats,947118,209,2026,France,home,Dupont,0,25,10,3,0,64,0,1,2,0,3,1,0,15,0,0,0,0,0,0,0,0,0
https://www.englandrugby.com/fixtures-and-results/match-centre/six-nations-2026-france-v-england-match-centre#stats,947118,209,2026,France,home,Ollivon,0,20,7,0,0,4,2,0,0,0,18,1,0,0,0,0,0,0,0,0,0,0,0
https://www.englandrugby.com/fixtures-and-results/match-centre/six-nations-2026-france-v-england-match-centre#stats,947118,209,2026,France,home,Matiu,0,7,8,0,0,2,1,1,0,0,11,1,0,0,0,0,0,0,0,0,1,0,0
https://www.englandrugby.com/fixtures-and-results/match-centre/six-nations-2026-france-v-england-match-centre#stats,947118,209,2026,France,home,Cros,0,0,3,0,0,5,2,1,0,0,9,1,1,0,0,0,0,0,5,0,1,0,0
https://www.englandrugby.com/fixtures-and-results/match-centre/six-nations-2026-france-v-england-match-centre#stats,947118,209,2026,France,home,Meafou,0,23,10,0,0,5,2,1,0,0,11,1,0,0,0,0,0,0,0,0,1,0,0
https://www.englandrugby.com/fixtures-and-results/match-centre/six-nations-2026-france-v-england-match-centre#stats,947118,209,2026,France,home,Flament,0,9,9,0,0,8,0,1,0,0,13,0,0,0,0,0,0,0,6,0,1,0,0
https://www.englandrugby.com/fixtures-and-results/match-centre/six-nations-2026-france-v-england-match-centre#stats,947118,209,2026,France,home,Aldegheri,0,0,2,1,0,1,0,0,0,0,4,0,0,0,0,0,0,0,0,0,1,0,0
https://www.englandrugby.com/fixtures-and-results/match-centre/six-nations-2026-france-v-england-match-centre#stats,947118,209,2026,France,home,Marchand,0,3,7,0,0,6,3,0,0,0,10,1,0,0,0,0,0,9,0,0,0,0,0
https://www.englandrugby.com/fixtures-and-results/match-centre/six-nations-2026-france-v-england-match-centre#stats,947118,209,2026,France,home,Gros,0,4,5,0,0,2,0,0,0,0,10,0,1,0,0,0,0,0,0,0,0,0,0
https://www.englandrugby.com/fixtures-and-results/match-centre/six-nations-2026-france-v-england-match-centre#stats,947118,209,2026,France,home,Mauvaka,0,3,2,0,0,1,0,0,0,0,10,0,0,0,0,0,0,2,0,0,0,0,0
https://www.englandrugby.com/fixtures-and-results/match-centre/six-nations-2026-france-v-england-match-centre#stats,947118,209,2026,France,home,Neti,0,0,0,0,0,0,0,0,0,0,6,0,0,0,0,0,0,0,0,0,0,0,0
https://www.englandrugby.com/fixtures-and-results/match-centre/six-nations-2026-france-v-england-match-centre#stats,947118,209,2026,France,home,Bamba,0,3,4,1,0,0,0,0,0,0,5,1,0,0,0,0,0,0,0,0,3,0,1
https://www.englandrugby.com/fixtures-and-results/match-centre/six-nations-2026-france-v-england-match-centre#stats,947118,209,2026,France,home,Auradou,0,0,0,0,0,0,0,0,0,0,0,0,0,0,0,0,0,0,0,0,0,0,0
https://www.englandrugby.com/fixtures-and-results/match-centre/six-nations-2026-france-v-england-match-centre#stats,947118,209,2026,France,home,Guillard,0,13,8,0,0,2,0,0,0,0,10,0,0,0,0,0,0,0,0,0,2,0,0
https://www.englandrugby.com/fixtures-and-results/match-centre/six-nations-2026-france-v-england-match-centre#stats,947118,209,2026,France,home,Brennan,0,1,3,0,0,1,0,0,0,0,4,1,0,0,0,0,0,0,0,0,0,0,0
https://www.englandrugby.com/fixtures-and-results/match-centre/six-nations-2026-france-v-england-match-centre#stats,947118,209,2026,France,home,Serin,0,0,0,0,0,0,0,0,0,0,0,0,0,0,0,0,0,0,0,0,0,0,0
https://www.englandrugby.com/fixtures-and-results/match-centre/six-nations-2026-france-v-england-match-centre#stats,947118,209,2026,France,home,Gailleton,0,0,0,0,0,0,0,0,0,0,0,0,0,0,0,0,0,0,0,0,0,0,0
https://www.englandrugby.com/fixtures-and-results/match-centre/six-nations-2026-france-v-england-match-centre#stats,947118,209,2026,England,away,Daly,0,21,4,0,0,2,0,2,1,0,1,2,0,3,0,0,0,0,0,0,1,0,0
https://www.englandrugby.com/fixtures-and-results/match-centre/six-nations-2026-france-v-england-match-centre#stats,947118,209,2026,England,away,Roebuck,1,19,3,1,0,1,1,2,0,5,4,1,0,0,0,0,0,0,0,0,1,0,0
https://www.englandrugby.com/fixtures-and-results/match-centre/six-nations-2026-france-v-england-match-centre#stats,947118,209,2026,England,away,Freeman,1,52,7,4,3,4,1,1,0,5,7,2,0,0,0,0,0,0,0,0,0,0,0
https://www.englandrugby.com/fixtures-and-results/match-centre/six-nations-2026-france-v-england-match-centre#stats,947118,209,2026,England,away,Atkinson,0,5,8,3,0,6,0,1,0,0,11,4,0,2,0,0,0,0,0,0,0,0,0
https://www.englandrugby.com/fixtures-and-results/match-centre/six-nations-2026-france-v-england-match-centre#stats,947118,209,2026,England,away,Murley,1,24,5,0,0,1,0,1,0,5,7,2,0,2,0,0,0,0,0,0,1,0,0
https://www.englandrugby.com/fixtures-and-results/match-centre/six-nations-2026-france-v-england-match-centre#stats,947118,209,2026,England,away,Smith,0,27,7,1,0,14,0,1,0,7,9,1,0,4,2,1,0,0,0,0,0,0,0
https://www.englandrugby.com/fixtures-and-results/match-centre/six-nations-2026-france-v-england-match-centre#stats,947118,209,2026,England,away,Spencer,0,0,0,0,0,38,0,0,0,0,3,2,0,9,0,0,0,0,0,0,1,0,0
https://www.englandrugby.com/fixtures-and-results/match-centre/six-nations-2026-france-v-england-match-centre#stats,947118,209,2026,England,away,Earl,0,45,16,2,0,0,0,1,0,0,5,1,0,0,0,0,0,0,0,0,0,0,0
https://www.englandrugby.com/fixtures-and-results/match-centre/six-nations-2026-france-v-england-match-centre#stats,947118,209,2026,England,away,Pepper,0,0,4,0,0,5,1,0,0,0,11,1,0,0,0,0,0,0,0,0,1,0,0
https://www.englandrugby.com/fixtures-and-results/match-centre/six-nations-2026-france-v-england-match-centre#stats,947118,209,2026,England,away,Chessum,2,88,11,0,3,5,0,0,1,10,6,0,0,0,0,0,0,0,4,0,0,0,0
https://www.englandrugby.com/fixtures-and-results/match-centre/six-nations-2026-france-v-england-match-centre#stats,947118,209,2026,England,away,Coles,1,7,3,0,0,3,0,0,0,5,11,1,0,0,0,0,0,0,5,0,1,0,0
https://www.englandrugby.com/fixtures-and-results/match-centre/six-nations-2026-france-v-england-match-centre#stats,947118,209,2026,England,away,Itoje,0,8,9,0,0,5,1,0,0,0,11,1,2,0,0,0,0,0,1,0,1,0,0
https://www.englandrugby.com/fixtures-and-results/match-centre/six-nations-2026-france-v-england-match-centre#stats,947118,209,2026,England,away,Heyes,0,1,1,0,0,1,0,0,0,0,12,1,0,0,0,0,0,0,0,0,1,0,0
https://www.englandrugby.com/fixtures-and-results/match-centre/six-nations-2026-france-v-england-match-centre#stats,947118,209,2026,England,away,George,0,2,1,0,0,2,0,1,0,0,4,0,0,0,0,0,0,7,0,0,0,0,0
https://www.englandrugby.com/fixtures-and-results/match-centre/six-nations-2026-france-v-england-match-centre#stats,947118,209,2026,England,away,Genge,0,29,13,5,0,3,1,1,0,0,8,0,0,0,0,0,0,0,0,0,1,0,1
https://www.englandrugby.com/fixtures-and-results/match-centre/six-nations-2026-france-v-england-match-centre#stats,947118,209,2026,England,away,Cowan-Dickie,0,14,7,0,0,0,0,0,0,0,5,1,1,0,0,0,0,5,0,0,0,0,0
https://www.englandrugby.com/fixtures-and-results/match-centre/six-nations-2026-france-v-england-match-centre#stats,947118,209,2026,England,away,Rodd,0,6,2,0,0,1,1,0,0,0,7,0,0,0,0,0,0,0,0,0,1,0,0
https://www.englandrugby.com/fixtures-and-results/match-centre/six-nations-2026-france-v-england-match-centre#stats,947118,209,2026,England,away,Davison,0,0,1,0,0,0,0,0,0,0,2,1,0,0,0,0,0,0,0,0,0,0,0
https://www.englandrugby.com/fixtures-and-results/match-centre/six-nations-2026-france-v-england-match-centre#stats,947118,209,2026,England,away,Cunningham-South,0,21,2,0,0,0,0,0,0,0,2,1,0,0,0,0,0,0,0,0,0,0,0
https://www.englandrugby.com/fixtures-and-results/match-centre/six-nations-2026-france-v-england-match-centre#stats,947118,209,2026,England,away,Underhill,0,4,1,0,0,0,0,1,0,0,3,1,0,0,0,0,0,0,2,0,0,0,0
https://www.englandrugby.com/fixtures-and-results/match-centre/six-nations-2026-france-v-england-match-centre#stats,947118,209,2026,England,away,Pollock,0,13,5,1,0,1,0,0,0,0,3,1,1,0,0,0,0,0,0,0,0,0,0
https://www.englandrugby.com/fixtures-and-results/match-centre/six-nations-2026-france-v-england-match-centre#stats,947118,209,2026,England,away,van Poortvliet,0,7,4,0,0,35,0,0,2,0,0,1,0,6,0,0,0,0,0,0,1,0,0
https://www.englandrugby.com/fixtures-and-results/match-centre/six-nations-2025-england-v-scotland-match-centre#stats,941796,209,2025,England,home,Smith,0,71,5,1,0,5,0,0,0,8,3,2,0,4,1,2,0,0,0,0,1,0,0
https://www.englandrugby.com/fixtures-and-results/match-centre/six-nations-2025-england-v-scotland-match-centre#stats,941796,209,2025,England,home,Freeman,1,6,3,0,0,2,0,0,0,5,11,0,0,1,0,0,0,0,0,0,0,0,0
https://www.englandrugby.com/fixtures-and-results/match-centre/six-nations-2025-england-v-scotland-match-centre#stats,941796,209,2025,England,home,Lawrence,0,21,4,1,1,5,2,2,0,0,9,3,0,0,0,0,0,0,1,0,0,0,0
https://www.englandrugby.com/fixtures-and-results/match-centre/six-nations-2025-england-v-scotland-match-centre#stats,941796,209,2025,England,home,Slade,0,32,4,0,1,1,0,2,0,0,12,5,0,3,0,0,0,0,0,0,0,0,0
https://www.englandrugby.com/fixtures-and-results/match-centre/six-nations-2025-england-v-scotland-match-centre#stats,941796,209,2025,England,home,Sleightholme,0,0,0,0,0,3,0,2,0,0,5,2,0,1,0,0,0,0,0,0,0,0,0
https://www.englandrugby.com/fixtures-and-results/match-centre/six-nations-2025-england-v-scotland-match-centre#stats,941796,209,2025,England,home,Mitchell,0,16,3,0,0,37,0,1,1,0,5,2,0,15,0,0,0,0,0,0,1,0,0
https://www.englandrugby.com/fixtures-and-results/match-centre/six-nations-2025-england-v-scotland-match-centre#stats,941796,209,2025,England,home,Willis,0,20,5,0,0,0,0,0,0,0,8,1,0,0,0,0,0,0,0,0,1,0,0
https://www.englandrugby.com/fixtures-and-results/match-centre/six-nations-2025-england-v-scotland-match-centre#stats,941796,209,2025,England,home,Earl,0,30,12,3,0,2,0,0,0,0,17,2,1,0,0,0,0,0,0,0,2,0,0
https://www.englandrugby.com/fixtures-and-results/match-centre/six-nations-2025-england-v-scotland-match-centre#stats,941796,209,2025,England,home,Curry,0,2,1,0,0,3,0,0,0,0,6,1,1,0,0,0,0,0,1,0,0,0,0
https://www.englandrugby.com/fixtures-and-results/match-centre/six-nations-2025-england-v-scotland-match-centre#stats,941796,209,2025,England,home,Chessum,0,12,2,0,0,4,0,0,0,0,13,2,0,0,0,0,0,0,7,0,2,0,0
https://www.englandrugby.com/fixtures-and-results/match-centre/six-nations-2025-england-v-scotland-match-centre#stats,941796,209,2025,England,home,Itoje,0,4,4,0,0,3,0,1,0,0,13,1,3,0,0,0,0,0,7,0,1,0,0
https://www.englandrugby.com/fixtures-and-results/match-centre/six-nations-2025-england-v-scotland-match-centre#stats,941796,209,2025,England,home,Stuart,0,9,6,0,0,1,0,0,0,0,10,1,0,0,0,0,0,0,0,0,0,0,0
https://www.englandrugby.com/fixtures-and-results/match-centre/six-nations-2025-england-v-scotland-match-centre#stats,941796,209,2025,England,home,Cowan-Dickie,0,3,4,0,0,0,0,1,0,0,10,1,0,0,0,0,0,8,0,0,0,0,0
https://www.englandrugby.com/fixtures-and-results/match-centre/six-nations-2025-england-v-scotland-match-centre#stats,941796,209,2025,England,home,Genge,0,9,5,0,0,2,0,0,0,0,9,0,0,0,0,0,0,0,0,0,0,0,0
https://www.englandrugby.com/fixtures-and-results/match-centre/six-nations-2025-england-v-scotland-match-centre#stats,941796,209,2025,England,home,George,0,4,1,0,0,1,0,0,0,0,13,1,1,0,0,0,0,8,0,0,0,0,0
https://www.englandrugby.com/fixtures-and-results/match-centre/six-nations-2025-england-v-scotland-match-centre#stats,941796,209,2025,England,home,Baxter,0,0,2,0,0,0,0,0,0,0,5,1,0,0,0,0,0,0,0,0,0,0,0
https://www.englandrugby.com/fixtures-and-results/match-centre/six-nations-2025-england-v-scotland-match-centre#stats,941796,209,2025,England,home,Heyes,0,0,0,0,0,0,0,0,0,0,8,1,0,0,0,0,0,0,0,0,1,0,0
https://www.englandrugby.com/fixtures-and-results/match-centre/six-nations-2025-england-v-scotland-match-centre#stats,941796,209,2025,England,home,Hill,0,0,0,0,0,0,0,0,0,0,4,2,0,0,0,0,0,0,0,0,0,0,0
https://www.englandrugby.com/fixtures-and-results/match-centre/six-nations-2025-england-v-scotland-match-centre#stats,941796,209,2025,England,home,Cunningham-South,0,17,3,1,0,0,0,1,0,0,9,3,0,0,0,0,0,0,0,0,1,0,0
https://www.englandrugby.com/fixtures-and-results/match-centre/six-nations-2025-england-v-scotland-match-centre#stats,941796,209,2025,England,home,Randall,0,2,1,0,0,12,0,1,0,0,4,0,0,3,0,0,0,0,0,0,0,0,0
https://www.englandrugby.com/fixtures-and-results/match-centre/six-nations-2025-england-v-scotland-match-centre#stats,941796,209,2025,England,home,Daly,0,35,6,2,0,3,1,1,0,0,3,0,0,1,0,0,0,0,0,0,0,0,0
https://www.englandrugby.com/fixtures-and-results/match-centre/six-nations-2025-england-v-scotland-match-centre#stats,941796,209,2025,Scotland,away,Kinghorn,0,126,22,7,3,10,3,3,1,0,3,0,0,3,0,0,0,0,1,0,1,0,0
https://www.englandrugby.com/fixtures-and-results/match-centre/six-nations-2025-england-v-scotland-match-centre#stats,941796,209,2025,Scotland,away,Rowe,0,32,9,6,0,4,1,3,0,0,2,2,0,1,0,0,0,0,0,0,1,0,0
https://www.englandrugby.com/fixtures-and-results/match-centre/six-nations-2025-england-v-scotland-match-centre#stats,941796,209,2025,Scotland,away,Jones,1,36,9,0,1,5,1,1,0,5,4,0,0,0,0,0,0,0,0,0,1,0,0
https://www.englandrugby.com/fixtures-and-results/match-centre/six-nations-2025-england-v-scotland-match-centre#stats,941796,209,2025,Scotland,away,Jordan,0,50,12,5,0,13,0,1,1,0,5,2,1,0,0,0,0,0,0,0,1,0,0
https://www.englandrugby.com/fixtures-and-results/match-centre/six-nations-2025-england-v-scotland-match-centre#stats,941796,209,2025,Scotland,away,van der Merwe,1,88,15,5,2,5,3,0,1,5,3,0,0,0,0,0,0,0,0,0,0,0,0
https://www.englandrugby.com/fixtures-and-results/match-centre/six-nations-2025-england-v-scotland-match-centre#stats,941796,209,2025,Scotland,away,Russell,0,29,4,2,1,39,0,1,0,0,2,2,0,8,0,0,0,1,0,0,0,0,0
https://www.englandrugby.com/fixtures-and-results/match-centre/six-nations-2025-england-v-scotland-match-centre#stats,941796,209,2025,Scotland,away,White,1,20,2,0,0,81,0,2,0,5,7,0,0,12,0,0,0,0,0,0,0,0,0
https://www.englandrugby.com/fixtures-and-results/match-centre/six-nations-2025-england-v-scotland-match-centre#stats,941796,209,2025,Scotland,away,Dempsey,0,20,11,1,0,5,0,2,0,0,3,1,0,0,0,0,0,0,1,0,1,0,0
https://www.englandrugby.com/fixtures-and-results/match-centre/six-nations-2025-england-v-scotland-match-centre#stats,941796,209,2025,Scotland,away,Darge,0,4,5,0,0,5,0,0,0,0,11,0,1,1,0,0,0,0,0,0,1,0,0
https://www.englandrugby.com/fixtures-and-results/match-centre/six-nations-2025-england-v-scotland-match-centre#stats,941796,209,2025,Scotland,away,Ritchie,0,11,7,0,1,13,0,1,0,0,9,2,3,0,0,0,0,0,6,0,1,0,0
https://www.englandrugby.com/fixtures-and-results/match-centre/six-nations-2025-england-v-scotland-match-centre#stats,941796,209,2025,Scotland,away,Gilchrist,0,0,4,0,0,6,0,0,0,0,9,0,0,0,0,0,0,0,4,0,1,0,0
https://www.englandrugby.com/fixtures-and-results/match-centre/six-nations-2025-england-v-scotland-match-centre#stats,941796,209,2025,Scotland,away,Gray,0,1,7,0,0,8,1,0,0,0,7,0,0,0,0,0,0,0,4,0,0,0,0
https://www.englandrugby.com/fixtures-and-results/match-centre/six-nations-2025-england-v-scotland-match-centre#stats,941796,209,2025,Scotland,away,Fagerson,0,11,11,0,0,3,0,1,0,0,7,0,0,0,0,0,0,0,0,0,1,0,0
https://www.englandrugby.com/fixtures-and-results/match-centre/six-nations-2025-england-v-scotland-match-centre#stats,941796,209,2025,Scotland,away,Cherry,0,14,4,0,0,2,0,1,0,0,5,0,0,0,0,0,0,13,0,0,1,0,0
https://www.englandrugby.com/fixtures-and-results/match-centre/six-nations-2025-england-v-scotland-match-centre#stats,941796,209,2025,Scotland,away,Schoeman,0,1,10,0,0,2,0,0,0,0,3,0,0,0,0,0,0,0,1,0,1,0,0
https://www.englandrugby.com/fixtures-and-results/match-centre/six-nations-2025-england-v-scotland-match-centre#stats,941796,209,2025,Scotland,away,Ashman,0,8,4,0,0,2,0,0,0,0,2,0,0,0,0,0,0,8,0,0,2,0,0
https://www.englandrugby.com/fixtures-and-results/match-centre/six-nations-2025-england-v-scotland-match-centre#stats,941796,209,2025,Scotland,away,Bhatti,0,0,4,0,0,3,0,1,0,0,1,0,0,0,0,0,0,0,1,0,0,0,0
https://www.englandrugby.com/fixtures-and-results/match-centre/six-nations-2025-england-v-scotland-match-centre#stats,941796,209,2025,Scotland,away,Hurd,0,0,1,0,0,0,0,0,0,0,0,0,0,0,0,0,0,0,0,0,0,0,0
https://www.englandrugby.com/fixtures-and-results/match-centre/six-nations-2025-england-v-scotland-match-centre#stats,941796,209,2025,Scotland,away,Skinner,0,0,0,0,0,6,0,0,0,0,0,0,0,0,0,0,0,0,1,0,0,0,0
https://www.englandrugby.com/fixtures-and-results/match-centre/six-nations-2025-england-v-scotland-match-centre#stats,941796,209,2025,Scotland,away,Brown,0,0,5,1,0,1,0,0,0,0,2,0,0,0,0,0,0,0,1,0,0,0,0
https://www.englandrugby.com/fixtures-and-results/match-centre/six-nations-2025-england-v-scotland-match-centre#stats,941796,209,2025,Scotland,away,Dobie,0,4,2,1,0,34,0,0,0,0,1,0,0,0,0,0,0,0,0,0,0,0,0
https://www.englandrugby.com/fixtures-and-results/match-centre/six-nations-2025-england-v-scotland-match-centre#stats,941796,209,2025,Scotland,away,McDowall,0,48,3,4,1,3,1,0,0,0,1,1,0,0,0,0,0,0,0,0,0,0,0
https://www.englandrugby.com/fixtures-and-results/match-centre/rwc23-england-chile#stats,102321,210,2024,England,home,Smith,2,148,17,7,4,19,2,0,1,10,1,1,0,5,0,0,0,0,0,0,0,0,0
https://www.englandrugby.com/fixtures-and-results/match-centre/rwc23-england-chile#stats,102321,210,2024,England,home,Arundell,5,89,9,1,6,2,0,1,0,25,2,2,0,2,0,0,0,0,0,0,1,0,0
https://www.englandrugby.com/fixtures-and-results/match-centre/rwc23-england-chile#stats,102321,210,2024,England,home,Daly,0,54,6,1,1,9,1,1,0,0,2,0,0,3,0,0,0,0,0,0,0,0,0
https://www.englandrugby.com/fixtures-and-results/match-centre/rwc23-england-chile#stats,102321,210,2024,England,home,Lawrence,0,42,10,8,1,6,1,0,0,0,5,1,0,0,0,0,0,0,0,0,2,0,0
https://www.englandrugby.com/fixtures-and-results/match-centre/rwc23-england-chile#stats,102321,210,2024,England,home,Malins,0,66,8,0,1,10,1,6,0,0,4,1,1,2,0,0,0,0,0,0,0,0,0
https://www.englandrugby.com/fixtures-and-results/match-centre/rwc23-england-chile#stats,102321,210,2024,England,home,Farrell,0,46,8,1,0,33,1,0,1,16,3,1,1,7,8,0,0,0,0,0,0,0,0
https://www.englandrugby.com/fixtures-and-results/match-centre/rwc23-england-chile#stats,102321,210,2024,England,home,Care,0,11,4,0,0,50,0,1,1,0,2,1,0,3,0,0,0,0,0,0,0,0,0
https://www.englandrugby.com/fixtures-and-results/match-centre/rwc23-england-chile#stats,102321,210,2024,England,home,Vunipola,0,22,5,0,0,12,0,0,0,0,4,0,0,0,0,0,0,0,0,1,0,0,0
https://www.englandrugby.com/fixtures-and-results/match-centre/rwc23-england-chile#stats,102321,210,2024,England,home,Willis,1,31,7,2,1,8,1,0,0,5,18,0,1,0,0,0,0,0,0,0,1,0,0
https://www.englandrugby.com/fixtures-and-results/match-centre/rwc23-england-chile#stats,102321,210,2024,England,home,Ludlam,0,46,6,1,1,0,0,0,0,0,4,1,1,0,0,0,0,0,0,0,0,0,0
https://www.englandrugby.com/fixtures-and-results/match-centre/rwc23-england-chile#stats,102321,210,2024,England,home,Martin,0,14,9,2,0,2,0,0,0,0,10,3,0,0,0,0,0,0,0,0,0,0,0
https://www.englandrugby.com/fixtures-and-results/match-centre/rwc23-england-chile#stats,102321,210,2024,England,home,Ribbans,0,8,8,1,0,7,1,0,0,0,7,0,2,0,0,0,0,0,9,0,2,0,0
https://www.englandrugby.com/fixtures-and-results/match-centre/rwc23-england-chile#stats,102321,210,2024,England,home,Sinckler,0,11,8,0,0,1,0,1,0,0,5,2,0,0,0,0,0,0,0,0,0,0,0
https://www.englandrugby.com/fixtures-and-results/match-centre/rwc23-england-chile#stats,102321,210,2024,England,home,Dan,2,28,8,1,0,3,0,0,1,10,5,2,1,0,0,0,0,9,0,0,1,0,0
https://www.englandrugby.com/fixtures-and-results/match-centre/rwc23-england-chile#stats,102321,210,2024,England,home,Rodd,1,7,4,1,0,1,0,0,0,5,7,0,0,0,0,0,0,0,0,0,0,0,0
https://www.englandrugby.com/fixtures-and-results/match-centre/rwc23-england-chile#stats,102321,210,2024,England,home,Walker,0,9,3,0,0,1,0,0,0,0,5,0,1,0,0,0,0,1,0,0,0,0,0
https://www.englandrugby.com/fixtures-and-results/match-centre/rwc23-england-chile#stats,102321,210,2024,England,home,Marler,0,2,3,0,0,0,0,0,0,0,3,0,0,0,0,0,0,0,0,0,1,0,0
https://www.englandrugby.com/fixtures-and-results/match-centre/rwc23-england-chile#stats,102321,210,2024,England,home,Stuart,0,0,1,0,0,1,0,0,1,0,2,0,0,0,0,0,0,0,0,0,2,0,0
https://www.englandrugby.com/fixtures-and-results/match-centre/rwc23-england-chile#stats,102321,210,2024,England,home,Chessum,0,15,2,0,0,1,0,0,0,0,7,0,0,0,0,0,0,0,1,0,0,0,0
https://www.englandrugby.com/fixtures-and-results/match-centre/rwc23-england-chile#stats,102321,210,2024,England,home,Earl,0,36,5,2,0,1,0,0,0,0,3,0,0,1,0,0,0,0,0,0,0,0,0
https://www.englandrugby.com/fixtures-and-results/match-centre/rwc23-england-chile#stats,102321,210,2024,England,home,Youngs,0,0,0,0,0,21,0,1,0,0,3,2,0,2,0,0,0,0,0,0,1,0,0
https://www.englandrugby.com/fixtures-and-results/match-centre/rwc23-england-chile#stats,102321,210,2024,England,home,Ford,0,0,1,0,0,14,0,0,1,0,1,1,0,0,0,0,0,0,0,0,0,0,0
https://www.englandrugby.com/fixtures-and-results/match-centre/rwc23-england-chile#stats,102321,210,2024,England,home,Marchant,0,0,0,0,0,0,0,0,0,0,0,0,0,0,0,0,0,0,0,0,0,0,0
https://www.englandrugby.com/fixtures-and-results/match-centre/rwc23-england-chile#stats,102321,210,2024,Chile,away,Urroz,0,13,4,0,0,6,0,2,0,0,3,2,0,2,0,0,0,0,0,0,0,0,0
https://www.englandrugby.com/fixtures-and-results/match-centre/rwc23-england-chile#stats,102321,210,2024,Chile,away,Game,0,52,9,3,1,0,0,5,0,0,8,1,1,0,0,0,0,0,0,0,1,0,0
https://www.englandrugby.com/fixtures-and-results/match-centre/rwc23-england-chile#stats,102321,210,2024,Chile,away,Saavedra,0,19,6,0,0,2,1,0,0,0,6,2,0,0,0,0,0,0,0,0,0,0,0
https://www.englandrugby.com/fixtures-and-results/match-centre/rwc23-england-chile#stats,102321,210,2024,Chile,away,Garafulic,0,11,5,5,0,6,1,0,0,0,9,3,1,1,0,0,0,0,0,0,1,0,0
https://www.englandrugby.com/fixtures-and-results/match-centre/rwc23-england-chile#stats,102321,210,2024,Chile,away,Velarde,0,21,2,1,0,1,0,1,0,0,7,0,0,0,0,0,0,0,0,0,0,0,0
https://www.englandrugby.com/fixtures-and-results/match-centre/rwc23-england-chile#stats,102321,210,2024,Chile,away,Fernandez,0,32,8,0,0,10,2,4,0,0,5,2,0,5,0,0,0,0,0,0,0,0,0
https://www.englandrugby.com/fixtures-and-results/match-centre/rwc23-england-chile#stats,102321,210,2024,Chile,away,Videla,0,14,8,2,0,52,2,1,0,0,9,1,0,5,0,0,0,0,0,0,1,0,0
https://www.englandrugby.com/fixtures-and-results/match-centre/rwc23-england-chile#stats,102321,210,2024,Chile,away,Escobar,0,27,6,1,0,2,1,0,0,0,6,4,0,0,0,0,0,0,1,0,3,0,0
https://www.englandrugby.com/fixtures-and-results/match-centre/rwc23-england-chile#stats,102321,210,2024,Chile,away,Silva,0,4,2,2,0,1,0,0,0,0,10,1,0,0,0,0,0,0,0,0,2,0,0
https://www.englandrugby.com/fixtures-and-results/match-centre/rwc23-england-chile#stats,102321,210,2024,Chile,away,Sigren,0,17,7,1,1,5,0,0,0,0,17,0,0,0,0,0,0,0,2,0,0,0,0
https://www.englandrugby.com/fixtures-and-results/match-centre/rwc23-england-chile#stats,102321,210,2024,Chile,away,Eissmann,0,0,2,0,0,2,0,0,0,0,8,1,0,0,0,0,0,0,2,0,0,0,0
https://www.englandrugby.com/fixtures-and-results/match-centre/rwc23-england-chile#stats,102321,210,2024,Chile,away,Dittus,0,1,5,0,0,3,0,1,0,0,8,1,0,0,0,0,0,0,0,0,4,0,1
https://www.englandrugby.com/fixtures-and-results/match-centre/rwc23-england-chile#stats,102321,210,2024,Chile,away,Bohme,0,2,3,0,0,0,0,1,0,0,9,1,0,0,0,0,0,4,0,0,0,0,0
https://www.englandrugby.com/fixtures-and-results/match-centre/rwc23-england-chile#stats,102321,210,2024,Chile,away,Lues,0,4,2,1,0,2,0,1,0,0,9,1,0,0,0,0,0,0,0,0,0,0,0
https://www.englandrugby.com/fixtures-and-results/match-centre/rwc23-england-chile#stats,102321,210,2024,Chile,away,Dussaillant,0,3,2,0,0,0,0,2,0,0,1,2,0,0,0,0,0,5,0,0,0,0,0
https://www.englandrugby.com/fixtures-and-results/match-centre/rwc23-england-chile#stats,102321,210,2024,Chile,away,Lastra,0,1,2,0,0,0,0,0,0,0,3,0,0,0,0,0,0,0,0,0,0,0,0
https://www.englandrugby.com/fixtures-and-results/match-centre/rwc23-england-chile#stats,102321,210,2024,Chile,away,Gurruchaga,0,0,0,0,0,0,0,0,0,0,3,0,0,0,0,0,0,0,0,0,0,0,0
https://www.englandrugby.com/fixtures-and-results/match-centre/rwc23-england-chile#stats,102321,210,2024,Chile,away,Huete,0,0,1,0,0,2,0,1,0,0,2,1,0,0,0,0,0,0,1,0,0,0,0
https://www.englandrugby.com/fixtures-and-results/match-centre/rwc23-england-chile#stats,102321,210,2024,Chile,away,Orchard,0,0,1,0,0,0,0,0,0,0,3,2,0,0,0,0,0,0,0,0,0,0,0
https://www.englandrugby.com/fixtures-and-results/match-centre/rwc23-england-chile#stats,102321,210,2024,Chile,away,Martinez,0,4,8,0,0,1,0,0,0,0,6,1,1,0,0,0,0,0,0,0,0,0,0
https://www.englandrugby.com/fixtures-and-results/match-centre/rwc23-england-chile#stats,102321,210,2024,Chile,away,Carvallo,0,0,0,0,0,0,0,0,0,0,0,0,0,1,0,0,0,0,0,0,0,0,0
https://www.englandrugby.com/fixtures-and-results/match-centre/rwc23-england-chile#stats,102321,210,2024,Chile,away,Ayarza,0,16,2,2,0,2,0,0,0,0,0,0,0,0,0,0,0,0,0,0,0,0,0
https://www.englandrugby.com/fixtures-and-results/match-centre/191122-england-new-zealand-autumn-match-centre#stats,930023,3,2023,England,home,Steward,1,67,8,3,0,4,0,1,0,5,0,1,0,3,0,0,0,0,0,0,0,0,0
https://www.englandrugby.com/fixtures-and-results/match-centre/191122-england-new-zealand-autumn-match-centre#stats,930023,3,2023,England,home,Nowell,0,0,0,0,0,1,0,0,0,0,4,1,1,0,0,0,0,0,0,0,0,0,0
https://www.englandrugby.com/fixtures-and-results/match-centre/191122-england-new-zealand-autumn-match-centre#stats,930023,3,2023,England,home,Tuilagi,0,25,5,1,1,1,0,1,0,0,5,3,0,1,0,0,0,0,0,0,0,0,0
https://www.englandrugby.com/fixtures-and-results/match-centre/191122-england-new-zealand-autumn-match-centre#stats,930023,3,2023,England,home,Farrell,0,13,7,1,1,12,0,1,0,3,6,1,0,1,0,1,0,0,0,0,0,0,0
https://www.englandrugby.com/fixtures-and-results/match-centre/191122-england-new-zealand-autumn-match-centre#stats,930023,3,2023,England,home,May,0,88,9,3,2,4,0,0,0,0,2,0,0,0,0,0,0,0,0,0,2,0,0
https://www.englandrugby.com/fixtures-and-results/match-centre/191122-england-new-zealand-autumn-match-centre#stats,930023,3,2023,England,home,Smith,0,37,5,2,1,20,0,1,0,7,6,0,0,3,2,1,0,0,0,0,0,0,0
https://www.englandrugby.com/fixtures-and-results/match-centre/191122-england-new-zealand-autumn-match-centre#stats,930023,3,2023,England,home,van Poortvliet,0,10,4,0,0,35,1,3,0,0,3,2,0,7,0,0,0,0,0,0,0,0,0
https://www.englandrugby.com/fixtures-and-results/match-centre/191122-england-new-zealand-autumn-match-centre#stats,930023,3,2023,England,home,Vunipola,0,42,13,1,0,6,0,0,0,0,6,1,0,0,0,0,0,0,0,0,4,0,0
https://www.englandrugby.com/fixtures-and-results/match-centre/191122-england-new-zealand-autumn-match-centre#stats,930023,3,2023,England,home,Curry,0,18,5,3,0,9,0,1,0,0,13,3,0,0,0,0,0,0,2,0,1,0,0
https://www.englandrugby.com/fixtures-and-results/match-centre/191122-england-new-zealand-autumn-match-centre#stats,930023,3,2023,England,home,Simmonds,0,26,10,0,0,0,0,1,0,0,7,0,0,0,0,0,0,0,0,0,0,0,0
https://www.englandrugby.com/fixtures-and-results/match-centre/191122-england-new-zealand-autumn-match-centre#stats,930023,3,2023,England,home,Hill,0,6,6,0,0,6,0,1,0,0,8,0,0,0,0,0,0,0,4,1,0,0,0
https://www.englandrugby.com/fixtures-and-results/match-centre/191122-england-new-zealand-autumn-match-centre#stats,930023,3,2023,England,home,Itoje,0,13,6,0,0,6,0,0,0,0,9,2,0,0,0,0,0,0,7,0,2,0,0
https://www.englandrugby.com/fixtures-and-results/match-centre/191122-england-new-zealand-autumn-match-centre#stats,930023,3,2023,England,home,Sinckler,0,6,7,2,0,2,0,0,0,0,6,1,0,0,0,0,0,0,0,0,1,0,0
https://www.englandrugby.com/fixtures-and-results/match-centre/191122-england-new-zealand-autumn-match-centre#stats,930023,3,2023,England,home,Cowan-Dickie,0,20,6,1,0,1,0,0,0,0,8,1,1,0,0,0,0,10,0,0,0,0,0
https://www.englandrugby.com/fixtures-and-results/match-centre/191122-england-new-zealand-autumn-match-centre#stats,930023,3,2023,England,home,Genge,0,14,7,0,0,0,0,0,0,0,5,4,0,0,0,0,0,0,0,0,3,0,0
https://www.englandrugby.com/fixtures-and-results/match-centre/191122-england-new-zealand-autumn-match-centre#stats,930023,3,2023,England,home,George,0,1,2,0,0,3,0,0,0,0,2,1,0,0,0,0,0,4,0,0,0,0,0
https://www.englandrugby.com/fixtures-and-results/match-centre/191122-england-new-zealand-autumn-match-centre#stats,930023,3,2023,England,home,Stuart,2,10,3,0,0,1,0,0,0,10,1,1,0,0,0,0,0,0,0,0,2,0,0
https://www.englandrugby.com/fixtures-and-results/match-centre/191122-england-new-zealand-autumn-match-centre#stats,930023,3,2023,England,home,Ribbans,0,11,4,1,0,3,2,0,0,0,2,0,0,0,0,0,0,0,1,0,0,0,0
https://www.englandrugby.com/fixtures-and-results/match-centre/191122-england-new-zealand-autumn-match-centre#stats,930023,3,2023,England,home,Willis,0,1,1,0,0,0,0,0,0,0,2,0,0,0,0,0,0,0,0,0,0,0,0
https://www.englandrugby.com/fixtures-and-results/match-centre/191122-england-new-zealand-autumn-match-centre#stats,930023,3,2023,England,home,Youngs,0,4,1,0,0,33,0,0,2,0,1,1,0,2,0,0,0,0,0,0,0,0,0
https://www.englandrugby.com/fixtures-and-results/match-centre/191122-england-new-zealand-autumn-match-centre#stats,930023,3,2023,England,home,Porter,0,18,2,0,0,1,0,0,0,0,0,0,0,0,0,0,0,0,0,0,0,0,0
https://www.englandrugby.com/fixtures-and-results/match-centre/191122-england-new-zealand-autumn-match-centre#stats,930023,3,2023,England,home,Slade,0,32,3,0,1,3,0,0,0,0,0,0,0,0,0,0,0,0,0,0,0,0,0
https://www.englandrugby.com/fixtures-and-results/match-centre/191122-england-new-zealand-autumn-match-centre#stats,930023,3,2023,N Zealand,away,Barrett,0,17,5,3,0,5,1,0,0,3,1,1,0,5,0,0,1,0,0,0,0,0,1
https://www.englandrugby.com/fixtures-and-results/match-centre/191122-england-new-zealand-autumn-match-centre#stats,930023,3,2023,N Zealand,away,Tele'a,0,55,8,1,0,2,1,0,0,0,5,0,1,0,0,0,0,0,0,0,1,0,0
https://www.englandrugby.com/fixtures-and-results/match-centre/191122-england-new-zealand-autumn-match-centre#stats,930023,3,2023,N Zealand,away,Ioane,1,98,7,2,0,2,1,3,0,5,10,3,0,0,0,0,0,0,0,0,2,0,0
https://www.englandrugby.com/fixtures-and-results/match-centre/191122-england-new-zealand-autumn-match-centre#stats,930023,3,2023,N Zealand,away,Clarke,0,42,5,2,3,2,0,2,1,0,6,1,0,1,0,0,0,0,0,0,1,0,0
https://www.englandrugby.com/fixtures-and-results/match-centre/191122-england-new-zealand-autumn-match-centre#stats,930023,3,2023,N Zealand,away,Mo'unga,0,45,11,8,1,10,1,3,0,0,9,2,0,3,0,0,0,0,0,0,0,0,0
https://www.englandrugby.com/fixtures-and-results/match-centre/191122-england-new-zealand-autumn-match-centre#stats,930023,3,2023,N Zealand,away,Smith,0,4,2,0,1,55,0,0,0,0,6,1,0,3,0,0,0,0,0,0,1,0,0
https://www.englandrugby.com/fixtures-and-results/match-centre/191122-england-new-zealand-autumn-match-centre#stats,930023,3,2023,N Zealand,away,Savea,0,13,4,1,0,2,0,0,0,0,16,0,2,0,0,0,0,0,0,0,1,0,0
https://www.englandrugby.com/fixtures-and-results/match-centre/191122-england-new-zealand-autumn-match-centre#stats,930023,3,2023,N Zealand,away,Papali'i,1,60,4,1,1,1,0,0,0,5,13,0,1,0,0,0,0,0,0,0,2,0,0
https://www.englandrugby.com/fixtures-and-results/match-centre/191122-england-new-zealand-autumn-match-centre#stats,930023,3,2023,N Zealand,away,Whitelock,0,24,6,1,0,2,0,0,0,0,16,2,0,0,0,0,0,0,1,0,1,0,0
https://www.englandrugby.com/fixtures-and-results/match-centre/191122-england-new-zealand-autumn-match-centre#stats,930023,3,2023,N Zealand,away,Retallick,0,0,7,0,0,3,0,0,0,0,16,1,3,0,0,0,0,0,5,0,2,0,0
https://www.englandrugby.com/fixtures-and-results/match-centre/191122-england-new-zealand-autumn-match-centre#stats,930023,3,2023,N Zealand,away,Lomax,0,0,2,0,0,0,0,0,0,0,6,1,0,0,0,0,0,0,0,0,1,0,0
https://www.englandrugby.com/fixtures-and-results/match-centre/191122-england-new-zealand-autumn-match-centre#stats,930023,3,2023,N Zealand,away,Taylor,1,6,7,0,0,2,0,0,0,5,10,0,0,0,0,0,0,5,0,0,1,0,0
https://www.englandrugby.com/fixtures-and-results/match-centre/191122-england-new-zealand-autumn-match-centre#stats,930023,3,2023,N Zealand,away,de Groot,0,2,5,0,0,3,0,0,0,0,7,0,0,0,0,0,0,0,0,0,0,0,0
https://www.englandrugby.com/fixtures-and-results/match-centre/191122-england-new-zealand-autumn-match-centre#stats,930023,3,2023,N Zealand,away,Taukei'aho,0,0,0,0,0,0,0,0,0,0,4,1,0,0,0,0,0,4,0,0,0,0,0
https://www.englandrugby.com/fixtures-and-results/match-centre/191122-england-new-zealand-autumn-match-centre#stats,930023,3,2023,N Zealand,away,Bower,0,0,1,0,0,0,0,0,0,0,4,1,0,0,0,0,0,0,0,0,0,0,0
https://www.englandrugby.com/fixtures-and-results/match-centre/191122-england-new-zealand-autumn-match-centre#stats,930023,3,2023,N Zealand,away,Laulala,0,0,0,0,0,0,0,0,0,0,2,2,0,0,0,0,0,0,0,0,0,0,0
https://www.englandrugby.com/fixtures-and-results/match-centre/191122-england-new-zealand-autumn-match-centre#stats,930023,3,2023,N Zealand,away,Frizell,0,4,2,0,0,0,0,0,0,0,1,0,0,0,0,0,0,0,1,0,0,0,0
https://www.englandrugby.com/fixtures-and-results/match-centre/191122-england-new-zealand-autumn-match-centre#stats,930023,3,2023,N Zealand,away,Sotutu,0,0,0,0,0,0,0,0,0,0,4,0,0,0,0,0,0,0,0,0,0,0,0
https://www.englandrugby.com/fixtures-and-results/match-centre/191122-england-new-zealand-autumn-match-centre#stats,930023,3,2023,N Zealand,away,Perenara,0,0,0,0,0,9,0,0,0,0,1,0,0,1,0,0,0,0,0,0,0,0,0
https://www.englandrugby.com/fixtures-and-results/match-centre/191122-england-new-zealand-autumn-match-centre#stats,930023,3,2023,N Zealand,away,Havili,0,0,0,0,0,0,0,0,0,0,0,0,0,0,0,0,0,0,0,0,0,0,0
https://www.englandrugby.com/fixtures-and-results/match-centre/191122-england-new-zealand-autumn-match-centre#stats,930023,3,2023,N Zealand,away,Lienert-Brown,0,0,0,0,0,0,0,0,0,0,3,0,0,0,0,0,0,0,0,0,0,0,0
https://www.englandrugby.com/fixtures-and-results/match-centre/20220702-australia-england-tour-match-centre#stats,931078,3,2022,Australia,home,Banks,0,1,2,0,0,0,0,1,0,0,2,0,0,0,0,0,0,0,0,0,0,0,0
https://www.englandrugby.com/fixtures-and-results/match-centre/20220702-australia-england-tour-match-centre#stats,931078,3,2022,Australia,home,Kellaway,0,18,8,3,0,6,2,0,1,0,1,1,0,2,0,0,0,0,0,0,0,0,0
https://www.englandrugby.com/fixtures-and-results/match-centre/20220702-australia-england-tour-match-centre#stats,931078,3,2022,Australia,home,Ikitau,0,7,3,1,0,4,0,0,0,0,6,2,0,1,0,0,0,0,0,0,0,0,0
https://www.englandrugby.com/fixtures-and-results/match-centre/20220702-australia-england-tour-match-centre#stats,931078,3,2022,Australia,home,Kerevi,0,39,15,2,0,4,1,1,0,0,6,3,0,4,0,0,0,0,2,0,0,0,0
https://www.englandrugby.com/fixtures-and-results/match-centre/20220702-australia-england-tour-match-centre#stats,931078,3,2022,Australia,home,Koroibete,0,74,11,2,0,7,3,1,0,0,4,1,0,0,0,0,0,0,0,0,0,0,0
https://www.englandrugby.com/fixtures-and-results/match-centre/20220702-australia-england-tour-match-centre#stats,931078,3,2022,Australia,home,Lolesio,0,9,5,1,0,15,3,0,0,15,11,2,0,2,3,3,0,0,0,0,3,0,1
https://www.englandrugby.com/fixtures-and-results/match-centre/20220702-australia-england-tour-match-centre#stats,931078,3,2022,Australia,home,White,0,13,5,2,0,43,0,0,0,0,2,4,2,7,0,0,0,1,0,0,0,0,0
https://www.englandrugby.com/fixtures-and-results/match-centre/20220702-australia-england-tour-match-centre#stats,931078,3,2022,Australia,home,Valetini,0,15,5,2,0,0,0,1,0,0,13,0,1,0,0,0,0,0,0,0,0,0,0
https://www.englandrugby.com/fixtures-and-results/match-centre/20220702-australia-england-tour-match-centre#stats,931078,3,2022,Australia,home,Hooper,0,7,4,0,0,4,0,2,0,0,14,4,1,0,0,0,0,0,0,0,2,0,0
https://www.englandrugby.com/fixtures-and-results/match-centre/20220702-australia-england-tour-match-centre#stats,931078,3,2022,Australia,home,Leota,0,3,5,0,0,4,0,1,0,0,10,0,0,0,0,0,0,0,2,0,1,0,0
https://www.englandrugby.com/fixtures-and-results/match-centre/20220702-australia-england-tour-match-centre#stats,931078,3,2022,Australia,home,Neville,0,10,5,0,0,1,0,0,0,0,17,0,0,0,0,0,0,0,3,0,0,0,0
https://www.englandrugby.com/fixtures-and-results/match-centre/20220702-australia-england-tour-match-centre#stats,931078,3,2022,Australia,home,Swain,0,0,1,0,0,2,0,1,0,0,7,0,0,0,0,0,0,0,1,1,1,1,0
https://www.englandrugby.com/fixtures-and-results/match-centre/20220702-australia-england-tour-match-centre#stats,931078,3,2022,Australia,home,Alaalatoa,0,0,0,0,0,0,0,0,0,0,3,0,0,0,0,0,0,0,0,0,2,0,0
https://www.englandrugby.com/fixtures-and-results/match-centre/20220702-australia-england-tour-match-centre#stats,931078,3,2022,Australia,home,Porecki,0,20,6,0,0,1,0,0,0,0,16,1,1,0,0,0,0,6,0,0,1,0,0
https://www.englandrugby.com/fixtures-and-results/match-centre/20220702-australia-england-tour-match-centre#stats,931078,3,2022,Australia,home,Bell,0,19,2,1,1,6,1,0,0,0,9,0,1,0,0,0,0,0,1,0,1,0,0
https://www.englandrugby.com/fixtures-and-results/match-centre/20220702-australia-england-tour-match-centre#stats,931078,3,2022,Australia,home,Fainga'a,1,4,1,0,0,0,0,0,0,5,2,1,0,0,0,0,0,4,0,0,0,0,0
https://www.englandrugby.com/fixtures-and-results/match-centre/20220702-australia-england-tour-match-centre#stats,931078,3,2022,Australia,home,Sio,0,6,2,0,0,2,0,0,0,0,5,0,0,0,0,0,0,0,0,0,0,0,0
https://www.englandrugby.com/fixtures-and-results/match-centre/20220702-australia-england-tour-match-centre#stats,931078,3,2022,Australia,home,Slipper,0,1,5,0,0,2,0,0,0,0,3,2,0,0,0,0,0,0,0,0,1,0,0
https://www.englandrugby.com/fixtures-and-results/match-centre/20220702-australia-england-tour-match-centre#stats,931078,3,2022,Australia,home,Philip,0,10,5,0,0,1,0,1,0,0,5,0,0,0,0,0,0,0,0,0,0,0,0
https://www.englandrugby.com/fixtures-and-results/match-centre/20220702-australia-england-tour-match-centre#stats,931078,3,2022,Australia,home,Samu,1,5,2,2,0,0,0,0,0,5,2,0,1,0,0,0,0,0,1,0,0,0,0
https://www.englandrugby.com/fixtures-and-results/match-centre/20220702-australia-england-tour-match-centre#stats,931078,3,2022,Australia,home,Gordon,0,1,1,0,0,10,0,0,1,0,2,0,0,0,0,0,0,0,0,0,0,0,0
https://www.englandrugby.com/fixtures-and-results/match-centre/20220702-australia-england-tour-match-centre#stats,931078,3,2022,Australia,home,O'Connor,0,0,0,0,0,0,0,0,0,0,0,1,0,0,0,0,0,0,0,0,0,0,0
https://www.englandrugby.com/fixtures-and-results/match-centre/20220702-australia-england-tour-match-centre#stats,931078,3,2022,Australia,home,Petaia,1,6,1,1,1,1,0,0,0,5,5,0,1,2,0,0,0,0,1,0,1,0,0
https://www.englandrugby.com/fixtures-and-results/match-centre/20220702-australia-england-tour-match-centre#stats,931078,3,2022,England,away,Steward,0,37,15,2,0,5,0,1,1,0,0,1,0,2,0,0,0,0,0,0,0,0,0
https://www.englandrugby.com/fixtures-and-results/match-centre/20220702-australia-england-tour-match-centre#stats,931078,3,2022,England,away,Nowell,0,46,8,5,1,4,2,0,0,0,11,0,0,1,0,0,0,0,0,0,0,0,0
https://www.englandrugby.com/fixtures-and-results/match-centre/20220702-australia-england-tour-match-centre#stats,931078,3,2022,England,away,Marchant,0,12,4,1,0,2,0,0,0,0,3,0,0,1,0,0,0,0,0,0,0,0,0
https://www.englandrugby.com/fixtures-and-results/match-centre/20220702-australia-england-tour-match-centre#stats,931078,3,2022,England,away,Farrell,0,4,2,0,0,18,0,1,0,13,6,2,1,3,2,3,0,0,0,0,0,0,0
https://www.englandrugby.com/fixtures-and-results/match-centre/20220702-australia-england-tour-match-centre#stats,931078,3,2022,England,away,Cokanasiga,0,21,5,2,0,1,0,0,0,0,5,0,0,0,0,0,0,0,0,0,0,0,0
https://www.englandrugby.com/fixtures-and-results/match-centre/20220702-australia-england-tour-match-centre#stats,931078,3,2022,England,away,Smith,0,2,4,0,0,23,0,1,0,0,8,3,0,6,0,0,0,0,0,0,0,0,0
https://www.englandrugby.com/fixtures-and-results/match-centre/20220702-australia-england-tour-match-centre#stats,931078,3,2022,England,away,Care,0,17,4,0,0,66,1,1,0,0,5,1,0,5,0,0,0,0,0,0,0,0,0
https://www.englandrugby.com/fixtures-and-results/match-centre/20220702-australia-england-tour-match-centre#stats,931078,3,2022,England,away,Vunipola,0,34,11,0,0,9,1,1,0,0,5,0,0,0,0,0,0,0,0,0,2,0,1
https://www.englandrugby.com/fixtures-and-results/match-centre/20220702-australia-england-tour-match-centre#stats,931078,3,2022,England,away,Curry,0,28,3,1,1,4,0,0,0,0,7,1,1,0,0,0,0,0,0,0,1,0,0
https://www.englandrugby.com/fixtures-and-results/match-centre/20220702-australia-england-tour-match-centre#stats,931078,3,2022,England,away,Lawes,0,20,6,0,0,5,1,0,0,0,12,1,0,0,0,0,0,0,3,0,1,0,0
https://www.englandrugby.com/fixtures-and-results/match-centre/20220702-australia-england-tour-match-centre#stats,931078,3,2022,England,away,Hill,0,8,3,0,0,4,0,0,0,0,5,1,1,0,0,0,0,0,4,1,1,0,1
https://www.englandrugby.com/fixtures-and-results/match-centre/20220702-australia-england-tour-match-centre#stats,931078,3,2022,England,away,Itoje,0,2,3,0,0,3,0,1,0,0,11,2,1,0,0,0,0,0,5,0,1,0,0
https://www.englandrugby.com/fixtures-and-results/match-centre/20220702-australia-england-tour-match-centre#stats,931078,3,2022,England,away,Stuart,0,22,9,0,0,2,0,0,0,0,6,2,0,0,0,0,0,0,0,0,1,0,0
https://www.englandrugby.com/fixtures-and-results/match-centre/20220702-australia-england-tour-match-centre#stats,931078,3,2022,England,away,George,0,6,5,1,0,1,0,1,0,0,8,0,2,0,0,0,0,11,0,0,0,0,0
https://www.englandrugby.com/fixtures-and-results/match-centre/20220702-australia-england-tour-match-centre#stats,931078,3,2022,England,away,Genge,1,8,10,2,0,4,0,1,0,5,6,1,0,0,0,0,0,0,0,0,3,0,0
https://www.englandrugby.com/fixtures-and-results/match-centre/20220702-australia-england-tour-match-centre#stats,931078,3,2022,England,away,Cowan-Dickie,0,3,2,0,0,0,0,0,0,0,3,1,0,0,0,0,0,1,0,0,0,0,0
https://www.englandrugby.com/fixtures-and-results/match-centre/20220702-australia-england-tour-match-centre#stats,931078,3,2022,England,away,Heyes,0,1,1,0,0,1,0,0,0,0,0,0,0,0,0,0,0,0,0,0,0,0,0
https://www.englandrugby.com/fixtures-and-results/match-centre/20220702-australia-england-tour-match-centre#stats,931078,3,2022,England,away,Chessum,0,12,3,0,0,0,0,0,0,0,2,0,1,0,0,0,0,0,0,0,1,0,0
https://www.englandrugby.com/fixtures-and-results/match-centre/20220702-australia-england-tour-match-centre#stats,931078,3,2022,England,away,Ludlam,0,26,6,2,0,2,0,0,0,0,9,1,0,0,0,0,0,0,0,0,1,0,0
https://www.englandrugby.com/fixtures-and-results/match-centre/20220702-australia-england-tour-match-centre#stats,931078,3,2022,England,away,van Poortvliet,1,3,1,0,0,4,0,0,0,5,0,0,0,0,0,0,0,0,0,0,0,0,0
https://www.englandrugby.com/fixtures-and-results/match-centre/20220702-australia-england-tour-match-centre#stats,931078,3,2022,England,away,Porter,0,0,0,0,0,0,0,0,0,0,0,0,0,0,0,0,0,0,0,0,0,0,0
https://www.englandrugby.com/fixtures-and-results/match-centre/20220702-australia-england-tour-match-centre#stats,931078,3,2022,England,away,Arundell,1,54,2,4,2,0,0,0,0,5,2,0,0,0,0,0,0,0,0,0,0,0,0
https://www.englandrugby.com/fixtures-and-results/match-centre/20220226-england-vs-wales#stats,921093,209,2022,England,home,Steward,0,90,12,2,0,2,0,1,0,0,1,1,0,1,0,0,0,0,0,0,0,0,0
https://www.englandrugby.com/fixtures-and-results/match-centre/20220226-england-vs-wales#stats,921093,209,2022,England,home,Malins,0,32,7,3,0,2,1,3,0,0,7,0,0,0,0,0,0,0,0,0,0,0,0
https://www.englandrugby.com/fixtures-and-results/match-centre/20220226-england-vs-wales#stats,921093,209,2022,England,home,Daly,0,14,3,0,1,3,0,1,0,0,8,3,0,1,0,0,0,0,0,0,0,0,0
https://www.englandrugby.com/fixtures-and-results/match-centre/20220226-england-vs-wales#stats,921093,209,2022,England,home,Slade,0,16,6,4,0,9,0,0,0,0,9,2,0,1,0,0,0,0,0,0,0,0,0
https://www.englandrugby.com/fixtures-and-results/match-centre/20220226-england-vs-wales#stats,921093,209,2022,England,home,Nowell,0,49,6,2,0,2,0,0,0,0,10,1,1,1,0,0,0,1,1,0,0,0,0
https://www.englandrugby.com/fixtures-and-results/match-centre/20220226-england-vs-wales#stats,921093,209,2022,England,home,Smith,0,20,7,2,0,31,2,0,0,18,11,4,0,6,0,6,0,0,0,0,0,0,0
https://www.englandrugby.com/fixtures-and-results/match-centre/20220226-england-vs-wales#stats,921093,209,2022,England,home,Randall,0,8,5,0,0,60,2,0,0,0,3,0,0,10,0,0,0,0,0,0,0,0,0
https://www.englandrugby.com/fixtures-and-results/match-centre/20220226-england-vs-wales#stats,921093,209,2022,England,home,Dombrandt,1,61,16,4,0,3,0,2,0,5,12,0,2,0,0,0,0,0,0,1,1,0,0
https://www.englandrugby.com/fixtures-and-results/match-centre/20220226-england-vs-wales#stats,921093,209,2022,England,home,Curry,0,2,2,0,0,3,0,1,0,0,8,1,1,0,0,0,0,0,0,0,0,0,0
https://www.englandrugby.com/fixtures-and-results/match-centre/20220226-england-vs-wales#stats,921093,209,2022,England,home,Lawes,0,16,9,1,0,4,0,0,0,0,13,1,0,0,0,0,0,0,1,0,1,0,0
https://www.englandrugby.com/fixtures-and-results/match-centre/20220226-england-vs-wales#stats,921093,209,2022,England,home,Itoje,0,29,11,0,0,9,1,1,0,0,11,1,4,0,0,0,0,0,3,0,0,0,0
https://www.englandrugby.com/fixtures-and-results/match-centre/20220226-england-vs-wales#stats,921093,209,2022,England,home,Ewels,0,20,11,0,0,2,0,1,0,0,6,0,0,0,0,0,0,0,0,1,1,0,0
https://www.englandrugby.com/fixtures-and-results/match-centre/20220226-england-vs-wales#stats,921093,209,2022,England,home,Sinckler,0,10,11,0,0,4,0,1,0,0,8,0,0,0,0,0,0,0,0,0,2,0,0
https://www.englandrugby.com/fixtures-and-results/match-centre/20220226-england-vs-wales#stats,921093,209,2022,England,home,Cowan-Dickie,0,2,3,0,0,0,0,0,0,0,0,0,1,0,0,0,0,2,0,0,1,0,0
https://www.englandrugby.com/fixtures-and-results/match-centre/20220226-england-vs-wales#stats,921093,209,2022,England,home,Genge,0,26,13,1,1,3,0,0,0,0,8,1,0,0,0,0,0,0,0,0,3,0,0
https://www.englandrugby.com/fixtures-and-results/match-centre/20220226-england-vs-wales#stats,921093,209,2022,England,home,George,0,7,3,0,0,1,0,0,0,0,12,2,0,0,0,0,0,3,0,0,1,0,0
https://www.englandrugby.com/fixtures-and-results/match-centre/20220226-england-vs-wales#stats,921093,209,2022,England,home,Marler,0,2,1,0,0,0,0,0,0,0,2,0,0,0,0,0,0,0,0,0,1,0,0
https://www.englandrugby.com/fixtures-and-results/match-centre/20220226-england-vs-wales#stats,921093,209,2022,England,home,Stuart,0,0,0,0,0,0,0,0,0,0,9,0,0,0,0,0,0,0,0,0,0,0,0
https://www.englandrugby.com/fixtures-and-results/match-centre/20220226-england-vs-wales#stats,921093,209,2022,England,home,Isiekwe,0,0,0,0,0,0,0,0,0,0,7,1,0,0,0,0,0,0,0,0,0,0,0
https://www.englandrugby.com/fixtures-and-results/match-centre/20220226-england-vs-wales#stats,921093,209,2022,England,home,Simmonds,0,5,5,0,0,1,0,1,0,0,12,2,0,0,0,0,0,0,0,0,0,0,0
https://www.englandrugby.com/fixtures-and-results/match-centre/20220226-england-vs-wales#stats,921093,209,2022,England,home,Youngs,0,4,1,0,0,23,0,0,0,0,1,0,0,4,0,0,0,0,0,0,0,0,0
https://www.englandrugby.com/fixtures-and-results/match-centre/20220226-england-vs-wales#stats,921093,209,2022,England,home,Ford,0,0,0,0,0,0,0,0,0,0,0,0,0,0,0,0,0,0,0,0,0,0,0
https://www.englandrugby.com/fixtures-and-results/match-centre/20220226-england-vs-wales#stats,921093,209,2022,England,home,Marchant,0,0,0,0,0,0,0,0,0,0,6,0,0,0,0,0,0,0,0,0,1,0,0
https://www.englandrugby.com/fixtures-and-results/match-centre/20220226-england-vs-wales#stats,921093,209,2022,Wales,away,Williams,0,67,12,0,1,6,2,2,0,0,0,1,0,2,0,0,0,0,0,0,1,0,1
https://www.englandrugby.com/fixtures-and-results/match-centre/20220226-england-vs-wales#stats,921093,209,2022,Wales,away,Cuthbert,0,146,17,7,2,4,2,2,0,0,2,1,0,1,0,0,0,0,0,0,3,0,0
https://www.englandrugby.com/fixtures-and-results/match-centre/20220226-england-vs-wales#stats,921093,209,2022,Wales,away,Watkin,0,2,4,0,0,4,1,1,0,0,9,1,1,0,0,0,0,0,0,0,0,0,0
https://www.englandrugby.com/fixtures-and-results/match-centre/20220226-england-vs-wales#stats,921093,209,2022,Wales,away,Tompkins,1,16,12,0,0,15,1,0,0,5,8,2,0,2,0,0,0,0,0,0,0,0,0
https://www.englandrugby.com/fixtures-and-results/match-centre/20220226-england-vs-wales#stats,921093,209,2022,Wales,away,Adams,1,63,11,6,1,7,2,0,0,5,3,2,0,1,0,0,0,0,0,0,0,0,0
https://www.englandrugby.com/fixtures-and-results/match-centre/20220226-england-vs-wales#stats,921093,209,2022,Wales,away,Biggar,0,0,3,0,0,47,0,0,1,4,11,2,0,5,2,0,0,0,0,0,0,0,0
https://www.englandrugby.com/fixtures-and-results/match-centre/20220226-england-vs-wales#stats,921093,209,2022,Wales,away,Faletau,0,29,13,2,0,4,1,1,0,0,19,0,1,0,0,0,0,0,0,0,0,0,0
https://www.englandrugby.com/fixtures-and-results/match-centre/20220226-england-vs-wales#stats,921093,209,2022,Wales,away,Basham,0,27,6,0,0,1,0,0,0,0,14,2,1,0,0,0,0,0,0,0,1,0,0
https://www.englandrugby.com/fixtures-and-results/match-centre/20220226-england-vs-wales#stats,921093,209,2022,Wales,away,Moriarty,0,17,8,2,0,6,0,3,0,0,9,1,0,0,0,0,0,0,6,0,3,0,0
https://www.englandrugby.com/fixtures-and-results/match-centre/20220226-england-vs-wales#stats,921093,209,2022,Wales,away,Beard,0,5,6,0,0,5,0,0,0,0,13,1,0,0,0,0,0,0,3,0,2,0,0
https://www.englandrugby.com/fixtures-and-results/match-centre/20220226-england-vs-wales#stats,921093,209,2022,Wales,away,Rowlands,0,15,14,0,0,4,1,0,0,0,11,0,0,0,0,0,0,0,2,2,1,0,0
https://www.englandrugby.com/fixtures-and-results/match-centre/20220226-england-vs-wales#stats,921093,209,2022,Wales,away,Francis,0,0,0,0,0,2,0,0,0,0,11,2,0,0,0,0,0,0,1,0,0,0,0
https://www.englandrugby.com/fixtures-and-results/match-centre/20220226-england-vs-wales#stats,921093,209,2022,Wales,away,Elias,0,8,6,0,0,3,0,0,0,0,20,1,0,0,0,0,0,12,0,0,0,0,0
https://www.englandrugby.com/fixtures-and-results/match-centre/20220226-england-vs-wales#stats,921093,209,2022,Wales,away,Jones,0,0,1,0,0,2,1,0,0,0,12,0,0,0,0,0,0,0,0,0,0,0,0
https://www.englandrugby.com/fixtures-and-results/match-centre/20220226-england-vs-wales#stats,921093,209,2022,Wales,away,Lake,0,4,6,0,0,0,0,1,0,0,2,0,1,0,0,0,0,2,0,0,0,0,0
https://www.englandrugby.com/fixtures-and-results/match-centre/20220226-england-vs-wales#stats,921093,209,2022,Wales,away,Thomas,0,3,9,0,0,1,0,2,0,0,5,0,1,0,0,0,0,0,0,0,1,0,0
https://www.englandrugby.com/fixtures-and-results/match-centre/20220226-england-vs-wales#stats,921093,209,2022,Wales,away,Brown,0,1,4,0,0,0,0,0,0,0,8,0,0,0,0,0,0,0,0,0,1,0,0
https://www.englandrugby.com/fixtures-and-results/match-centre/20220226-england-vs-wales#stats,921093,209,2022,Wales,away,Davies,0,2,4,2,0,3,1,0,0,0,0,0,0,0,0,0,0,0,2,0,0,0,0
https://www.englandrugby.com/fixtures-and-results/match-centre/20220226-england-vs-wales#stats,921093,209,2022,Wales,away,Morgan,0,21,3,0,0,1,1,0,0,0,3,1,0,0,0,0,0,0,0,0,0,0,0
https://www.englandrugby.com/fixtures-and-results/match-centre/20220226-england-vs-wales#stats,921093,209,2022,Wales,away,Hardy,1,7,2,0,0,40,0,0,0,5,2,0,0,0,0,0,0,0,0,0,0,0,0
https://www.englandrugby.com/fixtures-and-results/match-centre/20220226-england-vs-wales#stats,921093,209,2022,Wales,away,Anscombe,0,3,4,0,0,6,1,0,0,0,0,1,0,1,0,0,0,0,0,0,0,0,0
https://www.englandrugby.com/fixtures-and-results/match-centre/20191102-england-south-africa-world-cup-final#stats,101596,210,2020,England,home,Daly,0,7,9,1,0,7,0,2,0,0,4,1,1,4,0,0,0,0,0,0,0,0,0
https://www.englandrugby.com/fixtures-and-results/match-centre/20191102-england-south-africa-world-cup-final#stats,101596,210,2020,England,home,Watson,0,30,5,1,1,0,0,1,0,0,2,0,0,0,0,0,0,0,0,0,1,0,0
https://www.englandrugby.com/fixtures-and-results/match-centre/20191102-england-south-africa-world-cup-final#stats,101596,210,2020,England,home,Tuilagi,0,13,8,1,0,2,1,1,0,0,3,0,0,0,0,0,0,0,0,0,1,0,0
https://www.englandrugby.com/fixtures-and-results/match-centre/20191102-england-south-africa-world-cup-final#stats,101596,210,2020,England,home,Farrell,0,17,7,1,0,16,0,1,0,12,10,2,0,3,0,4,0,0,0,0,1,0,0
https://www.englandrugby.com/fixtures-and-results/match-centre/20191102-england-south-africa-world-cup-final#stats,101596,210,2020,England,home,May,0,38,8,2,1,2,2,0,0,0,4,0,1,0,0,0,0,0,0,0,0,0,0
https://www.englandrugby.com/fixtures-and-results/match-centre/20191102-england-south-africa-world-cup-final#stats,101596,210,2020,England,home,Ford,0,0,2,0,0,19,1,1,0,0,3,2,0,5,0,0,0,0,0,0,0,0,0
https://www.englandrugby.com/fixtures-and-results/match-centre/20191102-england-south-africa-world-cup-final#stats,101596,210,2020,England,home,Youngs,0,14,5,3,0,78,1,1,0,0,5,1,0,8,0,0,0,0,0,0,0,0,0
https://www.englandrugby.com/fixtures-and-results/match-centre/20191102-england-south-africa-world-cup-final#stats,101596,210,2020,England,home,Vunipola,0,23,19,0,0,9,3,1,0,0,4,2,0,0,0,0,0,0,0,0,1,0,0
https://www.englandrugby.com/fixtures-and-results/match-centre/20191102-england-south-africa-world-cup-final#stats,101596,210,2020,England,home,Underhill,0,15,4,1,0,0,0,0,0,0,7,0,1,0,0,0,0,0,0,0,0,0,0
https://www.englandrugby.com/fixtures-and-results/match-centre/20191102-england-south-africa-world-cup-final#stats,101596,210,2020,England,home,Curry,0,3,11,1,0,3,1,2,0,0,5,0,1,0,0,0,0,0,0,0,0,0,0
https://www.englandrugby.com/fixtures-and-results/match-centre/20191102-england-south-africa-world-cup-final#stats,101596,210,2020,England,home,Lawes,0,9,9,0,0,2,0,1,0,0,4,0,0,0,0,0,0,0,4,0,1,0,0
https://www.englandrugby.com/fixtures-and-results/match-centre/20191102-england-south-africa-world-cup-final#stats,101596,210,2020,England,home,Itoje,0,0,5,1,0,2,1,1,0,0,16,1,1,0,0,0,0,0,0,0,0,0,0
https://www.englandrugby.com/fixtures-and-results/match-centre/20191102-england-south-africa-world-cup-final#stats,101596,210,2020,England,home,Sinckler,0,0,0,0,0,0,0,0,0,0,2,0,0,0,0,0,0,0,0,0,0,0,0
https://www.englandrugby.com/fixtures-and-results/match-centre/20191102-england-south-africa-world-cup-final#stats,101596,210,2020,England,home,George,0,2,4,0,0,3,0,1,0,0,5,0,0,0,0,0,0,5,0,0,0,0,0
https://www.englandrugby.com/fixtures-and-results/match-centre/20191102-england-south-africa-world-cup-final#stats,101596,210,2020,England,home,Cowan-Dickie,0,2,4,1,0,1,1,0,0,0,3,0,0,0,0,0,0,2,0,0,0,0,0
https://www.englandrugby.com/fixtures-and-results/match-centre/20191102-england-south-africa-world-cup-final#stats,101596,210,2020,England,home,Marler,0,1,1,0,0,0,0,0,0,0,3,1,0,0,0,0,0,0,0,0,0,0,0
https://www.englandrugby.com/fixtures-and-results/match-centre/20191102-england-south-africa-world-cup-final#stats,101596,210,2020,England,home,Cole,0,2,2,0,0,1,1,0,0,0,4,0,0,0,0,0,0,0,0,0,4,0,0
https://www.englandrugby.com/fixtures-and-results/match-centre/20191102-england-south-africa-world-cup-final#stats,101596,210,2020,England,home,Kruis,0,3,4,0,0,0,0,0,0,0,3,0,0,0,0,0,0,0,3,0,0,0,0
https://www.englandrugby.com/fixtures-and-results/match-centre/20191102-england-south-africa-world-cup-final#stats,101596,210,2020,England,home,Wilson,0,3,2,0,0,0,0,0,0,0,5,1,0,0,0,0,0,0,0,0,0,0,0
https://www.englandrugby.com/fixtures-and-results/match-centre/20191102-england-south-africa-world-cup-final#stats,101596,210,2020,England,home,Spencer,0,0,0,0,0,4,0,0,0,0,1,1,0,0,0,0,0,0,0,0,0,0,0
https://www.englandrugby.com/fixtures-and-results/match-centre/20191102-england-south-africa-world-cup-final#stats,101596,210,2020,England,home,Slade,0,12,3,0,0,1,0,1,0,0,2,0,0,1,0,0,0,0,0,0,0,0,0
https://www.englandrugby.com/fixtures-and-results/match-centre/20191102-england-south-africa-world-cup-final#stats,101596,210,2020,England,home,Joseph,0,5,2,1,0,2,0,0,0,0,1,0,0,0,0,0,0,0,0,0,0,0,0
https://www.englandrugby.com/fixtures-and-results/match-centre/20191102-england-south-africa-world-cup-final#stats,101596,210,2020,S Africa,away,le Roux,0,8,7,1,1,4,1,1,0,0,4,0,0,5,0,0,0,0,0,0,0,0,0
https://www.englandrugby.com/fixtures-and-results/match-centre/20191102-england-south-africa-world-cup-final#stats,101596,210,2020,S Africa,away,Kolbe,1,50,4,5,2,1,0,1,0,5,6,0,1,0,0,0,0,0,0,0,1,0,0
https://www.englandrugby.com/fixtures-and-results/match-centre/20191102-england-south-africa-world-cup-final#stats,101596,210,2020,S Africa,away,Am,0,56,5,3,3,4,1,1,1,0,6,2,0,1,0,0,0,0,0,0,0,0,0
https://www.englandrugby.com/fixtures-and-results/match-centre/20191102-england-south-africa-world-cup-final#stats,101596,210,2020,S Africa,away,de Allende,0,56,12,1,1,6,0,0,0,0,7,2,1,0,0,0,0,0,0,0,0,0,0
https://www.englandrugby.com/fixtures-and-results/match-centre/20191102-england-south-africa-world-cup-final#stats,101596,210,2020,S Africa,away,Mapimpi,1,45,7,1,2,0,0,1,0,5,5,0,1,1,0,0,0,0,0,0,0,0,0
https://www.englandrugby.com/fixtures-and-results/match-centre/20191102-england-south-africa-world-cup-final#stats,101596,210,2020,S Africa,away,Pollard,0,67,8,1,1,10,0,2,0,22,6,1,0,9,2,6,0,0,0,0,1,0,0
https://www.englandrugby.com/fixtures-and-results/match-centre/20191102-england-south-africa-world-cup-final#stats,101596,210,2020,S Africa,away,de Klerk,0,0,0,0,0,47,0,0,0,0,6,4,0,9,0,0,0,0,0,0,1,0,0
https://www.englandrugby.com/fixtures-and-results/match-centre/20191102-england-south-africa-world-cup-final#stats,101596,210,2020,S Africa,away,Vermeulen,0,46,11,0,0,0,0,1,0,0,8,1,2,0,0,0,0,0,0,0,0,0,0
https://www.englandrugby.com/fixtures-and-results/match-centre/20191102-england-south-africa-world-cup-final#stats,101596,210,2020,S Africa,away,du Toit,0,2,4,0,0,2,0,1,1,0,11,1,1,0,0,0,0,0,0,0,1,0,0
https://www.englandrugby.com/fixtures-and-results/match-centre/20191102-england-south-africa-world-cup-final#stats,101596,210,2020,S Africa,away,Kolisi,0,7,3,0,0,2,0,1,0,0,13,0,0,0,0,0,0,0,0,0,0,0,0
https://www.englandrugby.com/fixtures-and-results/match-centre/20191102-england-south-africa-world-cup-final#stats,101596,210,2020,S Africa,away,de Jager,0,0,1,0,0,1,0,0,0,0,6,0,0,0,0,0,0,0,0,0,0,0,0
https://www.englandrugby.com/fixtures-and-results/match-centre/20191102-england-south-africa-world-cup-final#stats,101596,210,2020,S Africa,away,Etzebeth,0,11,5,0,0,2,1,0,0,0,13,1,0,0,0,0,0,0,5,0,0,0,0
https://www.englandrugby.com/fixtures-and-results/match-centre/20191102-england-south-africa-world-cup-final#stats,101596,210,2020,S Africa,away,Malherbe,0,0,1,0,0,0,0,0,0,0,11,1,0,0,0,0,0,0,0,0,0,0,0
https://www.englandrugby.com/fixtures-and-results/match-centre/20191102-england-south-africa-world-cup-final#stats,101596,210,2020,S Africa,away,Mbonambi,0,0,1,0,0,1,1,0,0,0,3,0,0,0,0,0,0,2,0,0,0,0,0
https://www.englandrugby.com/fixtures-and-results/match-centre/20191102-england-south-africa-world-cup-final#stats,101596,210,2020,S Africa,away,Mtawarira,0,4,2,0,0,1,0,0,0,0,8,0,0,0,0,0,0,0,0,0,1,0,0
https://www.englandrugby.com/fixtures-and-results/match-centre/20191102-england-south-africa-world-cup-final#stats,101596,210,2020,S Africa,away,Marx,0,4,2,0,0,1,0,0,0,0,11,0,1,0,0,0,0,4,0,0,2,0,0
https://www.englandrugby.com/fixtures-and-results/match-centre/20191102-england-south-africa-world-cup-final#stats,101596,210,2020,S Africa,away,Kitshoff,0,10,4,0,1,0,0,0,0,0,2,0,0,0,0,0,0,0,0,0,0,0,0
https://www.englandrugby.com/fixtures-and-results/match-centre/20191102-england-south-africa-world-cup-final#stats,101596,210,2020,S Africa,away,Koch,0,0,3,0,0,0,0,0,0,0,9,0,0,0,0,0,0,0,0,0,1,0,0
https://www.englandrugby.com/fixtures-and-results/match-centre/20191102-england-south-africa-world-cup-final#stats,101596,210,2020,S Africa,away,Snyman,0,3,4,0,0,1,0,0,0,0,3,1,0,0,0,0,0,0,1,0,0,0,0
https://www.englandrugby.com/fixtures-and-results/match-centre/20191102-england-south-africa-world-cup-final#stats,101596,210,2020,S Africa,away,Mostert,0,0,5,0,0,2,0,0,0,0,15,0,0,0,0,0,0,0,0,0,0,0,0
https://www.englandrugby.com/fixtures-and-results/match-centre/20191102-england-south-africa-world-cup-final#stats,101596,210,2020,S Africa,away,Louw,0,0,0,0,0,0,0,0,0,0,3,0,0,0,0,0,0,0,0,0,0,0,0
https://www.englandrugby.com/fixtures-and-results/match-centre/20191102-england-south-africa-world-cup-final#stats,101596,210,2020,S Africa,away,Jantjies,0,0,0,0,0,12,0,0,0,0,0,0,0,0,0,0,0,0,0,0,0,0,0
https://www.englandrugby.com/fixtures-and-results/match-centre/20191102-england-south-africa-world-cup-final#stats,101596,210,2020,S Africa,away,Steyn,0,0,0,0,0,0,0,0,0,0,2,0,0,1,0,0,0,0,0,0,0,0,0
https://www.englandrugby.com/fixtures-and-results/match-centre-elite?matchId=7470&competitionId=3&seasonId=2015#stats,7470,3,2015,England,home,Brown,0,25,13,2,0,4,0,1,0,0,6,2,0,4,0,0,0,0,0,0,1,0,0
https://www.englandrugby.com/fixtures-and-results/match-centre-elite?matchId=7470&competitionId=3&seasonId=2015#stats,7470,3,2015,England,home,Rokoduguni,0,7,5,0,0,3,1,1,0,0,4,2,1,0,0,0,0,0,0,0,0,0,0
https://www.englandrugby.com/fixtures-and-results/match-centre-elite?matchId=7470&competitionId=3&seasonId=2015#stats,7470,3,2015,England,home,Barritt,0,2,3,0,0,4,0,0,0,0,14,3,0,0,0,0,0,0,0,0,0,0,0
https://www.englandrugby.com/fixtures-and-results/match-centre-elite?matchId=7470&competitionId=3&seasonId=2015#stats,7470,3,2015,England,home,Eastmond,0,4,3,0,0,3,0,0,0,0,9,1,1,2,0,0,0,0,0,0,2,0,0
https://www.englandrugby.com/fixtures-and-results/match-centre-elite?matchId=7470&competitionId=3&seasonId=2015#stats,7470,3,2015,England,home,May,1,67,6,4,1,1,0,2,0,5,5,0,0,0,0,0,0,0,0,0,0,0,0
https://www.englandrugby.com/fixtures-and-results/match-centre-elite?matchId=7470&competitionId=3&seasonId=2015#stats,7470,3,2015,England,home,Farrell,0,10,8,1,0,16,0,2,0,9,7,4,0,6,0,3,0,0,0,0,0,0,0
https://www.englandrugby.com/fixtures-and-results/match-centre-elite?matchId=7470&competitionId=3&seasonId=2015#stats,7470,3,2015,England,home,Care,0,23,6,2,1,41,0,1,0,0,4,1,0,12,0,0,0,0,0,0,0,0,0
https://www.englandrugby.com/fixtures-and-results/match-centre-elite?matchId=7470&competitionId=3&seasonId=2015#stats,7470,3,2015,England,home,Vunipola,0,24,7,2,1,1,0,2,0,0,4,1,1,0,0,0,0,0,0,0,0,0,0
https://www.englandrugby.com/fixtures-and-results/match-centre-elite?matchId=7470&competitionId=3&seasonId=2015#stats,7470,3,2015,England,home,Robshaw,0,4,11,1,0,3,2,1,0,0,16,1,1,0,0,0,0,0,0,0,0,0,0
https://www.englandrugby.com/fixtures-and-results/match-centre-elite?matchId=7470&competitionId=3&seasonId=2015#stats,7470,3,2015,England,home,Wood,0,0,1,0,0,3,0,0,0,0,17,1,0,0,0,0,0,0,3,1,2,0,0
https://www.englandrugby.com/fixtures-and-results/match-centre-elite?matchId=7470&competitionId=3&seasonId=2015#stats,7470,3,2015,England,home,Lawes,0,2,3,0,0,0,0,0,0,0,0,1,0,0,0,0,0,0,1,0,0,0,0
https://www.englandrugby.com/fixtures-and-results/match-centre-elite?matchId=7470&competitionId=3&seasonId=2015#stats,7470,3,2015,England,home,Attwood,0,31,4,3,1,0,0,0,0,0,8,1,0,0,0,0,0,0,4,1,1,0,0
https://www.englandrugby.com/fixtures-and-results/match-centre-elite?matchId=7470&competitionId=3&seasonId=2015#stats,7470,3,2015,England,home,Wilson,0,1,4,0,0,1,0,1,0,0,6,2,1,1,0,0,0,0,0,0,1,0,0
https://www.englandrugby.com/fixtures-and-results/match-centre-elite?matchId=7470&competitionId=3&seasonId=2015#stats,7470,3,2015,England,home,Hartley,0,0,6,0,0,3,2,1,0,0,18,1,1,0,0,0,0,10,0,0,1,0,0
https://www.englandrugby.com/fixtures-and-results/match-centre-elite?matchId=7470&competitionId=3&seasonId=2015#stats,7470,3,2015,England,home,Marler,0,2,6,1,0,1,0,0,0,0,6,1,0,0,0,0,0,0,0,0,0,0,0
https://www.englandrugby.com/fixtures-and-results/match-centre-elite?matchId=7470&competitionId=3&seasonId=2015#stats,7470,3,2015,England,home,Webber,0,0,0,0,0,0,0,0,0,0,1,0,0,0,0,0,0,1,0,0,0,0,0
https://www.englandrugby.com/fixtures-and-results/match-centre-elite?matchId=7470&competitionId=3&seasonId=2015#stats,7470,3,2015,England,home,Mullan,0,0,0,0,0,0,0,0,0,0,6,0,0,0,0,0,0,0,0,0,0,0,0
https://www.englandrugby.com/fixtures-and-results/match-centre-elite?matchId=7470&competitionId=3&seasonId=2015#stats,7470,3,2015,England,home,Brookes,0,0,0,0,0,0,0,0,0,0,0,0,0,0,0,0,0,0,0,0,0,0,0
https://www.englandrugby.com/fixtures-and-results/match-centre-elite?matchId=7470&competitionId=3&seasonId=2015#stats,7470,3,2015,England,home,Kruis,0,3,2,0,0,0,0,0,0,0,13,0,0,0,0,0,0,0,3,0,0,0,0
https://www.englandrugby.com/fixtures-and-results/match-centre-elite?matchId=7470&competitionId=3&seasonId=2015#stats,7470,3,2015,England,home,Morgan,0,2,4,0,0,1,1,1,0,0,7,0,1,0,0,0,0,0,0,0,1,0,0
https://www.englandrugby.com/fixtures-and-results/match-centre-elite?matchId=7470&competitionId=3&seasonId=2015#stats,7470,3,2015,England,home,Youngs,0,0,0,0,0,8,0,0,0,0,2,1,0,1,0,0,0,0,0,0,0,0,0
https://www.englandrugby.com/fixtures-and-results/match-centre-elite?matchId=7470&competitionId=3&seasonId=2015#stats,7470,3,2015,England,home,Ford,0,0,0,0,0,1,0,0,0,2,2,0,0,0,1,0,0,0,0,0,0,0,0
https://www.englandrugby.com/fixtures-and-results/match-centre-elite?matchId=7470&competitionId=3&seasonId=2015#stats,7470,3,2015,England,home,Watson,0,0,0,0,0,0,0,0,0,0,2,0,0,0,0,0,0,0,0,0,0,0,0
https://www.englandrugby.com/fixtures-and-results/match-centre-elite?matchId=7470&competitionId=3&seasonId=2015#stats,7470,3,2015,New Zealand,away,Dagg,0,73,19,0,0,18,2,0,0,0,2,2,1,3,0,0,0,0,1,0,0,0,0
https://www.englandrugby.com/fixtures-and-results/match-centre-elite?matchId=7470&competitionId=3&seasonId=2015#stats,7470,3,2015,New Zealand,away,Smith,0,50,12,3,2,7,1,0,0,0,4,1,0,0,0,0,0,0,0,0,0,0,0
https://www.englandrugby.com/fixtures-and-results/match-centre-elite?matchId=7470&competitionId=3&seasonId=2015#stats,7470,3,2015,New Zealand,away,Bill Williams,0,66,16,5,2,9,2,1,0,0,8,0,1,0,0,0,0,0,0,0,0,0,0
https://www.englandrugby.com/fixtures-and-results/match-centre-elite?matchId=7470&competitionId=3&seasonId=2015#stats,7470,3,2015,New Zealand,away,Savea,0,55,11,3,1,7,1,3,0,0,4,1,0,2,0,0,0,1,0,0,0,0,0
https://www.englandrugby.com/fixtures-and-results/match-centre-elite?matchId=7470&competitionId=3&seasonId=2015#stats,7470,3,2015,New Zealand,away,Cruden,1,33,18,5,1,15,3,1,0,11,6,1,1,8,0,2,0,0,0,0,0,0,0
https://www.englandrugby.com/fixtures-and-results/match-centre-elite?matchId=7470&competitionId=3&seasonId=2015#stats,7470,3,2015,New Zealand,away,Read,0,45,13,0,0,8,3,0,0,0,9,0,0,0,0,0,0,0,4,0,2,0,0
https://www.englandrugby.com/fixtures-and-results/match-centre-elite?matchId=7470&competitionId=3&seasonId=2015#stats,7470,3,2015,New Zealand,away,McCaw,1,18,9,1,1,7,0,1,0,5,14,3,3,0,0,0,0,0,0,0,2,0,0
https://www.englandrugby.com/fixtures-and-results/match-centre-elite?matchId=7470&competitionId=3&seasonId=2015#stats,7470,3,2015,New Zealand,away,Kaino,0,39,7,3,1,4,0,1,0,0,9,1,0,0,0,0,0,0,1,0,0,0,0
https://www.englandrugby.com/fixtures-and-results/match-centre-elite?matchId=7470&competitionId=3&seasonId=2015#stats,7470,3,2015,New Zealand,away,Whitelock,0,4,10,0,0,6,1,3,0,0,12,0,0,0,0,0,0,0,2,0,0,0,0
https://www.englandrugby.com/fixtures-and-results/match-centre-elite?matchId=7470&competitionId=3&seasonId=2015#stats,7470,3,2015,New Zealand,away,Retallick,0,0,3,0,0,2,0,0,0,0,4,1,0,0,0,0,0,0,1,0,2,0,0
https://www.englandrugby.com/fixtures-and-results/match-centre-elite?matchId=7470&competitionId=3&seasonId=2015#stats,7470,3,2015,New Zealand,away,Franks,0,12,2,0,1,1,0,0,0,0,11,0,0,0,0,0,0,0,0,0,1,0,0
https://www.englandrugby.com/fixtures-and-results/match-centre-elite?matchId=7470&competitionId=3&seasonId=2015#stats,7470,3,2015,New Zealand,away,Coles,0,20,4,0,0,4,1,1,0,0,4,0,0,0,0,0,0,6,0,0,2,0,1
https://www.englandrugby.com/fixtures-and-results/match-centre-elite?matchId=7470&competitionId=3&seasonId=2015#stats,7470,3,2015,New Zealand,away,Crockett,0,0,1,0,0,2,0,1,0,0,5,2,0,0,0,0,0,0,0,0,0,0,0
https://www.englandrugby.com/fixtures-and-results/match-centre-elite?matchId=7470&competitionId=3&seasonId=2015#stats,7470,3,2015,New Zealand,away,Mealamu,0,2,1,0,0,2,0,0,0,0,2,0,0,0,0,0,0,3,0,0,0,0,0
https://www.englandrugby.com/fixtures-and-results/match-centre-elite?matchId=7470&competitionId=3&seasonId=2015#stats,7470,3,2015,New Zealand,away,Faumuina,1,2,4,0,0,1,0,0,0,5,1,0,0,0,0,0,0,0,0,0,0,0,0
https://www.englandrugby.com/fixtures-and-results/match-centre-elite?matchId=7470&competitionId=3&seasonId=2015#stats,7470,3,2015,New Zealand,away,Tuipulotu,0,9,5,1,0,2,0,1,0,0,4,1,0,0,0,0,0,0,1,0,1,0,0
https://www.englandrugby.com/fixtures-and-results/match-centre-elite?matchId=7470&competitionId=3&seasonId=2015#stats,7470,3,2015,New Zealand,away,Messam,0,1,2,0,0,1,0,0,0,0,0,0,0,0,0,0,0,0,1,0,0,0,0
https://www.englandrugby.com/fixtures-and-results/match-centre-elite?matchId=7470&competitionId=3&seasonId=2015#stats,7470,3,2015,New Zealand,away,Perenara,0,0,0,0,0,17,0,1,0,0,0,0,0,1,0,0,0,0,0,0,0,0,0
https://www.englandrugby.com/fixtures-and-results/match-centre-elite?matchId=7470&competitionId=3&seasonId=2015#stats,7470,3,2015,New Zealand,away,Barrett,0,0,2,1,0,3,0,0,0,3,1,0,0,1,0,1,0,0,0,0,1,0,0
https://www.englandrugby.com/fixtures-and-results/match-centre-elite?matchId=7470&competitionId=3&seasonId=2015#stats,7470,3,2015,New Zealand,away,Crotty,0,7,3,0,0,2,0,0,0,0,3,1,0,2,0,0,0,0,0,0,0,0,0
https://www.englandrugby.com/fixtures-and-results/match-centre-elite?matchId=7555&competitionId=3&seasonId=2016#stats,7555,3,2016,Australia,home,Folau,0,94,18,3,2,13,2,1,0,0,0,0,0,0,0,0,0,0,0,0,1,0,0
https://www.englandrugby.com/fixtures-and-results/match-centre-elite?matchId=7555&competitionId=3&seasonId=2016#stats,7555,3,2016,Australia,home,Haylett-Petty,0,93,15,6,2,4,1,4,0,0,1,2,1,8,0,0,0,0,0,0,0,0,0
https://www.englandrugby.com/fixtures-and-results/match-centre-elite?matchId=7555&competitionId=3&seasonId=2016#stats,7555,3,2016,Australia,home,Kuridrani,0,34,11,1,1,2,0,1,0,0,3,0,0,0,0,0,0,0,0,0,0,0,0
https://www.englandrugby.com/fixtures-and-results/match-centre-elite?matchId=7555&competitionId=3&seasonId=2016#stats,7555,3,2016,Australia,home,Kerevi,0,36,12,4,1,7,1,0,0,0,2,1,0,0,0,0,0,0,0,0,1,0,0
https://www.englandrugby.com/fixtures-and-results/match-centre-elite?matchId=7555&competitionId=3&seasonId=2016#stats,7555,3,2016,Australia,home,Horne,0,39,9,2,1,4,1,1,0,0,4,0,0,0,0,0,0,0,0,0,0,0,0
https://www.englandrugby.com/fixtures-and-results/match-centre-elite?matchId=7555&competitionId=3&seasonId=2016#stats,7555,3,2016,Australia,home,Foley,0,60,15,6,1,30,3,4,0,2,2,2,0,5,1,0,0,0,0,0,1,0,0
https://www.englandrugby.com/fixtures-and-results/match-centre-elite?matchId=7555&competitionId=3&seasonId=2016#stats,7555,3,2016,Australia,home,Phipps,0,0,6,1,0,126,0,0,0,0,7,1,1,3,0,0,0,0,0,0,0,0,0
https://www.englandrugby.com/fixtures-and-results/match-centre-elite?matchId=7555&competitionId=3&seasonId=2016#stats,7555,3,2016,Australia,home,McMahon,0,13,11,3,0,0,0,2,0,0,5,0,0,1,0,0,0,0,2,0,1,0,0
https://www.englandrugby.com/fixtures-and-results/match-centre-elite?matchId=7555&competitionId=3&seasonId=2016#stats,7555,3,2016,Australia,home,Hooper,0,38,14,3,2,6,0,2,0,0,5,1,2,0,0,0,0,0,0,0,0,0,0
https://www.englandrugby.com/fixtures-and-results/match-centre-elite?matchId=7555&competitionId=3&seasonId=2016#stats,7555,3,2016,Australia,home,Fardy,0,29,12,0,2,3,0,4,0,0,5,1,1,1,0,0,0,0,1,1,0,0,0
https://www.englandrugby.com/fixtures-and-results/match-centre-elite?matchId=7555&competitionId=3&seasonId=2016#stats,7555,3,2016,Australia,home,Carter,0,12,12,0,0,0,0,1,0,0,4,0,0,0,0,0,0,0,5,0,0,0,0
https://www.englandrugby.com/fixtures-and-results/match-centre-elite?matchId=7555&competitionId=3&seasonId=2016#stats,7555,3,2016,Australia,home,Arnold,0,5,4,0,0,3,0,0,0,0,4,1,0,0,0,0,0,0,3,0,0,0,0
https://www.englandrugby.com/fixtures-and-results/match-centre-elite?matchId=7555&competitionId=3&seasonId=2016#stats,7555,3,2016,Australia,home,Kepu,0,0,5,1,0,1,0,0,0,0,4,0,0,0,0,0,0,0,0,0,1,0,0
https://www.englandrugby.com/fixtures-and-results/match-centre-elite?matchId=7555&competitionId=3&seasonId=2016#stats,7555,3,2016,Australia,home,Moore,1,1,4,0,0,4,0,0,0,5,5,0,0,0,0,0,0,9,0,0,1,0,0
https://www.englandrugby.com/fixtures-and-results/match-centre-elite?matchId=7555&competitionId=3&seasonId=2016#stats,7555,3,2016,Australia,home,Slipper,0,2,7,0,0,2,0,0,0,0,4,0,0,0,0,0,0,0,0,0,1,0,0
https://www.englandrugby.com/fixtures-and-results/match-centre-elite?matchId=7555&competitionId=3&seasonId=2016#stats,7555,3,2016,Australia,home,Polota-Nau,0,15,7,1,1,2,0,0,0,0,1,0,0,0,0,0,0,5,0,0,0,0,0
https://www.englandrugby.com/fixtures-and-results/match-centre-elite?matchId=7555&competitionId=3&seasonId=2016#stats,7555,3,2016,Australia,home,Smith,0,3,5,0,0,0,0,0,0,0,1,0,0,0,0,0,0,0,0,0,0,0,0
https://www.englandrugby.com/fixtures-and-results/match-centre-elite?matchId=7555&competitionId=3&seasonId=2016#stats,7555,3,2016,Australia,home,Holmes,0,2,5,0,0,1,0,1,0,0,0,0,0,0,0,0,0,0,0,0,1,0,0
https://www.englandrugby.com/fixtures-and-results/match-centre-elite?matchId=7555&competitionId=3&seasonId=2016#stats,7555,3,2016,Australia,home,Mumm,0,4,4,0,0,1,0,1,0,0,2,0,0,0,0,0,0,0,3,0,1,0,0
https://www.englandrugby.com/fixtures-and-results/match-centre-elite?matchId=7555&competitionId=3&seasonId=2016#stats,7555,3,2016,Australia,home,McCalman,0,1,7,0,0,0,0,0,0,0,1,0,1,0,0,0,0,0,0,0,0,0,0
https://www.englandrugby.com/fixtures-and-results/match-centre-elite?matchId=7555&competitionId=3&seasonId=2016#stats,7555,3,2016,Australia,home,Frisby,0,6,2,0,0,10,0,0,0,0,0,0,0,0,0,0,0,0,0,0,0,0,0
https://www.englandrugby.com/fixtures-and-results/match-centre-elite?matchId=7555&competitionId=3&seasonId=2016#stats,7555,3,2016,Australia,home,Lealiifano,0,4,2,0,0,3,0,1,0,0,1,0,0,0,0,0,0,0,0,0,0,0,0
https://www.englandrugby.com/fixtures-and-results/match-centre-elite?matchId=7555&competitionId=3&seasonId=2016#stats,7555,3,2016,Australia,home,Morahan,0,10,1,0,0,2,0,1,0,0,1,0,0,0,0,0,0,0,0,0,0,0,0
https://www.englandrugby.com/fixtures-and-results/match-centre-elite?matchId=7555&competitionId=3&seasonId=2016#stats,7555,3,2016,England,away,Brown,0,38,9,2,1,2,0,3,0,0,7,0,1,2,0,0,0,0,0,0,0,0,0
https://www.englandrugby.com/fixtures-and-results/match-centre-elite?matchId=7555&competitionId=3&seasonId=2016#stats,7555,3,2016,England,away,Watson,0,29,4,2,1,2,0,2,0,0,5,3,0,0,0,0,0,1,0,0,0,0,0
https://www.englandrugby.com/fixtures-and-results/match-centre-elite?matchId=7555&competitionId=3&seasonId=2016#stats,7555,3,2016,England,away,Joseph,0,4,4,0,0,3,1,0,0,0,10,1,0,0,0,0,0,0,0,0,0,0,0
https://www.englandrugby.com/fixtures-and-results/match-centre-elite?matchId=7555&competitionId=3&seasonId=2016#stats,7555,3,2016,England,away,Farrell,1,4,3,1,1,3,1,0,0,18,16,3,1,3,2,3,0,0,0,0,0,0,0
https://www.englandrugby.com/fixtures-and-results/match-centre-elite?matchId=7555&competitionId=3&seasonId=2016#stats,7555,3,2016,England,away,Nowell,0,36,6,0,0,1,1,0,0,0,12,1,2,0,0,0,0,0,0,0,1,0,0
https://www.englandrugby.com/fixtures-and-results/match-centre-elite?matchId=7555&competitionId=3&seasonId=2016#stats,7555,3,2016,England,away,Ford,0,4,2,1,0,5,0,0,0,0,10,2,0,13,0,0,0,0,0,0,0,0,0
https://www.englandrugby.com/fixtures-and-results/match-centre-elite?matchId=7555&competitionId=3&seasonId=2016#stats,7555,3,2016,England,away,Youngs,0,5,2,0,0,28,0,0,0,0,2,3,0,11,0,0,0,0,1,0,0,0,0
https://www.englandrugby.com/fixtures-and-results/match-centre-elite?matchId=7555&competitionId=3&seasonId=2016#stats,7555,3,2016,England,away,Vunipola,0,51,7,1,0,3,0,1,0,0,20,2,1,1,0,0,0,0,0,0,0,0,0
https://www.englandrugby.com/fixtures-and-results/match-centre-elite?matchId=7555&competitionId=3&seasonId=2016#stats,7555,3,2016,England,away,Haskell,0,1,2,0,0,0,0,0,0,0,23,3,1,0,0,0,0,0,0,0,2,0,0
https://www.englandrugby.com/fixtures-and-results/match-centre-elite?matchId=7555&competitionId=3&seasonId=2016#stats,7555,3,2016,England,away,Robshaw,0,16,4,1,0,0,0,0,0,0,12,2,1,1,0,0,0,0,1,0,3,0,0
https://www.englandrugby.com/fixtures-and-results/match-centre-elite?matchId=7555&competitionId=3&seasonId=2016#stats,7555,3,2016,England,away,Kruis,0,1,4,0,0,1,0,1,0,0,13,1,1,0,0,0,0,0,4,0,1,0,0
https://www.englandrugby.com/fixtures-and-results/match-centre-elite?matchId=7555&competitionId=3&seasonId=2016#stats,7555,3,2016,England,away,Itoje,0,4,3,1,0,1,0,0,0,0,21,5,0,0,0,0,0,0,5,0,1,0,0
https://www.englandrugby.com/fixtures-and-results/match-centre-elite?matchId=7555&competitionId=3&seasonId=2016#stats,7555,3,2016,England,away,Cole,0,0,0,0,0,2,0,0,0,0,8,1,0,0,0,0,0,0,0,0,1,0,0
https://www.englandrugby.com/fixtures-and-results/match-centre-elite?matchId=7555&competitionId=3&seasonId=2016#stats,7555,3,2016,England,away,Hartley,1,3,5,0,0,0,0,0,0,5,17,1,1,0,0,0,0,10,0,0,0,0,0
https://www.englandrugby.com/fixtures-and-results/match-centre-elite?matchId=7555&competitionId=3&seasonId=2016#stats,7555,3,2016,England,away,George,0,5,1,0,0,0,0,1,0,0,2,0,0,1,0,0,0,0,0,0,0,0,0
https://www.englandrugby.com/fixtures-and-results/match-centre-elite?matchId=7555&competitionId=3&seasonId=2016#stats,7555,3,2016,England,away,Mullan,0,0,0,0,0,0,0,0,0,0,2,1,0,0,0,0,0,0,0,0,0,0,0
https://www.englandrugby.com/fixtures-and-results/match-centre-elite?matchId=7555&competitionId=3&seasonId=2016#stats,7555,3,2016,England,away,Hill,0,0,0,0,0,1,0,1,0,0,4,0,0,0,0,0,0,0,0,0,0,0,0
https://www.englandrugby.com/fixtures-and-results/match-centre-elite?matchId=7555&competitionId=3&seasonId=2016#stats,7555,3,2016,England,away,Launchbury,0,0,0,0,0,1,0,0,0,0,2,0,0,0,0,0,0,0,0,0,0,0,0
https://www.englandrugby.com/fixtures-and-results/match-centre-elite?matchId=7555&competitionId=3&seasonId=2016#stats,7555,3,2016,England,away,Lawes,0,22,1,0,1,1,0,0,0,0,6,0,0,0,0,0,0,0,0,0,0,0,0
https://www.englandrugby.com/fixtures-and-results/match-centre-elite?matchId=7555&competitionId=3&seasonId=2016#stats,7555,3,2016,England,away,Clifford,0,0,0,0,0,1,0,0,0,0,2,0,0,0,0,0,0,0,0,0,0,0,0
https://www.englandrugby.com/fixtures-and-results/match-centre-elite?matchId=7555&competitionId=3&seasonId=2016#stats,7555,3,2016,England,away,Care,0,0,0,0,0,6,0,0,0,0,0,0,0,1,0,0,0,0,0,0,0,0,0
https://www.englandrugby.com/fixtures-and-results/match-centre-elite?matchId=7555&competitionId=3&seasonId=2016#stats,7555,3,2016,England,away,Daly,0,0,0,0,0,0,0,0,0,0,0,0,0,0,0,0,0,0,0,0,0,0,0
https://www.englandrugby.com/fixtures-and-results/match-centre-elite?matchId=913023&competitionId=209&seasonId=2013#stats,913023,209,2013,Ireland,home,Kearney,0,18,7,1,0,1,1,2,0,0,2,0,0,5,0,0,0,0,0,0,1,0,0
https://www.englandrugby.com/fixtures-and-results/match-centre-elite?matchId=913023&competitionId=209&seasonId=2013#stats,913023,209,2013,Ireland,home,Gilroy,0,34,7,0,0,1,0,1,0,0,0,0,0,1,0,0,0,0,0,0,0,0,0
https://www.englandrugby.com/fixtures-and-results/match-centre-elite?matchId=913023&competitionId=209&seasonId=2013#stats,913023,209,2013,Ireland,home,O'Driscoll,0,7,4,0,0,3,0,0,0,0,4,0,0,2,0,0,0,0,0,0,0,0,0
https://www.englandrugby.com/fixtures-and-results/match-centre-elite?matchId=913023&competitionId=209&seasonId=2013#stats,913023,209,2013,Ireland,home,D'Arcy,0,6,6,0,0,2,0,1,0,0,5,0,0,0,0,0,0,0,0,0,0,0,0
https://www.englandrugby.com/fixtures-and-results/match-centre-elite?matchId=913023&competitionId=209&seasonId=2013#stats,913023,209,2013,Ireland,home,Zebo,0,5,1,0,0,0,0,1,0,0,0,0,0,0,0,0,0,0,0,0,0,0,0
https://www.englandrugby.com/fixtures-and-results/match-centre-elite?matchId=913023&competitionId=209&seasonId=2013#stats,913023,209,2013,Ireland,home,Sexton,0,11,3,0,0,4,0,0,0,0,3,0,1,5,0,0,0,0,0,0,0,0,0
https://www.englandrugby.com/fixtures-and-results/match-centre-elite?matchId=913023&competitionId=209&seasonId=2013#stats,913023,209,2013,Ireland,home,Murray,0,7,2,1,0,59,0,1,0,0,8,1,0,7,0,0,0,0,0,0,0,0,0
https://www.englandrugby.com/fixtures-and-results/match-centre-elite?matchId=913023&competitionId=209&seasonId=2013#stats,913023,209,2013,Ireland,home,Heaslip,0,2,8,0,0,2,0,2,0,0,7,0,0,0,0,0,0,0,1,0,3,0,0
https://www.englandrugby.com/fixtures-and-results/match-centre-elite?matchId=913023&competitionId=209&seasonId=2013#stats,913023,209,2013,Ireland,home,O'Brien,0,34,10,4,0,1,0,2,0,0,5,1,1,0,0,0,0,0,2,0,0,0,0
https://www.englandrugby.com/fixtures-and-results/match-centre-elite?matchId=913023&competitionId=209&seasonId=2013#stats,913023,209,2013,Ireland,home,O'Mahony,0,30,7,3,0,0,0,1,0,0,2,0,1,1,0,0,0,0,4,1,1,0,0
https://www.englandrugby.com/fixtures-and-results/match-centre-elite?matchId=913023&competitionId=209&seasonId=2013#stats,913023,209,2013,Ireland,home,Ryan,0,1,2,0,0,0,0,0,0,0,5,0,0,0,0,0,0,0,4,0,0,0,0
https://www.englandrugby.com/fixtures-and-results/match-centre-elite?matchId=913023&competitionId=209&seasonId=2013#stats,913023,209,2013,Ireland,home,McCarthy,0,7,6,1,0,0,0,2,0,0,6,0,0,0,0,0,0,0,2,0,0,0,0
https://www.englandrugby.com/fixtures-and-results/match-centre-elite?matchId=913023&competitionId=209&seasonId=2013#stats,913023,209,2013,Ireland,home,Ross,0,0,2,0,0,0,0,1,0,0,4,0,0,0,0,0,0,0,0,0,1,0,0
https://www.englandrugby.com/fixtures-and-results/match-centre-elite?matchId=913023&competitionId=209&seasonId=2013#stats,913023,209,2013,Ireland,home,Best,0,2,3,0,0,2,0,0,0,0,7,0,0,0,0,0,0,15,0,0,1,0,0
https://www.englandrugby.com/fixtures-and-results/match-centre-elite?matchId=913023&competitionId=209&seasonId=2013#stats,913023,209,2013,Ireland,home,Healy,0,6,7,0,0,0,0,0,0,0,6,0,0,0,0,0,0,0,0,0,0,0,0
https://www.englandrugby.com/fixtures-and-results/match-centre-elite?matchId=913023&competitionId=209&seasonId=2013#stats,913023,209,2013,Ireland,home,Cronin,0,0,0,0,0,0,0,0,0,0,0,0,0,0,0,0,0,0,0,0,0,0,0
https://www.englandrugby.com/fixtures-and-results/match-centre-elite?matchId=913023&competitionId=209&seasonId=2013#stats,913023,209,2013,Ireland,home,Kilcoyne,0,0,1,1,0,0,0,0,0,0,1,0,0,0,0,0,0,0,0,0,1,0,0
https://www.englandrugby.com/fixtures-and-results/match-centre-elite?matchId=913023&competitionId=209&seasonId=2013#stats,913023,209,2013,Ireland,home,Fitzpatrick,0,0,0,0,0,0,0,0,0,0,1,0,0,0,0,0,0,0,0,0,0,0,0
https://www.englandrugby.com/fixtures-and-results/match-centre-elite?matchId=913023&competitionId=209&seasonId=2013#stats,913023,209,2013,Ireland,home,O'Callaghan,0,0,2,0,0,0,0,0,0,0,4,0,0,0,0,0,0,0,1,0,0,0,0
https://www.englandrugby.com/fixtures-and-results/match-centre-elite?matchId=913023&competitionId=209&seasonId=2013#stats,913023,209,2013,Ireland,home,Henry,0,2,1,0,0,0,0,0,0,0,0,0,0,0,0,0,0,0,1,0,0,0,0
https://www.englandrugby.com/fixtures-and-results/match-centre-elite?matchId=913023&competitionId=209&seasonId=2013#stats,913023,209,2013,Ireland,home,Reddan,0,0,0,0,0,0,0,0,0,0,0,0,0,0,0,0,0,0,0,0,0,0,0
https://www.englandrugby.com/fixtures-and-results/match-centre-elite?matchId=913023&competitionId=209&seasonId=2013#stats,913023,209,2013,Ireland,home,O'Gara,0,0,2,1,0,11,0,1,0,6,1,0,0,7,0,2,0,0,0,0,2,0,0
https://www.englandrugby.com/fixtures-and-results/match-centre-elite?matchId=913023&competitionId=209&seasonId=2013#stats,913023,209,2013,Ireland,home,Earls,0,49,4,1,2,2,0,0,0,0,0,1,0,4,0,0,0,0,0,0,0,0,0
https://www.englandrugby.com/fixtures-and-results/match-centre-elite?matchId=913023&competitionId=209&seasonId=2013#stats,913023,209,2013,England,away,Goode,0,74,11,1,0,1,0,2,0,0,2,0,0,11,0,0,0,0,0,0,0,0,0
https://www.englandrugby.com/fixtures-and-results/match-centre-elite?matchId=913023&competitionId=209&seasonId=2013#stats,913023,209,2013,England,away,Ashton,0,0,2,0,0,1,0,1,0,0,4,4,2,3,0,0,0,0,0,0,2,0,0
https://www.englandrugby.com/fixtures-and-results/match-centre-elite?matchId=913023&competitionId=209&seasonId=2013#stats,913023,209,2013,England,away,Barritt,0,1,4,0,0,2,1,0,0,0,7,0,0,0,0,0,0,0,0,0,0,0,0
https://www.englandrugby.com/fixtures-and-results/match-centre-elite?matchId=913023&competitionId=209&seasonId=2013#stats,913023,209,2013,England,away,Twelvetrees,0,4,5,0,0,2,0,0,0,0,2,1,0,1,0,0,0,0,0,0,0,0,0
https://www.englandrugby.com/fixtures-and-results/match-centre-elite?matchId=913023&competitionId=209&seasonId=2013#stats,913023,209,2013,England,away,Brown,0,63,7,1,0,1,0,0,0,0,3,0,1,2,0,0,0,0,0,0,0,0,0
https://www.englandrugby.com/fixtures-and-results/match-centre-elite?matchId=913023&competitionId=209&seasonId=2013#stats,913023,209,2013,England,away,Farrell,0,4,1,0,0,6,0,0,0,12,10,1,1,9,0,4,0,0,0,0,1,0,0
https://www.englandrugby.com/fixtures-and-results/match-centre-elite?matchId=913023&competitionId=209&seasonId=2013#stats,913023,209,2013,England,away,Youngs,0,3,1,0,0,35,0,0,0,0,2,1,0,13,0,0,0,0,0,0,0,0,0
https://www.englandrugby.com/fixtures-and-results/match-centre-elite?matchId=913023&competitionId=209&seasonId=2013#stats,913023,209,2013,England,away,Wood,0,3,2,0,0,5,0,1,0,0,13,0,0,0,0,0,0,0,2,1,1,0,0
https://www.englandrugby.com/fixtures-and-results/match-centre-elite?matchId=913023&competitionId=209&seasonId=2013#stats,913023,209,2013,England,away,Robshaw,0,16,7,0,0,5,0,0,0,0,17,2,1,0,0,0,0,0,1,0,1,0,0
https://www.englandrugby.com/fixtures-and-results/match-centre-elite?matchId=913023&competitionId=209&seasonId=2013#stats,913023,209,2013,England,away,Haskell,0,3,3,0,0,2,0,0,0,0,9,0,0,0,0,0,0,0,0,0,2,0,1
https://www.englandrugby.com/fixtures-and-results/match-centre-elite?matchId=913023&competitionId=209&seasonId=2013#stats,913023,209,2013,England,away,Parling,0,0,3,0,0,0,0,1,0,0,11,0,0,0,0,0,0,0,3,2,0,0,0
https://www.englandrugby.com/fixtures-and-results/match-centre-elite?matchId=913023&competitionId=209&seasonId=2013#stats,913023,209,2013,England,away,Launchbury,0,4,4,1,0,0,0,0,0,0,9,0,0,0,0,0,0,0,1,0,0,0,0
https://www.englandrugby.com/fixtures-and-results/match-centre-elite?matchId=913023&competitionId=209&seasonId=2013#stats,913023,209,2013,England,away,Cole,0,0,2,0,0,1,0,0,0,0,3,1,0,0,0,0,0,0,0,0,3,0,0
https://www.englandrugby.com/fixtures-and-results/match-centre-elite?matchId=913023&competitionId=209&seasonId=2013#stats,913023,209,2013,England,away,Marler,0,1,1,0,0,0,0,0,0,0,9,1,1,0,0,0,0,0,0,0,1,0,0
https://www.englandrugby.com/fixtures-and-results/match-centre-elite?matchId=913023&competitionId=209&seasonId=2013#stats,913023,209,2013,England,away,Hartley,0,0,1,0,0,0,0,0,0,0,3,0,0,0,0,0,0,6,0,0,1,0,0
https://www.englandrugby.com/fixtures-and-results/match-centre-elite?matchId=913023&competitionId=209&seasonId=2013#stats,913023,209,2013,England,away,Wilson,0,0,0,0,0,0,0,0,0,0,0,0,0,0,0,0,0,0,0,0,1,0,0
https://www.englandrugby.com/fixtures-and-results/match-centre-elite?matchId=913023&competitionId=209&seasonId=2013#stats,913023,209,2013,England,away,Vunipola,0,0,0,0,0,0,0,0,0,0,2,1,0,0,0,0,0,0,0,0,0,0,0
https://www.englandrugby.com/fixtures-and-results/match-centre-elite?matchId=913023&competitionId=209&seasonId=2013#stats,913023,209,2013,England,away,Lawes,0,0,0,0,0,0,0,0,0,0,2,1,0,0,0,0,0,0,2,0,0,0,0
https://www.englandrugby.com/fixtures-and-results/match-centre-elite?matchId=913023&competitionId=209&seasonId=2013#stats,913023,209,2013,England,away,Waldrom,0,0,1,0,0,0,0,0,0,0,0,0,0,0,0,0,0,0,0,0,0,0,0
https://www.englandrugby.com/fixtures-and-results/match-centre-elite?matchId=913023&competitionId=209&seasonId=2013#stats,913023,209,2013,England,away,Care,0,0,0,0,0,0,0,0,0,0,0,0,0,0,0,0,0,0,0,0,0,0,0
https://www.englandrugby.com/fixtures-and-results/match-centre-elite?matchId=913023&competitionId=209&seasonId=2013#stats,913023,209,2013,England,away,Flood,0,0,0,0,0,0,0,0,0,0,0,0,0,0,0,0,0,0,0,0,0,0,0
https://www.englandrugby.com/fixtures-and-results/match-centre-elite?matchId=913023&competitionId=209&seasonId=2013#stats,913023,209,2013,England,away,Tuilagi,0,0,0,0,0,0,0,1,0,0,1,0,0,1,0,0,0,0,0,0,0,0,0
