url,match_id,competition,season,team,home_away,player,Tries,Metres,Carries,Defenders_Beaten,Clean_Breaks,Passes,Offloads,Turnovers_Conceded,Turnovers_Won,Points
https://www.englandrugby.com/fixtures-and-results/match-centre/six-nations-2026-france-v-england-match-centre#stats,947118,209,2026,France,home,Ramos,,21,11,2,,10,1,3,1,16
https://www.englandrugby.com/fixtures-and-results/match-centre/six-nations-2026-france-v-england-match-centre#stats,947118,209,2026,France,home,Attissogbe,1,47,7,3,4,6,1,1,,5
https://www.englandrugby.com/fixtures-and-results/match-centre/six-nations-2026-france-v-england-match-centre#stats,947118,209,2026,France,home,Barassi,,12,4,1,,5,1,,,
https://www.englandrugby.com/fixtures-and-results/match-centre/six-nations-2026-france-v-england-match-centre#stats,947118,209,2026,France,home,Moefana,,34,9,1,1,5,2,,,
https://www.englandrugby.com/fixtures-and-results/match-centre/six-nations-2026-france-v-england-match-centre#stats,947118,209,2026,France,home,Bielle-Biarrey,4,42,6,4,4,2,,,,20
https://www.englandrugby.com/fixtures-and-results/match-centre/six-nations-2026-france-v-england-match-centre#stats,947118,209,2026,France,home,Jalibert,,55,8,9,1,25,3,2,1,
https://www.englandrugby.com/fixtures-and-results/match-centre/six-nations-2026-france-v-england-match-centre#stats,947118,209,2026,France,home,Dupont,,25,10,3,,64,,1,2,
https://www.englandrugby.com/fixtures-and-results/match-centre/six-nations-2026-france-v-england-match-centre#stats,947118,209,2026,France,home,Ollivon,,20,7,,,4,2,,,
https://www.englandrugby.com/fixtures-and-results/match-centre/six-nations-2026-france-v-england-match-centre#stats,947118,209,2026,France,home,Matiu,,7,8,,,2,1,1,,
https://www.englandrugby.com/fixtures-and-results/match-centre/six-nations-2026-france-v-england-match-centre#stats,947118,209,2026,France,home,Cros,,,3,,,5,2,1,,
https://www.englandrugby.com/fixtures-and-results/match-centre/six-nations-2026-france-v-england-match-centre#stats,947118,209,2026,France,home,Meafou,,23,10,,,5,2,1,,
https://www.englandrugby.com/fixtures-and-results/match-centre/six-nations-2026-france-v-england-match-centre#stats,947118,209,2026,France,home,Flament,,9,9,,,8,,1,,
https://www.englandrugby.com/fixtures-and-results/match-centre/six-nations-2026-france-v-england-match-centre#stats,947118,209,2026,France,home,Aldegheri,,,2,1,,1,,,,
https://www.englandrugby.com/fixtures-and-results/match-centre/six-nations-2026-france-v-england-match-centre#stats,947118,209,2026,France,home,Marchand,,3,7,,,6,3,,,
https://www.englandrugby.com/fixtures-and-results/match-centre/six-nations-2026-france-v-england-match-centre#stats,947118,209,2026,France,home,Gros,,4,5,,,2,,,,
https://www.englandrugby.com/fixtures-and-results/match-centre/six-nations-2026-france-v-england-match-centre#stats,947118,209,2026,France,home,Mauvaka,,3,2,,,1,,,,
https://www.englandrugby.com/fixtures-and-results/match-centre/six-nations-2026-france-v-england-match-centre#stats,947118,209,2026,France,home,Neti,,,,,,,,,,
https://www.englandrugby.com/fixtures-and-results/match-centre/six-nations-2026-france-v-england-match-centre#stats,947118,209,2026,France,home,Bamba,,3,4,1,,,,,,
https://www.englandrugby.com/fixtures-and-results/match-centre/six-nations-2026-france-v-england-match-centre#stats,947118,209,2026,France,home,Auradou,,,,,,,,,,
https://www.englandrugby.com/fixtures-and-results/match-centre/six-nations-2026-france-v-england-match-centre#stats,947118,209,2026,France,home,Guillard,,13,8,,,2,,,,
https://www.englandrugby.com/fixtures-and-results/match-centre/six-nations-2026-france-v-england-match-centre#stats,947118,209,2026,France,home,Brennan,,1,3,,,1,,,,
https://www.englandrugby.com/fixtures-and-results/match-centre/six-nations-2026-france-v-england-match-centre#stats,947118,209,2026,France,home,Serin,,,,,,,,,,
https://www.englandrugby.com/fixtures-and-results/match-centre/six-nations-2026-france-v-england-match-centre#stats,947118,209,2026,France,home,Gailleton,,,,,,,,,,
https://www.englandrugby.com/fixtures-and-results/match-centre/six-nations-2026-france-v-england-match-centre#stats,947118,209,2026,England,away,Daly,,21,4,,,2,,2,1,
https://www.englandrugby.com/fixtures-and-results/match-centre/six-nations-2026-france-v-england-match-centre#stats,947118,209,2026,England,away,Roebuck,1,19,3,1,,1,1,2,,5
https://www.englandrugby.com/fixtures-and-results/match-centre/six-nations-2026-france-v-england-match-centre#stats,947118,209,2026,England,away,Freeman,1,52,7,4,3,4,1,1,,5
https://www.englandrugby.com/fixtures-and-results/match-centre/six-nations-2026-france-v-england-match-centre#stats,947118,209,2026,England,away,Atkinson,,5,8,3,,6,,1,,
https://www.englandrugby.com/fixtures-and-results/match-centre/six-nations-2026-france-v-england-match-centre#stats,947118,209,2026,England,away,Murley,1,24,5,,,1,,1,,5
https://www.englandrugby.com/fixtures-and-results/match-centre/six-nations-2026-france-v-england-match-centre#stats,947118,209,2026,England,away,Smith,,27,7,1,,14,,1,,7
https://www.englandrugby.com/fixtures-and-results/match-centre/six-nations-2026-france-v-england-match-centre#stats,947118,209,2026,England,away,Spencer,,,,,,38,,,,
https://www.englandrugby.com/fixtures-and-results/match-centre/six-nations-2026-france-v-england-match-centre#stats,947118,209,2026,England,away,Earl,,45,16,2,,,,1,,
https://www.englandrugby.com/fixtures-and-results/match-centre/six-nations-2026-france-v-england-match-centre#stats,947118,209,2026,England,away,Pepper,,,4,,,5,1,,,
https://www.englandrugby.com/fixtures-and-results/match-centre/six-nations-2026-france-v-england-match-centre#stats,947118,209,2026,England,away,Chessum,2,88,11,,3,5,,,1,10
https://www.englandrugby.com/fixtures-and-results/match-centre/six-nations-2026-france-v-england-match-centre#stats,947118,209,2026,England,away,Coles,1,7,3,,,3,,,,5
https://www.englandrugby.com/fixtures-and-results/match-centre/six-nations-2026-france-v-england-match-centre#stats,947118,209,2026,England,away,Itoje,,8,9,,,5,1,,,
https://www.englandrugby.com/fixtures-and-results/match-centre/six-nations-2026-france-v-england-match-centre#stats,947118,209,2026,England,away,Heyes,,1,1,,,1,,,,
https://www.englandrugby.com/fixtures-and-results/match-centre/six-nations-2026-france-v-england-match-centre#stats,947118,209,2026,England,away,George,,2,1,,,2,,1,,
https://www.englandrugby.com/fixtures-and-results/match-centre/six-nations-2026-france-v-england-match-centre#stats,947118,209,2026,England,away,Genge,,29,13,5,,3,1,1,,
https://www.englandrugby.com/fixtures-and-results/match-centre/six-nations-2026-france-v-england-match-centre#stats,947118,209,2026,England,away,Cowan-Dickie,,14,7,,,,,,,
https://www.englandrugby.com/fixtures-and-results/match-centre/six-nations-2026-france-v-england-match-centre#stats,947118,209,2026,England,away,Rodd,,6,2,,,1,1,,,
https://www.englandrugby.com/fixtures-and-results/match-centre/six-nations-2026-france-v-england-match-centre#stats,947118,209,2026,England,away,Davison,,,1,,,,,,,
https://www.englandrugby.com/fixtures-and-results/match-centre/six-nations-2026-france-v-england-match-centre#stats,947118,209,2026,England,away,Cunningham-South,,21,2,,,,,,,
https://www.englandrugby.com/fixtures-and-results/match-centre/six-nations-2026-france-v-england-match-centre#stats,947118,209,2026,England,away,Underhill,,4,1,,,,,1,,
https://www.englandrugby.com/fixtures-and-results/match-centre/six-nations-2026-france-v-england-match-centre#stats,947118,209,2026,England,away,Pollock,,13,5,1,,1,,,,
https://www.englandrugby.com/fixtures-and-results/match-centre/six-nations-2026-france-v-england-match-centre#stats,947118,209,2026,England,away,van Poortvliet,,7,4,,,35,,,2,
https://www.englandrugby.com/fixtures-and-results/match-centre/six-nations-2026-france-v-england-match-centre#stats,947118,209,2026,England,away,Smith,1,30,3,2,,2,,,,9
https://www.englandrugby.com/fixtures-and-results/match-centre/six-nations-2025-england-v-scotland-match-centre#stats,941796,209,2025,England,home,Smith,,71,5,1,,5,,,,8
https://www.englandrugby.com/fixtures-and-results/match-centre/six-nations-2025-england-v-scotland-match-centre#stats,941796,209,2025,England,home,Freeman,1,6,3,,,2,,,,5
https://www.englandrugby.com/fixtures-and-results/match-centre/six-nations-2025-england-v-scotland-match-centre#stats,941796,209,2025,England,home,Lawrence,,21,4,1,1,5,2,2,,
https://www.englandrugby.com/fixtures-and-results/match-centre/six-nations-2025-england-v-scotland-match-centre#stats,941796,209,2025,England,home,Slade,,32,4,,1,1,,2,,
https://www.englandrugby.com/fixtures-and-results/match-centre/six-nations-2025-england-v-scotland-match-centre#stats,941796,209,2025,England,home,Sleightholme,,,,,,3,,2,,
https://www.englandrugby.com/fixtures-and-results/match-centre/six-nations-2025-england-v-scotland-match-centre#stats,941796,209,2025,England,home,Smith,,27,5,2,,17,,,,3
https://www.englandrugby.com/fixtures-and-results/match-centre/six-nations-2025-england-v-scotland-match-centre#stats,941796,209,2025,England,home,Mitchell,,16,3,,,37,,1,1,
https://www.englandrugby.com/fixtures-and-results/match-centre/six-nations-2025-england-v-scotland-match-centre#stats,941796,209,2025,England,home,Willis,,20,5,,,,,,,
https://www.englandrugby.com/fixtures-and-results/match-centre/six-nations-2025-england-v-scotland-match-centre#stats,941796,209,2025,England,home,Earl,,30,12,3,,2,,,,
https://www.englandrugby.com/fixtures-and-results/match-centre/six-nations-2025-england-v-scotland-match-centre#stats,941796,209,2025,England,home,Curry,,2,1,,,3,,,,
https://www.englandrugby.com/fixtures-and-results/match-centre/six-nations-2025-england-v-scotland-match-centre#stats,941796,209,2025,England,home,Chessum,,12,2,,,4,,,,
https://www.englandrugby.com/fixtures-and-results/match-centre/six-nations-2025-england-v-scotland-match-centre#stats,941796,209,2025,England,home,Itoje,,4,4,,,3,,1,,
https://www.englandrugby.com/fixtures-and-results/match-centre/six-nations-2025-england-v-scotland-match-centre#stats,941796,209,2025,England,home,Stuart,,9,6,,,1,,,,
https://www.englandrugby.com/fixtures-and-results/match-centre/six-nations-2025-england-v-scotland-match-centre#stats,941796,209,2025,England,home,Cowan-Dickie,,3,4,,,,,1,,
https://www.englandrugby.com/fixtures-and-results/match-centre/six-nations-2025-england-v-scotland-match-centre#stats,941796,209,2025,England,home,Genge,,9,5,,,2,,,,
https://www.englandrugby.com/fixtures-and-results/match-centre/six-nations-2025-england-v-scotland-match-centre#stats,941796,209,2025,England,home,George,,4,1,,,1,,,,
https://www.englandrugby.com/fixtures-and-results/match-centre/six-nations-2025-england-v-scotland-match-centre#stats,941796,209,2025,England,home,Baxter,,,2,,,,,,,
https://www.englandrugby.com/fixtures-and-results/match-centre/six-nations-2025-england-v-scotland-match-centre#stats,941796,209,2025,England,home,Heyes,,,,,,,,,,
https://www.englandrugby.com/fixtures-and-results/match-centre/six-nations-2025-england-v-scotland-match-centre#stats,941796,209,2025,England,home,Hill,,,,,,,,,,
https://www.englandrugby.com/fixtures-and-results/match-centre/six-nations-2025-england-v-scotland-match-centre#stats,941796,209,2025,England,home,Cunningham-South,,17,3,1,,,,1,,
https://www.englandrugby.com/fixtures-and-results/match-centre/six-nations-2025-england-v-scotland-match-centre#stats,941796,209,2025,England,home,Curry,,,2,,,1,,,,
https://www.englandrugby.com/fixtures-and-results/match-centre/six-nations-2025-england-v-scotland-match-centre#stats,941796,209,2025,England,home,Randall,,2,1,,,12,,1,,
https://www.englandrugby.com/fixtures-and-results/match-centre/six-nations-2025-england-v-scotland-match-centre#stats,941796,209,2025,England,home,Daly,,35,6,2,,3,1,1,,
https://www.englandrugby.com/fixtures-and-results/match-centre/six-nations-2025-england-v-scotland-match-centre#stats,941796,209,2025,Scotland,away,Kinghorn,,126,22,7,3,10,3,3,1,
https://www.englandrugby.com/fixtures-and-results/match-centre/six-nations-2025-england-v-scotland-match-centre#stats,941796,209,2025,Scotland,away,Rowe,,32,9,6,,4,1,3,,
https://www.englandrugby.com/fixtures-and-results/match-centre/six-nations-2025-england-v-scotland-match-centre#stats,941796,209,2025,Scotland,away,Jones,1,36,9,,1,5,1,1,,5
https://www.englandrugby.com/fixtures-and-results/match-centre/six-nations-2025-england-v-scotland-match-centre#stats,941796,209,2025,Scotland,away,Jordan,,50,12,5,,13,,1,1,
https://www.englandrugby.com/fixtures-and-results/match-centre/six-nations-2025-england-v-scotland-match-centre#stats,941796,209,2025,Scotland,away,van der Merwe,1,88,15,5,2,5,3,,1,5
https://www.englandrugby.com/fixtures-and-results/match-centre/six-nations-2025-england-v-scotland-match-centre#stats,941796,209,2025,Scotland,away,Russell,,29,4,2,1,39,,1,,
https://www.englandrugby.com/fixtures-and-results/match-centre/six-nations-2025-england-v-scotland-match-centre#stats,941796,209,2025,Scotland,away,White,1,20,2,,,81,,2,,5
https://www.englandrugby.com/fixtures-and-results/match-centre/six-nations-2025-england-v-scotland-match-centre#stats,941796,209,2025,Scotland,away,Dempsey,,20,11,1,,5,,2,,
https://www.englandrugby.com/fixtures-and-results/match-centre/six-nations-2025-england-v-scotland-match-centre#stats,941796,209,2025,Scotland,away,Darge,,4,5,,,5,,,,
https://www.englandrugby.com/fixtures-and-results/match-centre/six-nations-2025-england-v-scotland-match-centre#stats,941796,209,2025,Scotland,away,Ritchie,,11,7,,1,13,,1,,
https://www.englandrugby.com/fixtures-and-results/match-centre/six-nations-2025-england-v-scotland-match-centre#stats,941796,209,2025,Scotland,away,Gilchrist,,,4,,,6,,,,
https://www.englandrugby.com/fixtures-and-results/match-centre/six-nations-2025-england-v-scotland-match-centre#stats,941796,209,2025,Scotland,away,Gray,,1,7,,,8,1,,,
https://www.englandrugby.com/fixtures-and-results/match-centre/six-nations-2025-england-v-scotland-match-centre#stats,941796,209,2025,Scotland,away,Fagerson,,11,11,,,3,,1,,
https://www.englandrugby.com/fixtures-and-results/match-centre/six-nations-2025-england-v-scotland-match-centre#stats,941796,209,2025,Scotland,away,Cherry,,14,4,,,2,,1,,
https://www.englandrugby.com/fixtures-and-results/match-centre/six-nations-2025-england-v-scotland-match-centre#stats,941796,209,2025,Scotland,away,Schoeman,,1,10,,,2,,,,
https://www.englandrugby.com/fixtures-and-results/match-centre/six-nations-2025-england-v-scotland-match-centre#stats,941796,209,2025,Scotland,away,Ashman,,8,4,,,2,,,,
https://www.englandrugby.com/fixtures-and-results/match-centre/six-nations-2025-england-v-scotland-match-centre#stats,941796,209,2025,Scotland,away,Bhatti,,,4,,,3,,1,,
https://www.englandrugby.com/fixtures-and-results/match-centre/six-nations-2025-england-v-scotland-match-centre#stats,941796,209,2025,Scotland,away,Hurd,,,1,,,,,,,
https://www.englandrugby.com/fixtures-and-results/match-centre/six-nations-2025-england-v-scotland-match-centre#stats,941796,209,2025,Scotland,away,Skinner,,,,,,6,,,,
https://www.englandrugby.com/fixtures-and-results/match-centre/six-nations-2025-england-v-scotland-match-centre#stats,941796,209,2025,Scotland,away,Brown,,,5,1,,1,,,,
https://www.englandrugby.com/fixtures-and-results/match-centre/six-nations-2025-england-v-scotland-match-centre#stats,941796,209,2025,Scotland,away,Fagerson,,12,9,3,,2,,1,,
https://www.englandrugby.com/fixtures-and-results/match-centre/six-nations-2025-england-v-scotland-match-centre#stats,941796,209,2025,Scotland,away,Dobie,,4,2,1,,34,,,,
https://www.englandrugby.com/fixtures-and-results/match-centre/six-nations-2025-england-v-scotland-match-centre#stats,941796,209,2025,Scotland,away,McDowall,,48,3,4,1,3,1,,,
https://www.englandrugby.com/fixtures-and-results/match-centre/rwc23-england-chile#stats,102321,210,2024,England,home,Smith,2,148,17,7,4,19,2,,1,10
https://www.englandrugby.com/fixtures-and-results/match-centre/rwc23-england-chile#stats,102321,210,2024,England,home,Arundell,5,89,9,1,6,2,,1,,25
https://www.englandrugby.com/fixtures-and-results/match-centre/rwc23-england-chile#stats,102321,210,2024,England,home,Daly,,54,6,1,1,9,1,1,,
https://www.englandrugby.com/fixtures-and-results/match-centre/rwc23-england-chile#stats,102321,210,2024,England,home,Lawrence,,42,10,8,1,6,1,,,
https://www.englandrugby.com/fixtures-and-results/match-centre/rwc23-england-chile#stats,102321,210,2024,England,home,Malins,,66,8,,1,10,1,6,,
https://www.englandrugby.com/fixtures-and-results/match-centre/rwc23-england-chile#stats,102321,210,2024,England,home,Farrell,,46,8,1,,33,1,,1,16
https://www.englandrugby.com/fixtures-and-results/match-centre/rwc23-england-chile#stats,102321,210,2024,England,home,Care,,11,4,,,50,,1,1,
https://www.englandrugby.com/fixtures-and-results/match-centre/rwc23-england-chile#stats,102321,210,2024,England,home,Vunipola,,22,5,,,12,,,,
https://www.englandrugby.com/fixtures-and-results/match-centre/rwc23-england-chile#stats,102321,210,2024,England,home,Willis,1,31,7,2,1,8,1,,,5
https://www.englandrugby.com/fixtures-and-results/match-centre/rwc23-england-chile#stats,102321,210,2024,England,home,Ludlam,,46,6,1,1,,,,,
https://www.englandrugby.com/fixtures-and-results/match-centre/rwc23-england-chile#stats,102321,210,2024,England,home,Martin,,14,9,2,,2,,,,
https://www.englandrugby.com/fixtures-and-results/match-centre/rwc23-england-chile#stats,102321,210,2024,England,home,Ribbans,,8,8,1,,7,1,,,
https://www.englandrugby.com/fixtures-and-results/match-centre/rwc23-england-chile#stats,102321,210,2024,England,home,Sinckler,,11,8,,,1,,1,,
https://www.englandrugby.com/fixtures-and-results/match-centre/rwc23-england-chile#stats,102321,210,2024,England,home,Dan,2,28,8,1,,3,,,1,10
https://www.englandrugby.com/fixtures-and-results/match-centre/rwc23-england-chile#stats,102321,210,2024,England,home,Rodd,1,7,4,1,,1,,,,5
https://www.englandrugby.com/fixtures-and-results/match-centre/rwc23-england-chile#stats,102321,210,2024,England,home,Walker,,9,3,,,1,,,,
https://www.englandrugby.com/fixtures-and-results/match-centre/rwc23-england-chile#stats,102321,210,2024,England,home,Marler,,2,3,,,,,,,
https://www.englandrugby.com/fixtures-and-results/match-centre/rwc23-england-chile#stats,102321,210,2024,England,home,Stuart,,,1,,,1,,,1,
https://www.englandrugby.com/fixtures-and-results/match-centre/rwc23-england-chile#stats,102321,210,2024,England,home,Chessum,,15,2,,,1,,,,
https://www.englandrugby.com/fixtures-and-results/match-centre/rwc23-england-chile#stats,102321,210,2024,England,home,Earl,,36,5,2,,1,,,,
https://www.englandrugby.com/fixtures-and-results/match-centre/rwc23-england-chile#stats,102321,210,2024,England,home,Youngs,,,,,,21,,1,,
https://www.englandrugby.com/fixtures-and-results/match-centre/rwc23-england-chile#stats,102321,210,2024,England,home,Ford,,,1,,,14,,,1,
https://www.englandrugby.com/fixtures-and-results/match-centre/rwc23-england-chile#stats,102321,210,2024,England,home,Marchant,,,,,,,,,,
https://www.englandrugby.com/fixtures-and-results/match-centre/rwc23-england-chile#stats,102321,210,2024,Chile,away,Urroz,,13,4,,,6,,2,,
https://www.englandrugby.com/fixtures-and-results/match-centre/rwc23-england-chile#stats,102321,210,2024,Chile,away,Game,,52,9,3,1,,,5,,
https://www.englandrugby.com/fixtures-and-results/match-centre/rwc23-england-chile#stats,102321,210,2024,Chile,away,Saavedra,,19,6,,,2,1,,,
https://www.englandrugby.com/fixtures-and-results/match-centre/rwc23-england-chile#stats,102321,210,2024,Chile,away,Garafulic,,11,5,5,,6,1,,,
https://www.englandrugby.com/fixtures-and-results/match-centre/rwc23-england-chile#stats,102321,210,2024,Chile,away,Velarde,,21,2,1,,1,,1,,
https://www.englandrugby.com/fixtures-and-results/match-centre/rwc23-england-chile#stats,102321,210,2024,Chile,away,Fernandez,,32,8,,,10,2,4,,
https://www.englandrugby.com/fixtures-and-results/match-centre/rwc23-england-chile#stats,102321,210,2024,Chile,away,Videla,,14,8,2,,52,2,1,,
https://www.englandrugby.com/fixtures-and-results/match-centre/rwc23-england-chile#stats,102321,210,2024,Chile,away,Escobar,,27,6,1,,2,1,,,
https://www.englandrugby.com/fixtures-and-results/match-centre/rwc23-england-chile#stats,102321,210,2024,Chile,away,Silva,,4,2,2,,1,,,,
https://www.englandrugby.com/fixtures-and-results/match-centre/rwc23-england-chile#stats,102321,210,2024,Chile,away,Sigren,,17,7,1,1,5,,,,
https://www.englandrugby.com/fixtures-and-results/match-centre/rwc23-england-chile#stats,102321,210,2024,Chile,away,Eissmann,,,2,,,2,,,,
https://www.englandrugby.com/fixtures-and-results/match-centre/rwc23-england-chile#stats,102321,210,2024,Chile,away,Saavedra,,16,6,,1,3,1,1,,
https://www.englandrugby.com/fixtures-and-results/match-centre/rwc23-england-chile#stats,102321,210,2024,Chile,away,Dittus,,1,5,,,3,,1,,
https://www.englandrugby.com/fixtures-and-results/match-centre/rwc23-england-chile#stats,102321,210,2024,Chile,away,Bohme,,2,3,,,,,1,,
https://www.englandrugby.com/fixtures-and-results/match-centre/rwc23-england-chile#stats,102321,210,2024,Chile,away,Lues,,4,2,1,,2,,1,,
https://www.englandrugby.com/fixtures-and-results/match-centre/rwc23-england-chile#stats,102321,210,2024,Chile,away,Dussaillant,,3,2,,,,,2,,
https://www.englandrugby.com/fixtures-and-results/match-centre/rwc23-england-chile#stats,102321,210,2024,Chile,away,Lastra,,1,2,,,,,,,
https://www.englandrugby.com/fixtures-and-results/match-centre/rwc23-england-chile#stats,102321,210,2024,Chile,away,Gurruchaga,,,,,,,,,,
https://www.englandrugby.com/fixtures-and-results/match-centre/rwc23-england-chile#stats,102321,210,2024,Chile,away,Huete,,,1,,,2,,1,,
https://www.englandrugby.com/fixtures-and-results/match-centre/rwc23-england-chile#stats,102321,210,2024,Chile,away,Orchard,,,1,,,,,,,
https://www.englandrugby.com/fixtures-and-results/match-centre/rwc23-england-chile#stats,102321,210,2024,Chile,away,Martinez,,4,8,,,1,,,,
https://www.englandrugby.com/fixtures-and-results/match-centre/rwc23-england-chile#stats,102321,210,2024,Chile,away,Carvallo,,,,,,,,,,
https://www.englandrugby.com/fixtures-and-results/match-centre/rwc23-england-chile#stats,102321,210,2024,Chile,away,Ayarza,,16,2,2,,2,,,,
https://www.englandrugby.com/fixtures-and-results/match-centre/191122-england-new-zealand-autumn-match-centre#stats,930023,3,2023,England,home,Steward,1,67,8,3,,4,,1,,5
https://www.englandrugby.com/fixtures-and-results/match-centre/191122-england-new-zealand-autumn-match-centre#stats,930023,3,2023,England,home,Nowell,,,,,,1,,,,
https://www.englandrugby.com/fixtures-and-results/match-centre/191122-england-new-zealand-autumn-match-centre#stats,930023,3,2023,England,home,Tuilagi,,25,5,1,1,1,,1,,
https://www.englandrugby.com/fixtures-and-results/match-centre/191122-england-new-zealand-autumn-match-centre#stats,930023,3,2023,England,home,Farrell,,13,7,1,1,12,,1,,3
https://www.englandrugby.com/fixtures-and-results/match-centre/191122-england-new-zealand-autumn-match-centre#stats,930023,3,2023,England,home,May,,88,9,3,2,4,,,,
https://www.englandrugby.com/fixtures-and-results/match-centre/191122-england-new-zealand-autumn-match-centre#stats,930023,3,2023,England,home,Smith,,37,5,2,1,20,,1,,7
https://www.englandrugby.com/fixtures-and-results/match-centre/191122-england-new-zealand-autumn-match-centre#stats,930023,3,2023,England,home,van Poortvliet,,10,4,,,35,1,3,,
https://www.englandrugby.com/fixtures-and-results/match-centre/191122-england-new-zealand-autumn-match-centre#stats,930023,3,2023,England,home,Vunipola,,42,13,1,,6,,,,
https://www.englandrugby.com/fixtures-and-results/match-centre/191122-england-new-zealand-autumn-match-centre#stats,930023,3,2023,England,home,Curry,,18,5,3,,9,,1,,
https://www.englandrugby.com/fixtures-and-results/match-centre/191122-england-new-zealand-autumn-match-centre#stats,930023,3,2023,England,home,Simmonds,,26,10,,,,,1,,
https://www.englandrugby.com/fixtures-and-results/match-centre/191122-england-new-zealand-autumn-match-centre#stats,930023,3,2023,England,home,Hill,,6,6,,,6,,1,,
https://www.englandrugby.com/fixtures-and-results/match-centre/191122-england-new-zealand-autumn-match-centre#stats,930023,3,2023,England,home,Itoje,,13,6,,,6,,,,
https://www.englandrugby.com/fixtures-and-results/match-centre/191122-england-new-zealand-autumn-match-centre#stats,930023,3,2023,England,home,Sinckler,,6,7,2,,2,,,,
https://www.englandrugby.com/fixtures-and-results/match-centre/191122-england-new-zealand-autumn-match-centre#stats,930023,3,2023,England,home,Cowan-Dickie,,20,6,1,,1,,,,
https://www.englandrugby.com/fixtures-and-results/match-centre/191122-england-new-zealand-autumn-match-centre#stats,930023,3,2023,England,home,Genge,,14,7,,,,,,,
https://www.englandrugby.com/fixtures-and-results/match-centre/191122-england-new-zealand-autumn-match-centre#stats,930023,3,2023,England,home,George,,1,2,,,3,,,,
https://www.englandrugby.com/fixtures-and-results/match-centre/191122-england-new-zealand-autumn-match-centre#stats,930023,3,2023,England,home,Vunipola,,31,7,,,1,,,,
https://www.englandrugby.com/fixtures-and-results/match-centre/191122-england-new-zealand-autumn-match-centre#stats,930023,3,2023,England,home,Stuart,2,10,3,,,1,,,,10
https://www.englandrugby.com/fixtures-and-results/match-centre/191122-england-new-zealand-autumn-match-centre#stats,930023,3,2023,England,home,Ribbans,,11,4,1,,3,2,,,
https://www.englandrugby.com/fixtures-and-results/match-centre/191122-england-new-zealand-autumn-match-centre#stats,930023,3,2023,England,home,Willis,,1,1,,,,,,,
https://www.englandrugby.com/fixtures-and-results/match-centre/191122-england-new-zealand-autumn-match-centre#stats,930023,3,2023,England,home,Youngs,,4,1,,,33,,,2,
https://www.englandrugby.com/fixtures-and-results/match-centre/191122-england-new-zealand-autumn-match-centre#stats,930023,3,2023,England,home,Porter,,18,2,,,1,,,,
https://www.englandrugby.com/fixtures-and-results/match-centre/191122-england-new-zealand-autumn-match-centre#stats,930023,3,2023,England,home,Slade,,32,3,,1,3,,,,
https://www.englandrugby.com/fixtures-and-results/match-centre/191122-england-new-zealand-autumn-match-centre#stats,930023,3,2023,N Zealand,away,Barrett,,17,5,3,,5,1,,,3
https://www.englandrugby.com/fixtures-and-results/match-centre/191122-england-new-zealand-autumn-match-centre#stats,930023,3,2023,N Zealand,away,Tele'a,,55,8,1,,2,1,,,
https://www.englandrugby.com/fixtures-and-results/match-centre/191122-england-new-zealand-autumn-match-centre#stats,930023,3,2023,N Zealand,away,Ioane,1,98,7,2,,2,1,3,,5
https://www.englandrugby.com/fixtures-and-results/match-centre/191122-england-new-zealand-autumn-match-centre#stats,930023,3,2023,N Zealand,away,Barrett,,17,9,3,,7,2,,,7
https://www.englandrugby.com/fixtures-and-results/match-centre/191122-england-new-zealand-autumn-match-centre#stats,930023,3,2023,N Zealand,away,Clarke,,42,5,2,3,2,,2,1,
https://www.englandrugby.com/fixtures-and-results/match-centre/191122-england-new-zealand-autumn-match-centre#stats,930023,3,2023,N Zealand,away,Mo'unga,,45,11,8,1,10,1,3,,
https://www.englandrugby.com/fixtures-and-results/match-centre/191122-england-new-zealand-autumn-match-centre#stats,930023,3,2023,N Zealand,away,Smith,,4,2,,1,55,,,,
https://www.englandrugby.com/fixtures-and-results/match-centre/191122-england-new-zealand-autumn-match-centre#stats,930023,3,2023,N Zealand,away,Savea,,13,4,1,,2,,,,
https://www.englandrugby.com/fixtures-and-results/match-centre/191122-england-new-zealand-autumn-match-centre#stats,930023,3,2023,N Zealand,away,Papali'i,1,60,4,1,1,1,,,,5
https://www.englandrugby.com/fixtures-and-results/match-centre/191122-england-new-zealand-autumn-match-centre#stats,930023,3,2023,N Zealand,away,Barrett,,3,3,1,,2,,,,
https://www.englandrugby.com/fixtures-and-results/match-centre/191122-england-new-zealand-autumn-match-centre#stats,930023,3,2023,N Zealand,away,Whitelock,,24,6,1,,2,,,,
https://www.englandrugby.com/fixtures-and-results/match-centre/191122-england-new-zealand-autumn-match-centre#stats,930023,3,2023,N Zealand,away,Retallick,,,7,,,3,,,,
https://www.englandrugby.com/fixtures-and-results/match-centre/191122-england-new-zealand-autumn-match-centre#stats,930023,3,2023,N Zealand,away,Lomax,,,2,,,,,,,
https://www.englandrugby.com/fixtures-and-results/match-centre/191122-england-new-zealand-autumn-match-centre#stats,930023,3,2023,N Zealand,away,Taylor,1,6,7,,,2,,,,5
https://www.englandrugby.com/fixtures-and-results/match-centre/191122-england-new-zealand-autumn-match-centre#stats,930023,3,2023,N Zealand,away,de Groot,,2,5,,,3,,,,
https://www.englandrugby.com/fixtures-and-results/match-centre/191122-england-new-zealand-autumn-match-centre#stats,930023,3,2023,N Zealand,away,Taukei'aho,,,,,,,,,,
https://www.englandrugby.com/fixtures-and-results/match-centre/191122-england-new-zealand-autumn-match-centre#stats,930023,3,2023,N Zealand,away,Bower,,,1,,,,,,,
https://www.englandrugby.com/fixtures-and-results/match-centre/191122-england-new-zealand-autumn-match-centre#stats,930023,3,2023,N Zealand,away,Laulala,,,,,,,,,,
https://www.englandrugby.com/fixtures-and-results/match-centre/191122-england-new-zealand-autumn-match-centre#stats,930023,3,2023,N Zealand,away,Frizell,,4,2,,,,,,,
https://www.englandrugby.com/fixtures-and-results/match-centre/191122-england-new-zealand-autumn-match-centre#stats,930023,3,2023,N Zealand,away,Sotutu,,,,,,,,,,
https://www.englandrugby.com/fixtures-and-results/match-centre/191122-england-new-zealand-autumn-match-centre#stats,930023,3,2023,N Zealand,away,Perenara,,,,,,9,,,,
https://www.englandrugby.com/fixtures-and-results/match-centre/191122-england-new-zealand-autumn-match-centre#stats,930023,3,2023,N Zealand,away,Havili,,,,,,,,,,
https://www.englandrugby.com/fixtures-and-results/match-centre/191122-england-new-zealand-autumn-match-centre#stats,930023,3,2023,N Zealand,away,Lienert-Brown,,,,,,,,,,
https://www.englandrugby.com/fixtures-and-results/match-centre/20220702-australia-england-tour-match-centre#stats,931078,3,2022,Australia,home,Banks,,1,2,,,,,1,,
https://www.englandrugby.com/fixtures-and-results/match-centre/20220702-australia-england-tour-match-centre#stats,931078,3,2022,Australia,home,Kellaway,,18,8,3,,6,2,,1,
https://www.englandrugby.com/fixtures-and-results/match-centre/20220702-australia-england-tour-match-centre#stats,931078,3,2022,Australia,home,Ikitau,,7,3,1,,4,,,,
https://www.englandrugby.com/fixtures-and-results/match-centre/20220702-australia-england-tour-match-centre#stats,931078,3,2022,Australia,home,Kerevi,,39,15,2,,4,1,1,,
https://www.englandrugby.com/fixtures-and-results/match-centre/20220702-australia-england-tour-match-centre#stats,931078,3,2022,Australia,home,Koroibete,,74,11,2,,7,3,1,,
https://www.englandrugby.com/fixtures-and-results/match-centre/20220702-australia-england-tour-match-centre#stats,931078,3,2022,Australia,home,Lolesio,,9,5,1,,15,3,,,15
https://www.englandrugby.com/fixtures-and-results/match-centre/20220702-australia-england-tour-match-centre#stats,931078,3,2022,Australia,home,White,,13,5,2,,43,,,,
https://www.englandrugby.com/fixtures-and-results/match-centre/20220702-australia-england-tour-match-centre#stats,931078,3,2022,Australia,home,Valetini,,15,5,2,,,,1,,
https://www.englandrugby.com/fixtures-and-results/match-centre/20220702-australia-england-tour-match-centre#stats,931078,3,2022,Australia,home,Hooper,,7,4,,,4,,2,,
https://www.englandrugby.com/fixtures-and-results/match-centre/20220702-australia-england-tour-match-centre#stats,931078,3,2022,Australia,home,Leota,,3,5,,,4,,1,,
https://www.englandrugby.com/fixtures-and-results/match-centre/20220702-australia-england-tour-match-centre#stats,931078,3,2022,Australia,home,Neville,,10,5,,,1,,,,
https://www.englandrugby.com/fixtures-and-results/match-centre/20220702-australia-england-tour-match-centre#stats,931078,3,2022,Australia,home,Swain,,,1,,,2,,1,,
https://www.englandrugby.com/fixtures-and-results/match-centre/20220702-australia-england-tour-match-centre#stats,931078,3,2022,Australia,home,Alaalatoa,,,,,,,,,,
https://www.englandrugby.com/fixtures-and-results/match-centre/20220702-australia-england-tour-match-centre#stats,931078,3,2022,Australia,home,Porecki,,20,6,,,1,,,,
https://www.englandrugby.com/fixtures-and-results/match-centre/20220702-australia-england-tour-match-centre#stats,931078,3,2022,Australia,home,Bell,,19,2,1,1,6,1,,,
https://www.englandrugby.com/fixtures-and-results/match-centre/20220702-australia-england-tour-match-centre#stats,931078,3,2022,Australia,home,Fainga'a,1,4,1,,,,,,,5
https://www.englandrugby.com/fixtures-and-results/match-centre/20220702-australia-england-tour-match-centre#stats,931078,3,2022,Australia,home,Sio,,6,2,,,2,,,,
https://www.englandrugby.com/fixtures-and-results/match-centre/20220702-australia-england-tour-match-centre#stats,931078,3,2022,Australia,home,Slipper,,1,5,,,2,,,,
https://www.englandrugby.com/fixtures-and-results/match-centre/20220702-australia-england-tour-match-centre#stats,931078,3,2022,Australia,home,Philip,,10,5,,,1,,1,,
https://www.englandrugby.com/fixtures-and-results/match-centre/20220702-australia-england-tour-match-centre#stats,931078,3,2022,Australia,home,Samu,1,5,2,2,,,,,,5
https://www.englandrugby.com/fixtures-and-results/match-centre/20220702-australia-england-tour-match-centre#stats,931078,3,2022,Australia,home,Gordon,,1,1,,,10,,,1,
https://www.englandrugby.com/fixtures-and-results/match-centre/20220702-australia-england-tour-match-centre#stats,931078,3,2022,Australia,home,O'Connor,,,,,,,,,,
https://www.englandrugby.com/fixtures-and-results/match-centre/20220702-australia-england-tour-match-centre#stats,931078,3,2022,Australia,home,Petaia,1,6,1,1,1,1,,,,5
https://www.englandrugby.com/fixtures-and-results/match-centre/20220702-australia-england-tour-match-centre#stats,931078,3,2022,England,away,Steward,,37,15,2,,5,,1,1,
https://www.englandrugby.com/fixtures-and-results/match-centre/20220702-australia-england-tour-match-centre#stats,931078,3,2022,England,away,Nowell,,46,8,5,1,4,2,,,
https://www.englandrugby.com/fixtures-and-results/match-centre/20220702-australia-england-tour-match-centre#stats,931078,3,2022,England,away,Marchant,,12,4,1,,2,,,,
https://www.englandrugby.com/fixtures-and-results/match-centre/20220702-australia-england-tour-match-centre#stats,931078,3,2022,England,away,Farrell,,4,2,,,18,,1,,13
https://www.englandrugby.com/fixtures-and-results/match-centre/20220702-australia-england-tour-match-centre#stats,931078,3,2022,England,away,Cokanasiga,,21,5,2,,1,,,,
https://www.englandrugby.com/fixtures-and-results/match-centre/20220702-australia-england-tour-match-centre#stats,931078,3,2022,England,away,Smith,,2,4,,,23,,1,,
https://www.englandrugby.com/fixtures-and-results/match-centre/20220702-australia-england-tour-match-centre#stats,931078,3,2022,England,away,Care,,17,4,,,66,1,1,,
https://www.englandrugby.com/fixtures-and-results/match-centre/20220702-australia-england-tour-match-centre#stats,931078,3,2022,England,away,Vunipola,,34,11,,,9,1,1,,
https://www.englandrugby.com/fixtures-and-results/match-centre/20220702-australia-england-tour-match-centre#stats,931078,3,2022,England,away,Curry,,28,3,1,1,4,,,,
https://www.englandrugby.com/fixtures-and-results/match-centre/20220702-australia-england-tour-match-centre#stats,931078,3,2022,England,away,Lawes,,20,6,,,5,1,,,
https://www.englandrugby.com/fixtures-and-results/match-centre/20220702-australia-england-tour-match-centre#stats,931078,3,2022,England,away,Hill,,8,3,,,4,,,,
https://www.englandrugby.com/fixtures-and-results/match-centre/20220702-australia-england-tour-match-centre#stats,931078,3,2022,England,away,Itoje,,2,3,,,3,,1,,
https://www.englandrugby.com/fixtures-and-results/match-centre/20220702-australia-england-tour-match-centre#stats,931078,3,2022,England,away,Stuart,,22,9,,,2,,,,
https://www.englandrugby.com/fixtures-and-results/match-centre/20220702-australia-england-tour-match-centre#stats,931078,3,2022,England,away,George,,6,5,1,,1,,1,,
https://www.englandrugby.com/fixtures-and-results/match-centre/20220702-australia-england-tour-match-centre#stats,931078,3,2022,England,away,Genge,1,8,10,2,,4,,1,,5
https://www.englandrugby.com/fixtures-and-results/match-centre/20220702-australia-england-tour-match-centre#stats,931078,3,2022,England,away,Cowan-Dickie,,3,2,,,,,,,
https://www.englandrugby.com/fixtures-and-results/match-centre/20220702-australia-england-tour-match-centre#stats,931078,3,2022,England,away,Vunipola,,5,2,2,,,,,,
https://www.englandrugby.com/fixtures-and-results/match-centre/20220702-australia-england-tour-match-centre#stats,931078,3,2022,England,away,Heyes,,1,1,,,1,,,,
https://www.englandrugby.com/fixtures-and-results/match-centre/20220702-australia-england-tour-match-centre#stats,931078,3,2022,England,away,Chessum,,12,3,,,,,,,
https://www.englandrugby.com/fixtures-and-results/match-centre/20220702-australia-england-tour-match-centre#stats,931078,3,2022,England,away,Ludlam,,26,6,2,,2,,,,
https://www.englandrugby.com/fixtures-and-results/match-centre/20220702-australia-england-tour-match-centre#stats,931078,3,2022,England,away,van Poortvliet,1,3,1,,,4,,,,5
https://www.englandrugby.com/fixtures-and-results/match-centre/20220702-australia-england-tour-match-centre#stats,931078,3,2022,England,away,Porter,,,,,,,,,,
https://www.englandrugby.com/fixtures-and-results/match-centre/20220702-australia-england-tour-match-centre#stats,931078,3,2022,England,away,Arundell,1,54,2,4,2,,,,,5
https://www.englandrugby.com/fixtures-and-results/match-centre/20220226-england-vs-wales#stats,921093,209,2022,England,home,Steward,,90,12,2,,2,,1,,
https://www.englandrugby.com/fixtures-and-results/match-centre/20220226-england-vs-wales#stats,921093,209,2022,England,home,Malins,,32,7,3,,2,1,3,,
https://www.englandrugby.com/fixtures-and-results/match-centre/20220226-england-vs-wales#stats,921093,209,2022,England,home,Daly,,14,3,,1,3,,1,,
https://www.englandrugby.com/fixtures-and-results/match-centre/20220226-england-vs-wales#stats,921093,209,2022,England,home,Slade,,16,6,4,,9,,,,
https://www.englandrugby.com/fixtures-and-results/match-centre/20220226-england-vs-wales#stats,921093,209,2022,England,home,Nowell,,49,6,2,,2,,,,
https://www.englandrugby.com/fixtures-and-results/match-centre/20220226-england-vs-wales#stats,921093,209,2022,England,home,Smith,,20,7,2,,31,2,,,18
https://www.englandrugby.com/fixtures-and-results/match-centre/20220226-england-vs-wales#stats,921093,209,2022,England,home,Randall,,8,5,,,60,2,,,
https://www.englandrugby.com/fixtures-and-results/match-centre/20220226-england-vs-wales#stats,921093,209,2022,England,home,Dombrandt,1,61,16,4,,3,,2,,5
https://www.englandrugby.com/fixtures-and-results/match-centre/20220226-england-vs-wales#stats,921093,209,2022,England,home,Curry,,2,2,,,3,,1,,
https://www.englandrugby.com/fixtures-and-results/match-centre/20220226-england-vs-wales#stats,921093,209,2022,England,home,Lawes,,16,9,1,,4,,,,
https://www.englandrugby.com/fixtures-and-results/match-centre/20220226-england-vs-wales#stats,921093,209,2022,England,home,Itoje,,29,11,,,9,1,1,,
https://www.englandrugby.com/fixtures-and-results/match-centre/20220226-england-vs-wales#stats,921093,209,2022,England,home,Ewels,,20,11,,,2,,1,,
https://www.englandrugby.com/fixtures-and-results/match-centre/20220226-england-vs-wales#stats,921093,209,2022,England,home,Sinckler,,10,11,,,4,,1,,
https://www.englandrugby.com/fixtures-and-results/match-centre/20220226-england-vs-wales#stats,921093,209,2022,England,home,Cowan-Dickie,,2,3,,,,,,,
https://www.englandrugby.com/fixtures-and-results/match-centre/20220226-england-vs-wales#stats,921093,209,2022,England,home,Genge,,26,13,1,1,3,,,,
https://www.englandrugby.com/fixtures-and-results/match-centre/20220226-england-vs-wales#stats,921093,209,2022,England,home,George,,7,3,,,1,,,,
https://www.englandrugby.com/fixtures-and-results/match-centre/20220226-england-vs-wales#stats,921093,209,2022,England,home,Marler,,2,1,,,,,,,
https://www.englandrugby.com/fixtures-and-results/match-centre/20220226-england-vs-wales#stats,921093,209,2022,England,home,Stuart,,,,,,,,,,
https://www.englandrugby.com/fixtures-and-results/match-centre/20220226-england-vs-wales#stats,921093,209,2022,England,home,Isiekwe,,,,,,,,,,
https://www.englandrugby.com/fixtures-and-results/match-centre/20220226-england-vs-wales#stats,921093,209,2022,England,home,Simmonds,,5,5,,,1,,1,,
https://www.englandrugby.com/fixtures-and-results/match-centre/20220226-england-vs-wales#stats,921093,209,2022,England,home,Youngs,,4,1,,,23,,,,
https://www.englandrugby.com/fixtures-and-results/match-centre/20220226-england-vs-wales#stats,921093,209,2022,England,home,Ford,,,,,,,,,,
https://www.englandrugby.com/fixtures-and-results/match-centre/20220226-england-vs-wales#stats,921093,209,2022,England,home,Marchant,,,,,,,,,,
https://www.englandrugby.com/fixtures-and-results/match-centre/20220226-england-vs-wales#stats,921093,209,2022,Wales,away,Williams,,67,12,,1,6,2,2,,
https://www.englandrugby.com/fixtures-and-results/match-centre/20220226-england-vs-wales#stats,921093,209,2022,Wales,away,Cuthbert,,146,17,7,2,4,2,2,,
https://www.englandrugby.com/fixtures-and-results/match-centre/20220226-england-vs-wales#stats,921093,209,2022,Wales,away,Watkin,,2,4,,,4,1,1,,
https://www.englandrugby.com/fixtures-and-results/match-centre/20220226-england-vs-wales#stats,921093,209,2022,Wales,away,Tompkins,1,16,12,,,15,1,,,5
https://www.englandrugby.com/fixtures-and-results/match-centre/20220226-england-vs-wales#stats,921093,209,2022,Wales,away,Adams,1,63,11,6,1,7,2,,,5
https://www.englandrugby.com/fixtures-and-results/match-centre/20220226-england-vs-wales#stats,921093,209,2022,Wales,away,Biggar,,,3,,,47,,,1,4
https://www.englandrugby.com/fixtures-and-results/match-centre/20220226-england-vs-wales#stats,921093,209,2022,Wales,away,Williams,,24,7,1,1,59,,,1,
https://www.englandrugby.com/fixtures-and-results/match-centre/20220226-england-vs-wales#stats,921093,209,2022,Wales,away,Faletau,,29,13,2,,4,1,1,,
https://www.englandrugby.com/fixtures-and-results/match-centre/20220226-england-vs-wales#stats,921093,209,2022,Wales,away,Basham,,27,6,,,1,,,,
https://www.englandrugby.com/fixtures-and-results/match-centre/20220226-england-vs-wales#stats,921093,209,2022,Wales,away,Moriarty,,17,8,2,,6,,3,,
https://www.englandrugby.com/fixtures-and-results/match-centre/20220226-england-vs-wales#stats,921093,209,2022,Wales,away,Beard,,5,6,,,5,,,,
https://www.englandrugby.com/fixtures-and-results/match-centre/20220226-england-vs-wales#stats,921093,209,2022,Wales,away,Rowlands,,15,14,,,4,1,,,
https://www.englandrugby.com/fixtures-and-results/match-centre/20220226-england-vs-wales#stats,921093,209,2022,Wales,away,Francis,,,,,,2,,,,
https://www.englandrugby.com/fixtures-and-results/match-centre/20220226-england-vs-wales#stats,921093,209,2022,Wales,away,Elias,,8,6,,,3,,,,
https://www.englandrugby.com/fixtures-and-results/match-centre/20220226-england-vs-wales#stats,921093,209,2022,Wales,away,Jones,,,1,,,2,1,,,
https://www.englandrugby.com/fixtures-and-results/match-centre/20220226-england-vs-wales#stats,921093,209,2022,Wales,away,Lake,,4,6,,,,,1,,
https://www.englandrugby.com/fixtures-and-results/match-centre/20220226-england-vs-wales#stats,921093,209,2022,Wales,away,Thomas,,3,9,,,1,,2,,
https://www.englandrugby.com/fixtures-and-results/match-centre/20220226-england-vs-wales#stats,921093,209,2022,Wales,away,Brown,,1,4,,,,,,,
https://www.englandrugby.com/fixtures-and-results/match-centre/20220226-england-vs-wales#stats,921093,209,2022,Wales,away,Davies,,2,4,2,,3,1,,,
https://www.englandrugby.com/fixtures-and-results/match-centre/20220226-england-vs-wales#stats,921093,209,2022,Wales,away,Morgan,,21,3,,,1,1,,,
https://www.englandrugby.com/fixtures-and-results/match-centre/20220226-england-vs-wales#stats,921093,209,2022,Wales,away,Hardy,1,7,2,,,40,,,,5
https://www.englandrugby.com/fixtures-and-results/match-centre/20220226-england-vs-wales#stats,921093,209,2022,Wales,away,Anscombe,,3,4,,,6,1,,,
https://www.englandrugby.com/fixtures-and-results/match-centre/20220226-england-vs-wales#stats,921093,209,2022,Wales,away,Davies,,,1,,,6,,,,
https://www.englandrugby.com/fixtures-and-results/match-centre/20191102-england-south-africa-world-cup-final#stats,101596,210,2020,England,home,Daly,,7,9,1,,7,,2,,
https://www.englandrugby.com/fixtures-and-results/match-centre/20191102-england-south-africa-world-cup-final#stats,101596,210,2020,England,home,Watson,,30,5,1,1,,,1,,
https://www.englandrugby.com/fixtures-and-results/match-centre/20191102-england-south-africa-world-cup-final#stats,101596,210,2020,England,home,Tuilagi,,13,8,1,,2,1,1,,
https://www.englandrugby.com/fixtures-and-results/match-centre/20191102-england-south-africa-world-cup-final#stats,101596,210,2020,England,home,Farrell,,17,7,1,,16,,1,,12
https://www.englandrugby.com/fixtures-and-results/match-centre/20191102-england-south-africa-world-cup-final#stats,101596,210,2020,England,home,May,,38,8,2,1,2,2,,,
https://www.englandrugby.com/fixtures-and-results/match-centre/20191102-england-south-africa-world-cup-final#stats,101596,210,2020,England,home,Ford,,,2,,,19,1,1,,
https://www.englandrugby.com/fixtures-and-results/match-centre/20191102-england-south-africa-world-cup-final#stats,101596,210,2020,England,home,Youngs,,14,5,3,,78,1,1,,
https://www.englandrugby.com/fixtures-and-results/match-centre/20191102-england-south-africa-world-cup-final#stats,101596,210,2020,England,home,Vunipola,,23,19,,,9,3,1,,
https://www.englandrugby.com/fixtures-and-results/match-centre/20191102-england-south-africa-world-cup-final#stats,101596,210,2020,England,home,Underhill,,15,4,1,,,,,,
https://www.englandrugby.com/fixtures-and-results/match-centre/20191102-england-south-africa-world-cup-final#stats,101596,210,2020,England,home,Curry,,3,11,1,,3,1,2,,
https://www.englandrugby.com/fixtures-and-results/match-centre/20191102-england-south-africa-world-cup-final#stats,101596,210,2020,England,home,Lawes,,9,9,,,2,,1,,
https://www.englandrugby.com/fixtures-and-results/match-centre/20191102-england-south-africa-world-cup-final#stats,101596,210,2020,England,home,Itoje,,,5,1,,2,1,1,,
https://www.englandrugby.com/fixtures-and-results/match-centre/20191102-england-south-africa-world-cup-final#stats,101596,210,2020,England,home,Sinckler,,,,,,,,,,
https://www.englandrugby.com/fixtures-and-results/match-centre/20191102-england-south-africa-world-cup-final#stats,101596,210,2020,England,home,George,,2,4,,,3,,1,,
https://www.englandrugby.com/fixtures-and-results/match-centre/20191102-england-south-africa-world-cup-final#stats,101596,210,2020,England,home,Vunipola,,2,9,,,1,,,,
https://www.englandrugby.com/fixtures-and-results/match-centre/20191102-england-south-africa-world-cup-final#stats,101596,210,2020,England,home,Cowan-Dickie,,2,4,1,,1,1,,,
https://www.englandrugby.com/fixtures-and-results/match-centre/20191102-england-south-africa-world-cup-final#stats,101596,210,2020,England,home,Marler,,1,1,,,,,,,
https://www.englandrugby.com/fixtures-and-results/match-centre/20191102-england-south-africa-world-cup-final#stats,101596,210,2020,England,home,Cole,,2,2,,,1,1,,,
https://www.englandrugby.com/fixtures-and-results/match-centre/20191102-england-south-africa-world-cup-final#stats,101596,210,2020,England,home,Kruis,,3,4,,,,,,,
https://www.englandrugby.com/fixtures-and-results/match-centre/20191102-england-south-africa-world-cup-final#stats,101596,210,2020,England,home,Wilson,,3,2,,,,,,,
https://www.englandrugby.com/fixtures-and-results/match-centre/20191102-england-south-africa-world-cup-final#stats,101596,210,2020,England,home,Spencer,,,,,,4,,,,
https://www.englandrugby.com/fixtures-and-results/match-centre/20191102-england-south-africa-world-cup-final#stats,101596,210,2020,England,home,Slade,,12,3,,,1,,1,,
https://www.englandrugby.com/fixtures-and-results/match-centre/20191102-england-south-africa-world-cup-final#stats,101596,210,2020,England,home,Joseph,,5,2,1,,2,,,,
https://www.englandrugby.com/fixtures-and-results/match-centre/20191102-england-south-africa-world-cup-final#stats,101596,210,2020,S Africa,away,le Roux,,8,7,1,1,4,1,1,,
https://www.englandrugby.com/fixtures-and-results/match-centre/20191102-england-south-africa-world-cup-final#stats,101596,210,2020,S Africa,away,Kolbe,1,50,4,5,2,1,,1,,5
https://www.englandrugby.com/fixtures-and-results/match-centre/20191102-england-south-africa-world-cup-final#stats,101596,210,2020,S Africa,away,Am,,56,5,3,3,4,1,1,1,
https://www.englandrugby.com/fixtures-and-results/match-centre/20191102-england-south-africa-world-cup-final#stats,101596,210,2020,S Africa,away,de Allende,,56,12,1,1,6,,,,
https://www.englandrugby.com/fixtures-and-results/match-centre/20191102-england-south-africa-world-cup-final#stats,101596,210,2020,S Africa,away,Mapimpi,1,45,7,1,2,,,1,,5
https://www.englandrugby.com/fixtures-and-results/match-centre/20191102-england-south-africa-world-cup-final#stats,101596,210,2020,S Africa,away,Pollard,,67,8,1,1,10,,2,,22
https://www.englandrugby.com/fixtures-and-results/match-centre/20191102-england-south-africa-world-cup-final#stats,101596,210,2020,S Africa,away,de Klerk,,,,,,47,,,,
https://www.englandrugby.com/fixtures-and-results/match-centre/20191102-england-south-africa-world-cup-final#stats,101596,210,2020,S Africa,away,Vermeulen,,46,11,,,,,1,,
https://www.englandrugby.com/fixtures-and-results/match-centre/20191102-england-south-africa-world-cup-final#stats,101596,210,2020,S Africa,away,du Toit,,2,4,,,2,,1,1,
https://www.englandrugby.com/fixtures-and-results/match-centre/20191102-england-south-africa-world-cup-final#stats,101596,210,2020,S Africa,away,Kolisi,,7,3,,,2,,1,,
https://www.englandrugby.com/fixtures-and-results/match-centre/20191102-england-south-africa-world-cup-final#stats,101596,210,2020,S Africa,away,de Jager,,,1,,,1,,,,
https://www.englandrugby.com/fixtures-and-results/match-centre/20191102-england-south-africa-world-cup-final#stats,101596,210,2020,S Africa,away,Etzebeth,,11,5,,,2,1,,,
https://www.englandrugby.com/fixtures-and-results/match-centre/20191102-england-south-africa-world-cup-final#stats,101596,210,2020,S Africa,away,Malherbe,,,1,,,,,,,
https://www.englandrugby.com/fixtures-and-results/match-centre/20191102-england-south-africa-world-cup-final#stats,101596,210,2020,S Africa,away,Mbonambi,,,1,,,1,1,,,
https://www.englandrugby.com/fixtures-and-results/match-centre/20191102-england-south-africa-world-cup-final#stats,101596,210,2020,S Africa,away,Mtawarira,,4,2,,,1,,,,
https://www.englandrugby.com/fixtures-and-results/match-centre/20191102-england-south-africa-world-cup-final#stats,101596,210,2020,S Africa,away,Marx,,4,2,,,1,,,,
https://www.englandrugby.com/fixtures-and-results/match-centre/20191102-england-south-africa-world-cup-final#stats,101596,210,2020,S Africa,away,Kitshoff,,10,4,,1,,,,,
https://www.englandrugby.com/fixtures-and-results/match-centre/20191102-england-south-africa-world-cup-final#stats,101596,210,2020,S Africa,away,Koch,,,3,,,,,,,
https://www.englandrugby.com/fixtures-and-results/match-centre/20191102-england-south-africa-world-cup-final#stats,101596,210,2020,S Africa,away,Snyman,,3,4,,,1,,,,
https://www.englandrugby.com/fixtures-and-results/match-centre/20191102-england-south-africa-world-cup-final#stats,101596,210,2020,S Africa,away,Mostert,,,5,,,2,,,,
https://www.englandrugby.com/fixtures-and-results/match-centre/20191102-england-south-africa-world-cup-final#stats,101596,210,2020,S Africa,away,Louw,,,,,,,,,,
https://www.englandrugby.com/fixtures-and-results/match-centre/20191102-england-south-africa-world-cup-final#stats,101596,210,2020,S Africa,away,Jantjies,,,,,,12,,,,
https://www.englandrugby.com/fixtures-and-results/match-centre/20191102-england-south-africa-world-cup-final#stats,101596,210,2020,S Africa,away,Steyn,,,,,,,,,,
https://www.englandrugby.com/fixtures-and-results/match-centre-elite?matchId=7470&competitionId=3&seasonId=2015#stats,7470,3,2015,England,home,Brown,,25,13,2,,4,,1,,
https://www.englandrugby.com/fixtures-and-results/match-centre-elite?matchId=7470&competitionId=3&seasonId=2015#stats,7470,3,2015,England,home,Rokoduguni,,7,5,,,3,1,1,,
https://www.englandrugby.com/fixtures-and-results/match-centre-elite?matchId=7470&competitionId=3&seasonId=2015#stats,7470,3,2015,England,home,Barritt,,2,3,,,4,,,,
https://www.englandrugby.com/fixtures-and-results/match-centre-elite?matchId=7470&competitionId=3&seasonId=2015#stats,7470,3,2015,England,home,Eastmond,,4,3,,,3,,,,
https://www.englandrugby.com/fixtures-and-results/match-centre-elite?matchId=7470&competitionId=3&seasonId=2015#stats,7470,3,2015,England,home,May,1,67,6,4,1,1,,2,,5
https://www.englandrugby.com/fixtures-and-results/match-centre-elite?matchId=7470&competitionId=3&seasonId=2015#stats,7470,3,2015,England,home,Farrell,,10,8,1,,16,,2,,9
https://www.englandrugby.com/fixtures-and-results/match-centre-elite?matchId=7470&competitionId=3&seasonId=2015#stats,7470,3,2015,England,home,Care,,23,6,2,1,41,,1,,
https://www.englandrugby.com/fixtures-and-results/match-centre-elite?matchId=7470&competitionId=3&seasonId=2015#stats,7470,3,2015,England,home,Vunipola,,24,7,2,1,1,,2,,
https://www.englandrugby.com/fixtures-and-results/match-centre-elite?matchId=7470&competitionId=3&seasonId=2015#stats,7470,3,2015,England,home,Robshaw,,4,11,1,,3,2,1,,
https://www.englandrugby.com/fixtures-and-results/match-centre-elite?matchId=7470&competitionId=3&seasonId=2015#stats,7470,3,2015,England,home,Wood,,,1,,,3,,,,
https://www.englandrugby.com/fixtures-and-results/match-centre-elite?matchId=7470&competitionId=3&seasonId=2015#stats,7470,3,2015,England,home,Lawes,,2,3,,,,,,,
https://www.englandrugby.com/fixtures-and-results/match-centre-elite?matchId=7470&competitionId=3&seasonId=2015#stats,7470,3,2015,England,home,Attwood,,31,4,3,1,,,,,
https://www.englandrugby.com/fixtures-and-results/match-centre-elite?matchId=7470&competitionId=3&seasonId=2015#stats,7470,3,2015,England,home,Wilson,,1,4,,,1,,1,,
https://www.englandrugby.com/fixtures-and-results/match-centre-elite?matchId=7470&competitionId=3&seasonId=2015#stats,7470,3,2015,England,home,Hartley,,,6,,,3,2,1,,
https://www.englandrugby.com/fixtures-and-results/match-centre-elite?matchId=7470&competitionId=3&seasonId=2015#stats,7470,3,2015,England,home,Marler,,2,6,1,,1,,,,
https://www.englandrugby.com/fixtures-and-results/match-centre-elite?matchId=7470&competitionId=3&seasonId=2015#stats,7470,3,2015,England,home,Webber,,,,,,,,,,
https://www.englandrugby.com/fixtures-and-results/match-centre-elite?matchId=7470&competitionId=3&seasonId=2015#stats,7470,3,2015,England,home,Mullan,,,,,,,,,,
https://www.englandrugby.com/fixtures-and-results/match-centre-elite?matchId=7470&competitionId=3&seasonId=2015#stats,7470,3,2015,England,home,Brookes,,,,,,,,,,
https://www.englandrugby.com/fixtures-and-results/match-centre-elite?matchId=7470&competitionId=3&seasonId=2015#stats,7470,3,2015,England,home,Kruis,,3,2,,,,,,,
https://www.englandrugby.com/fixtures-and-results/match-centre-elite?matchId=7470&competitionId=3&seasonId=2015#stats,7470,3,2015,England,home,Morgan,,2,4,,,1,1,1,,
https://www.englandrugby.com/fixtures-and-results/match-centre-elite?matchId=7470&competitionId=3&seasonId=2015#stats,7470,3,2015,England,home,Youngs,,,,,,8,,,,
https://www.englandrugby.com/fixtures-and-results/match-centre-elite?matchId=7470&competitionId=3&seasonId=2015#stats,7470,3,2015,England,home,Ford,,,,,,1,,,,2
https://www.englandrugby.com/fixtures-and-results/match-centre-elite?matchId=7470&competitionId=3&seasonId=2015#stats,7470,3,2015,England,home,Watson,,,,,,,,,,
https://www.englandrugby.com/fixtures-and-results/match-centre-elite?matchId=7470&competitionId=3&seasonId=2015#stats,7470,3,2015,New Zealand,away,Dagg,,73,19,,,18,2,,,
https://www.englandrugby.com/fixtures-and-results/match-centre-elite?matchId=7470&competitionId=3&seasonId=2015#stats,7470,3,2015,New Zealand,away,Smith,,50,12,3,2,7,1,,,
https://www.englandrugby.com/fixtures-and-results/match-centre-elite?matchId=7470&competitionId=3&seasonId=2015#stats,7470,3,2015,New Zealand,away,Smith,,26,9,1,,9,1,1,,
https://www.englandrugby.com/fixtures-and-results/match-centre-elite?matchId=7470&competitionId=3&seasonId=2015#stats,7470,3,2015,New Zealand,away,Bill Williams,,66,16,5,2,9,2,1,,
https://www.englandrugby.com/fixtures-and-results/match-centre-elite?matchId=7470&competitionId=3&seasonId=2015#stats,7470,3,2015,New Zealand,away,Savea,,55,11,3,1,7,1,3,,
https://www.englandrugby.com/fixtures-and-results/match-centre-elite?matchId=7470&competitionId=3&seasonId=2015#stats,7470,3,2015,New Zealand,away,Cruden,1,33,18,5,1,15,3,1,,11
https://www.englandrugby.com/fixtures-and-results/match-centre-elite?matchId=7470&competitionId=3&seasonId=2015#stats,7470,3,2015,New Zealand,away,Smith,,15,4,,,60,,1,,
https://www.englandrugby.com/fixtures-and-results/match-centre-elite?matchId=7470&competitionId=3&seasonId=2015#stats,7470,3,2015,New Zealand,away,Read,,45,13,,,8,3,,,
https://www.englandrugby.com/fixtures-and-results/match-centre-elite?matchId=7470&competitionId=3&seasonId=2015#stats,7470,3,2015,New Zealand,away,McCaw,1,18,9,1,1,7,,1,,5
https://www.englandrugby.com/fixtures-and-results/match-centre-elite?matchId=7470&competitionId=3&seasonId=2015#stats,7470,3,2015,New Zealand,away,Kaino,,39,7,3,1,4,,1,,
https://www.englandrugby.com/fixtures-and-results/match-centre-elite?matchId=7470&competitionId=3&seasonId=2015#stats,7470,3,2015,New Zealand,away,Whitelock,,4,10,,,6,1,3,,
https://www.englandrugby.com/fixtures-and-results/match-centre-elite?matchId=7470&competitionId=3&seasonId=2015#stats,7470,3,2015,New Zealand,away,Retallick,,,3,,,2,,,,
https://www.englandrugby.com/fixtures-and-results/match-centre-elite?matchId=7470&competitionId=3&seasonId=2015#stats,7470,3,2015,New Zealand,away,Franks,,12,2,,1,1,,,,
https://www.englandrugby.com/fixtures-and-results/match-centre-elite?matchId=7470&competitionId=3&seasonId=2015#stats,7470,3,2015,New Zealand,away,Coles,,20,4,,,4,1,1,,
https://www.englandrugby.com/fixtures-and-results/match-centre-elite?matchId=7470&competitionId=3&seasonId=2015#stats,7470,3,2015,New Zealand,away,Crockett,,,1,,,2,,1,,
https://www.englandrugby.com/fixtures-and-results/match-centre-elite?matchId=7470&competitionId=3&seasonId=2015#stats,7470,3,2015,New Zealand,away,Mealamu,,2,1,,,2,,,,
https://www.englandrugby.com/fixtures-and-results/match-centre-elite?matchId=7470&competitionId=3&seasonId=2015#stats,7470,3,2015,New Zealand,away,Franks,,,,,,1,,,,
https://www.englandrugby.com/fixtures-and-results/match-centre-elite?matchId=7470&competitionId=3&seasonId=2015#stats,7470,3,2015,New Zealand,away,Faumuina,1,2,4,,,1,,,,5
https://www.englandrugby.com/fixtures-and-results/match-centre-elite?matchId=7470&competitionId=3&seasonId=2015#stats,7470,3,2015,New Zealand,away,Tuipulotu,,9,5,1,,2,,1,,
https://www.englandrugby.com/fixtures-and-results/match-centre-elite?matchId=7470&competitionId=3&seasonId=2015#stats,7470,3,2015,New Zealand,away,Messam,,1,2,,,1,,,,
https://www.englandrugby.com/fixtures-and-results/match-centre-elite?matchId=7470&competitionId=3&seasonId=2015#stats,7470,3,2015,New Zealand,away,Perenara,,,,,,17,,1,,
https://www.englandrugby.com/fixtures-and-results/match-centre-elite?matchId=7470&competitionId=3&seasonId=2015#stats,7470,3,2015,New Zealand,away,Barrett,,,2,1,,3,,,,3
https://www.englandrugby.com/fixtures-and-results/match-centre-elite?matchId=7470&competitionId=3&seasonId=2015#stats,7470,3,2015,New Zealand,away,Crotty,,7,3,,,2,,,,
https://www.englandrugby.com/fixtures-and-results/match-centre-elite?matchId=7555&competitionId=3&seasonId=2016#stats,7555,3,2016,Australia,home,Folau,,94,18,3,2,13,2,1,,
https://www.englandrugby.com/fixtures-and-results/match-centre-elite?matchId=7555&competitionId=3&seasonId=2016#stats,7555,3,2016,Australia,home,Haylett-Petty,,93,15,6,2,4,1,4,,
https://www.englandrugby.com/fixtures-and-results/match-centre-elite?matchId=7555&competitionId=3&seasonId=2016#stats,7555,3,2016,Australia,home,Kuridrani,,34,11,1,1,2,,1,,
https://www.englandrugby.com/fixtures-and-results/match-centre-elite?matchId=7555&competitionId=3&seasonId=2016#stats,7555,3,2016,Australia,home,Kerevi,,36,12,4,1,7,1,,,
https://www.englandrugby.com/fixtures-and-results/match-centre-elite?matchId=7555&competitionId=3&seasonId=2016#stats,7555,3,2016,Australia,home,Horne,,39,9,2,1,4,1,1,,
https://www.englandrugby.com/fixtures-and-results/match-centre-elite?matchId=7555&competitionId=3&seasonId=2016#stats,7555,3,2016,Australia,home,Foley,,60,15,6,1,30,3,4,,2
https://www.englandrugby.com/fixtures-and-results/match-centre-elite?matchId=7555&competitionId=3&seasonId=2016#stats,7555,3,2016,Australia,home,Phipps,,,6,1,,126,,,,
https://www.englandrugby.com/fixtures-and-results/match-centre-elite?matchId=7555&competitionId=3&seasonId=2016#stats,7555,3,2016,Australia,home,McMahon,,13,11,3,,,,2,,
https://www.englandrugby.com/fixtures-and-results/match-centre-elite?matchId=7555&competitionId=3&seasonId=2016#stats,7555,3,2016,Australia,home,Hooper,,38,14,3,2,6,,2,,
https://www.englandrugby.com/fixtures-and-results/match-centre-elite?matchId=7555&competitionId=3&seasonId=2016#stats,7555,3,2016,Australia,home,Fardy,,29,12,,2,3,,4,,
https://www.englandrugby.com/fixtures-and-results/match-centre-elite?matchId=7555&competitionId=3&seasonId=2016#stats,7555,3,2016,Australia,home,Carter,,12,12,,,,,1,,
https://www.englandrugby.com/fixtures-and-results/match-centre-elite?matchId=7555&competitionId=3&seasonId=2016#stats,7555,3,2016,Australia,home,Arnold,,5,4,,,3,,,,
https://www.englandrugby.com/fixtures-and-results/match-centre-elite?matchId=7555&competitionId=3&seasonId=2016#stats,7555,3,2016,Australia,home,Kepu,,,5,1,,1,,,,
https://www.englandrugby.com/fixtures-and-results/match-centre-elite?matchId=7555&competitionId=3&seasonId=2016#stats,7555,3,2016,Australia,home,Moore,1,1,4,,,4,,,,5
https://www.englandrugby.com/fixtures-and-results/match-centre-elite?matchId=7555&competitionId=3&seasonId=2016#stats,7555,3,2016,Australia,home,Slipper,,2,7,,,2,,,,
https://www.englandrugby.com/fixtures-and-results/match-centre-elite?matchId=7555&competitionId=3&seasonId=2016#stats,7555,3,2016,Australia,home,Polota-Nau,,15,7,1,1,2,,,,
https://www.englandrugby.com/fixtures-and-results/match-centre-elite?matchId=7555&competitionId=3&seasonId=2016#stats,7555,3,2016,Australia,home,Smith,,3,5,,,,,,,
https://www.englandrugby.com/fixtures-and-results/match-centre-elite?matchId=7555&competitionId=3&seasonId=2016#stats,7555,3,2016,Australia,home,Holmes,,2,5,,,1,,1,,
https://www.englandrugby.com/fixtures-and-results/match-centre-elite?matchId=7555&competitionId=3&seasonId=2016#stats,7555,3,2016,Australia,home,Mumm,,4,4,,,1,,1,,
https://www.englandrugby.com/fixtures-and-results/match-centre-elite?matchId=7555&competitionId=3&seasonId=2016#stats,7555,3,2016,Australia,home,McCalman,,1,7,,,,,,,
https://www.englandrugby.com/fixtures-and-results/match-centre-elite?matchId=7555&competitionId=3&seasonId=2016#stats,7555,3,2016,Australia,home,Frisby,,6,2,,,10,,,,
https://www.englandrugby.com/fixtures-and-results/match-centre-elite?matchId=7555&competitionId=3&seasonId=2016#stats,7555,3,2016,Australia,home,Lealiifano,,4,2,,,3,,1,,
https://www.englandrugby.com/fixtures-and-results/match-centre-elite?matchId=7555&competitionId=3&seasonId=2016#stats,7555,3,2016,Australia,home,Morahan,,10,1,,,2,,1,,
https://www.englandrugby.com/fixtures-and-results/match-centre-elite?matchId=7555&competitionId=3&seasonId=2016#stats,7555,3,2016,England,away,Brown,,38,9,2,1,2,,3,,
https://www.englandrugby.com/fixtures-and-results/match-centre-elite?matchId=7555&competitionId=3&seasonId=2016#stats,7555,3,2016,England,away,Watson,,29,4,2,1,2,,2,,
https://www.englandrugby.com/fixtures-and-results/match-centre-elite?matchId=7555&competitionId=3&seasonId=2016#stats,7555,3,2016,England,away,Joseph,,4,4,,,3,1,,,
https://www.englandrugby.com/fixtures-and-results/match-centre-elite?matchId=7555&competitionId=3&seasonId=2016#stats,7555,3,2016,England,away,Farrell,1,4,3,1,1,3,1,,,18
https://www.englandrugby.com/fixtures-and-results/match-centre-elite?matchId=7555&competitionId=3&seasonId=2016#stats,7555,3,2016,England,away,Nowell,,36,6,,,1,1,,,
https://www.englandrugby.com/fixtures-and-results/match-centre-elite?matchId=7555&competitionId=3&seasonId=2016#stats,7555,3,2016,England,away,Ford,,4,2,1,,5,,,,
https://www.englandrugby.com/fixtures-and-results/match-centre-elite?matchId=7555&competitionId=3&seasonId=2016#stats,7555,3,2016,England,away,Youngs,,5,2,,,28,,,,
https://www.englandrugby.com/fixtures-and-results/match-centre-elite?matchId=7555&competitionId=3&seasonId=2016#stats,7555,3,2016,England,away,Vunipola,,51,7,1,,3,,1,,
https://www.englandrugby.com/fixtures-and-results/match-centre-elite?matchId=7555&competitionId=3&seasonId=2016#stats,7555,3,2016,England,away,Haskell,,1,2,,,,,,,
https://www.englandrugby.com/fixtures-and-results/match-centre-elite?matchId=7555&competitionId=3&seasonId=2016#stats,7555,3,2016,England,away,Robshaw,,16,4,1,,,,,,
https://www.englandrugby.com/fixtures-and-results/match-centre-elite?matchId=7555&competitionId=3&seasonId=2016#stats,7555,3,2016,England,away,Kruis,,1,4,,,1,,1,,
https://www.englandrugby.com/fixtures-and-results/match-centre-elite?matchId=7555&competitionId=3&seasonId=2016#stats,7555,3,2016,England,away,Itoje,,4,3,1,,1,,,,
https://www.englandrugby.com/fixtures-and-results/match-centre-elite?matchId=7555&competitionId=3&seasonId=2016#stats,7555,3,2016,England,away,Cole,,,,,,2,,,,
https://www.englandrugby.com/fixtures-and-results/match-centre-elite?matchId=7555&competitionId=3&seasonId=2016#stats,7555,3,2016,England,away,Hartley,1,3,5,,,,,,,5
https://www.englandrugby.com/fixtures-and-results/match-centre-elite?matchId=7555&competitionId=3&seasonId=2016#stats,7555,3,2016,England,away,Vunipola,,3,9,,,1,,1,,
https://www.englandrugby.com/fixtures-and-results/match-centre-elite?matchId=7555&competitionId=3&seasonId=2016#stats,7555,3,2016,England,away,George,,5,1,,,,,1,,
https://www.englandrugby.com/fixtures-and-results/match-centre-elite?matchId=7555&competitionId=3&seasonId=2016#stats,7555,3,2016,England,away,Mullan,,,,,,,,,,
https://www.englandrugby.com/fixtures-and-results/match-centre-elite?matchId=7555&competitionId=3&seasonId=2016#stats,7555,3,2016,England,away,Hill,,,,,,1,,1,,
https://www.englandrugby.com/fixtures-and-results/match-centre-elite?matchId=7555&competitionId=3&seasonId=2016#stats,7555,3,2016,England,away,Launchbury,,,,,,1,,,,
https://www.englandrugby.com/fixtures-and-results/match-centre-elite?matchId=7555&competitionId=3&seasonId=2016#stats,7555,3,2016,England,away,Lawes,,22,1,,1,1,,,,
https://www.englandrugby.com/fixtures-and-results/match-centre-elite?matchId=7555&competitionId=3&seasonId=2016#stats,7555,3,2016,England,away,Clifford,,,,,,1,,,,
https://www.englandrugby.com/fixtures-and-results/match-centre-elite?matchId=7555&competitionId=3&seasonId=2016#stats,7555,3,2016,England,away,Care,,,,,,6,,,,
https://www.englandrugby.com/fixtures-and-results/match-centre-elite?matchId=7555&competitionId=3&seasonId=2016#stats,7555,3,2016,England,away,Daly,,,,,,,,,,
https://www.englandrugby.com/fixtures-and-results/match-centre-elite?matchId=913023&competitionId=209&seasonId=2013#stats,913023,209,2013,Ireland,home,Kearney,,18,7,1,,1,1,2,,
https://www.englandrugby.com/fixtures-and-results/match-centre-elite?matchId=913023&competitionId=209&seasonId=2013#stats,913023,209,2013,Ireland,home,Gilroy,,34,7,,,1,,1,,
https://www.englandrugby.com/fixtures-and-results/match-centre-elite?matchId=913023&competitionId=209&seasonId=2013#stats,913023,209,2013,Ireland,home,O'Driscoll,,7,4,,,3,,,,
https://www.englandrugby.com/fixtures-and-results/match-centre-elite?matchId=913023&competitionId=209&seasonId=2013#stats,913023,209,2013,Ireland,home,D'Arcy,,6,6,,,2,,1,,
https://www.englandrugby.com/fixtures-and-results/match-centre-elite?matchId=913023&competitionId=209&seasonId=2013#stats,913023,209,2013,Ireland,home,Zebo,,5,1,,,,,1,,
https://www.englandrugby.com/fixtures-and-results/match-centre-elite?matchId=913023&competitionId=209&seasonId=2013#stats,913023,209,2013,Ireland,home,Sexton,,11,3,,,4,,,,
https://www.englandrugby.com/fixtures-and-results/match-centre-elite?matchId=913023&competitionId=209&seasonId=2013#stats,913023,209,2013,Ireland,home,Murray,,7,2,1,,59,,1,,
https://www.englandrugby.com/fixtures-and-results/match-centre-elite?matchId=913023&competitionId=209&seasonId=2013#stats,913023,209,2013,Ireland,home,Heaslip,,2,8,,,2,,2,,
https://www.englandrugby.com/fixtures-and-results/match-centre-elite?matchId=913023&competitionId=209&seasonId=2013#stats,913023,209,2013,Ireland,home,O'Brien,,34,10,4,,1,,2,,
https://www.englandrugby.com/fixtures-and-results/match-centre-elite?matchId=913023&competitionId=209&seasonId=2013#stats,913023,209,2013,Ireland,home,O'Mahony,,30,7,3,,,,1,,
https://www.englandrugby.com/fixtures-and-results/match-centre-elite?matchId=913023&competitionId=209&seasonId=2013#stats,913023,209,2013,Ireland,home,Ryan,,1,2,,,,,,,
https://www.englandrugby.com/fixtures-and-results/match-centre-elite?matchId=913023&competitionId=209&seasonId=2013#stats,913023,209,2013,Ireland,home,McCarthy,,7,6,1,,,,2,,
https://www.englandrugby.com/fixtures-and-results/match-centre-elite?matchId=913023&competitionId=209&seasonId=2013#stats,913023,209,2013,Ireland,home,Ross,,,2,,,,,1,,
https://www.englandrugby.com/fixtures-and-results/match-centre-elite?matchId=913023&competitionId=209&seasonId=2013#stats,913023,209,2013,Ireland,home,Best,,2,3,,,2,,,,
https://www.englandrugby.com/fixtures-and-results/match-centre-elite?matchId=913023&competitionId=209&seasonId=2013#stats,913023,209,2013,Ireland,home,Healy,,6,7,,,,,,,
https://www.englandrugby.com/fixtures-and-results/match-centre-elite?matchId=913023&competitionId=209&seasonId=2013#stats,913023,209,2013,Ireland,home,Cronin,,,,,,,,,,
https://www.englandrugby.com/fixtures-and-results/match-centre-elite?matchId=913023&competitionId=209&seasonId=2013#stats,913023,209,2013,Ireland,home,Kilcoyne,,,1,1,,,,,,
https://www.englandrugby.com/fixtures-and-results/match-centre-elite?matchId=913023&competitionId=209&seasonId=2013#stats,913023,209,2013,Ireland,home,Fitzpatrick,,,,,,,,,,
https://www.englandrugby.com/fixtures-and-results/match-centre-elite?matchId=913023&competitionId=209&seasonId=2013#stats,913023,209,2013,Ireland,home,O'Callaghan,,,2,,,,,,,
https://www.englandrugby.com/fixtures-and-results/match-centre-elite?matchId=913023&competitionId=209&seasonId=2013#stats,913023,209,2013,Ireland,home,Henry,,2,1,,,,,,,
https://www.englandrugby.com/fixtures-and-results/match-centre-elite?matchId=913023&competitionId=209&seasonId=2013#stats,913023,209,2013,Ireland,home,Reddan,,,,,,,,,,
https://www.englandrugby.com/fixtures-and-results/match-centre-elite?matchId=913023&competitionId=209&seasonId=2013#stats,913023,209,2013,Ireland,home,O'Gara,,,2,1,,11,,1,,6
https://www.englandrugby.com/fixtures-and-results/match-centre-elite?matchId=913023&competitionId=209&seasonId=2013#stats,913023,209,2013,Ireland,home,Earls,,49,4,1,2,2,,,,
https://www.englandrugby.com/fixtures-and-results/match-centre-elite?matchId=913023&competitionId=209&seasonId=2013#stats,913023,209,2013,England,away,Goode,,74,11,1,,1,,2,,
https://www.englandrugby.com/fixtures-and-results/match-centre-elite?matchId=913023&competitionId=209&seasonId=2013#stats,913023,209,2013,England,away,Ashton,,,2,,,1,,1,,
https://www.englandrugby.com/fixtures-and-results/match-centre-elite?matchId=913023&competitionId=209&seasonId=2013#stats,913023,209,2013,England,away,Barritt,,1,4,,,2,1,,,
https://www.englandrugby.com/fixtures-and-results/match-centre-elite?matchId=913023&competitionId=209&seasonId=2013#stats,913023,209,2013,England,away,Twelvetrees,,4,5,,,2,,,,
https://www.englandrugby.com/fixtures-and-results/match-centre-elite?matchId=913023&competitionId=209&seasonId=2013#stats,913023,209,2013,England,away,Brown,,63,7,1,,1,,,,
https://www.englandrugby.com/fixtures-and-results/match-centre-elite?matchId=913023&competitionId=209&seasonId=2013#stats,913023,209,2013,England,away,Farrell,,4,1,,,6,,,,12
https://www.englandrugby.com/fixtures-and-results/match-centre-elite?matchId=913023&competitionId=209&seasonId=2013#stats,913023,209,2013,England,away,Youngs,,3,1,,,35,,,,
https://www.englandrugby.com/fixtures-and-results/match-centre-elite?matchId=913023&competitionId=209&seasonId=2013#stats,913023,209,2013,England,away,Wood,,3,2,,,5,,1,,
https://www.englandrugby.com/fixtures-and-results/match-centre-elite?matchId=913023&competitionId=209&seasonId=2013#stats,913023,209,2013,England,away,Robshaw,,16,7,,,5,,,,
https://www.englandrugby.com/fixtures-and-results/match-centre-elite?matchId=913023&competitionId=209&seasonId=2013#stats,913023,209,2013,England,away,Haskell,,3,3,,,2,,,,
https://www.englandrugby.com/fixtures-and-results/match-centre-elite?matchId=913023&competitionId=209&seasonId=2013#stats,913023,209,2013,England,away,Parling,,,3,,,,,1,,
https://www.englandrugby.com/fixtures-and-results/match-centre-elite?matchId=913023&competitionId=209&seasonId=2013#stats,913023,209,2013,England,away,Launchbury,,4,4,1,,,,,,
https://www.englandrugby.com/fixtures-and-results/match-centre-elite?matchId=913023&competitionId=209&seasonId=2013#stats,913023,209,2013,England,away,Cole,,,2,,,1,,,,
https://www.englandrugby.com/fixtures-and-results/match-centre-elite?matchId=913023&competitionId=209&seasonId=2013#stats,913023,209,2013,England,away,Youngs,,2,3,,,,,,,
https://www.englandrugby.com/fixtures-and-results/match-centre-elite?matchId=913023&competitionId=209&seasonId=2013#stats,913023,209,2013,England,away,Marler,,1,1,,,,,,,
https://www.englandrugby.com/fixtures-and-results/match-centre-elite?matchId=913023&competitionId=209&seasonId=2013#stats,913023,209,2013,England,away,Hartley,,,1,,,,,,,
https://www.englandrugby.com/fixtures-and-results/match-centre-elite?matchId=913023&competitionId=209&seasonId=2013#stats,913023,209,2013,England,away,Wilson,,,,,,,,,,
https://www.englandrugby.com/fixtures-and-results/match-centre-elite?matchId=913023&competitionId=209&seasonId=2013#stats,913023,209,2013,England,away,Vunipola,,,,,,,,,,
https://www.englandrugby.com/fixtures-and-results/match-centre-elite?matchId=913023&competitionId=209&seasonId=2013#stats,913023,209,2013,England,away,Lawes,,,,,,,,,,
https://www.englandrugby.com/fixtures-and-results/match-centre-elite?matchId=913023&competitionId=209&seasonId=2013#stats,913023,209,2013,England,away,Waldrom,,,1,,,,,,,
https://www.englandrugby.com/fixtures-and-results/match-centre-elite?matchId=913023&competitionId=209&seasonId=2013#stats,913023,209,2013,England,away,Care,,,,,,,,,,
https://www.englandrugby.com/fixtures-and-results/match-centre-elite?matchId=913023&competitionId=209&seasonId=2013#stats,913023,209,2013,England,away,Flood,,,,,,,,,,
https://www.englandrugby.com/fixtures-and-results/match-centre-elite?matchId=913023&competitionId=209&seasonId=2013#stats,913023,209,2013,England,away,Tuilagi,,,,,,,,1,,
